#Generated with 3dcityloader.com
mtllib materials.mtl
v 372.035354 512.577851 18.191765
vt 0.321799 0.941176
v 368.034974 530.598087 17.467453
vt 0.318339 0.974265
v 368.034974 522.589094 17.648262
vt 0.318339 0.959559
v 544.051700 344.388982 25.040939
vt 0.470588 0.632353
v 592.056262 344.388982 22.635521
vt 0.512111 0.632353
v 596.056642 388.438448 25.312157
vt 0.515571 0.713235
v 58.005512 230.260820 30.657265
vt 0.050173 0.422794
v 52.004942 186.211354 30.602036
vt 0.044983 0.341912
v 112.010644 210.238336 31.540482
vt 0.096886 0.386029
v 196.018627 274.310286 28.527908
vt 0.169550 0.503676
v 218.020718 286.323777 28.382530
vt 0.188581 0.525735
v 174.016536 302.341764 26.355453
vt 0.150519 0.555147
v 156.014826 248.281056 29.455635
vt 0.134948 0.455882
v 172.016346 232.263069 28.393478
vt 0.148789 0.426471
v 624.059303 30.035975 21.886665
vt 0.539792 0.055147
v 664.063105 0.002248 16.716202
vt 0.574394 0.000000
v 664.063105 10.013491 17.267570
vt 0.574394 0.018382
v 114.010834 412.465429 26.697792
vt 0.098616 0.757353
v 176.016727 418.472174 25.351837
vt 0.152249 0.768382
v 156.014826 440.496907 26.457520
vt 0.134948 0.808824
v 578.054931 274.310286 23.307037
vt 0.500000 0.503676
v 386.036684 440.496907 25.582764
vt 0.333910 0.808824
v 416.039535 436.492410 27.113777
vt 0.359862 0.801471
v 410.038965 458.517143 26.790749
vt 0.354671 0.841912
v 662.062914 220.249578 23.768753
vt 0.572664 0.404412
v 658.062534 238.269814 22.789352
vt 0.569204 0.437500
v 630.059873 254.287801 21.865051
vt 0.544983 0.466912
v 560.053221 20.024733 21.565460
vt 0.484429 0.036765
v 520.049419 2.004497 20.568039
vt 0.449827 0.003676
v 520.049419 0.002248 20.424271
vt 0.449827 0.000000
v 720.068427 54.062957 18.230064
vt 0.622837 0.099265
v 710.067476 22.026981 16.934364
vt 0.614187 0.040441
v 802.076220 0.002248 10.586830
vt 0.693772 0.000000
v 362.034403 302.341764 24.864899
vt 0.313149 0.555147
v 342.032503 278.314783 25.143929
vt 0.295848 0.511029
v 368.034974 282.319280 27.960464
vt 0.318339 0.518382
v 574.054551 498.562112 18.036140
vt 0.496540 0.915441
v 562.053411 518.584597 17.062592
vt 0.486159 0.952206
v 538.051130 510.575603 18.937454
vt 0.465398 0.937500
v 314.029842 510.575603 21.588943
vt 0.271626 0.937500
v 362.034403 454.512646 24.442787
vt 0.313149 0.834559
v 370.035164 480.541876 21.773232
vt 0.320069 0.882353
v 232.022049 420.474423 25.474792
vt 0.200692 0.772059
v 282.026800 376.424957 23.208328
vt 0.243945 0.691176
v 284.026990 454.512646 24.574638
vt 0.245675 0.834559
v 510.048469 356.402472 29.137390
vt 0.441176 0.654412
v 518.049229 384.433951 29.676132
vt 0.448097 0.705882
v 482.045808 368.415963 28.632538
vt 0.416955 0.676471
v 458.043527 454.512646 28.615356
vt 0.396194 0.834559
v 442.042006 44.051714 28.152679
vt 0.382353 0.080882
v 424.040296 0.002248 25.594894
vt 0.366782 0.000000
v 438.041626 6.008994 25.811264
vt 0.378893 0.011029
v 252.023949 102.116919 28.274055
vt 0.217993 0.187500
v 252.023949 64.074199 28.379890
vt 0.217993 0.117647
v 284.026990 54.062957 29.709679
vt 0.245675 0.099265
v 350.033263 412.465429 24.287987
vt 0.302768 0.757353
v 114.010834 490.553118 26.502144
vt 0.098616 0.900735
v 62.005892 442.499156 28.071129
vt 0.053633 0.812500
v 872.082872 174.197863 18.406967
vt 0.754325 0.319853
v 924.087814 150.170882 15.449928
vt 0.799308 0.275735
v 898.085343 206.233839 16.463707
vt 0.776817 0.378676
v 568.053981 460.519392 22.025627
vt 0.491349 0.845588
v 830.078881 512.577851 13.378075
vt 0.717993 0.941176
v 872.082872 512.577851 14.556885
vt 0.754325 0.941176
v 844.080211 544.613827 11.662155
vt 0.730104 1.000000
v 1018.096748 410.463180 16.371864
vt 0.880623 0.753676
v 960.091235 422.476671 17.305641
vt 0.830450 0.775735
v 992.094277 374.422708 17.915878
vt 0.858131 0.687500
v 692.065766 114.130410 19.415886
vt 0.598616 0.209559
v 654.062154 96.110174 19.393486
vt 0.565744 0.176471
v 882.083823 370.418211 21.612152
vt 0.762976 0.680147
v 940.089335 302.341764 18.735893
vt 0.813149 0.555147
v 940.089335 370.418211 19.653389
vt 0.813149 0.680147
v 520.049419 20.024733 21.547798
vt 0.449827 0.036765
v 486.046188 30.035975 25.060471
vt 0.420415 0.055147
v 482.045808 10.013491 22.665581
vt 0.416955 0.018382
v 844.080211 234.265317 19.522720
vt 0.730104 0.430147
v 806.076600 188.213603 19.697365
vt 0.697232 0.345588
v 634.060253 512.577851 17.292755
vt 0.548443 0.941176
v 648.061584 544.613827 17.459755
vt 0.560554 1.000000
v 430.040866 516.582348 19.311424
vt 0.371972 0.948529
v 442.042006 478.539628 25.316025
vt 0.382353 0.878676
v 32.003041 112.128162 33.195045
vt 0.027682 0.205882
v 0.000000 196.222596 35.840065
vt 0.000000 0.360294
v 0.000000 88.101180 33.452576
vt 0.000000 0.161765
v 0.000000 0.002248 27.477898
vt 0.000000 0.000000
v 56.005322 34.040472 29.141960
vt 0.048443 0.062500
v 22.002091 40.047217 30.934250
vt 0.019031 0.073529
v 1078.102450 384.433951 15.496323
vt 0.932526 0.705882
v 1054.100169 336.379988 14.549713
vt 0.911765 0.617647
v 1074.102070 344.388982 13.452156
vt 0.929066 0.632353
v 42.003992 58.067453 30.544075
vt 0.036332 0.106618
v 62.005892 112.128162 31.397568
vt 0.053633 0.205882
v 520.049419 68.078696 26.316101
vt 0.449827 0.125000
v 538.051130 30.035975 23.190750
vt 0.465398 0.055147
v 596.056642 64.074199 23.673943
vt 0.515571 0.117647
v 408.038775 212.240584 33.658272
vt 0.352941 0.389706
v 348.033073 202.229342 31.535034
vt 0.301038 0.371324
v 374.035544 168.191118 30.353523
vt 0.323529 0.308824
v 234.022239 184.209106 27.536232
vt 0.202422 0.338235
v 194.018437 186.211354 29.560898
vt 0.167820 0.341912
v 220.020908 134.152895 28.242157
vt 0.190311 0.246324
v 238.022619 494.557615 21.253349
vt 0.205882 0.908088
v 448.042577 16.020236 26.524231
vt 0.387543 0.029412
v 556.052841 230.260820 26.498329
vt 0.480969 0.422794
v 520.049419 230.260820 26.354279
vt 0.449827 0.422794
v 520.049419 196.222596 27.496300
vt 0.449827 0.360294
v 466.044287 336.379988 26.618912
vt 0.403114 0.617647
v 448.042577 396.447441 25.422951
vt 0.387543 0.727941
v 414.039345 370.418211 21.617653
vt 0.358131 0.680147
v 500.047518 246.278808 28.558952
vt 0.432526 0.452206
v 540.051320 246.278808 25.317978
vt 0.467128 0.452206
v 510.048469 272.308037 28.271576
vt 0.441176 0.500000
v 1054.100169 510.575603 14.622169
vt 0.911765 0.937500
v 940.089335 454.512646 18.588814
vt 0.813149 0.834559
v 848.080591 488.550870 15.810867
vt 0.733564 0.897059
v 854.081162 430.485665 20.684631
vt 0.738754 0.790441
v 880.083633 464.523889 17.704674
vt 0.761246 0.852941
v 770.073178 508.573354 14.570930
vt 0.666090 0.933824
v 812.077170 478.539628 17.480453
vt 0.702422 0.878676
v 744.070708 444.501404 22.462730
vt 0.643599 0.816176
v 786.074699 416.469926 22.977127
vt 0.679931 0.764706
v 784.074509 464.523889 17.317719
vt 0.678201 0.852941
v 780.074129 266.301292 20.546928
vt 0.674740 0.488971
v 804.076410 288.326025 20.597809
vt 0.695502 0.529412
v 752.071468 320.362000 19.427193
vt 0.650519 0.588235
v 94.008933 494.557615 29.075546
vt 0.081315 0.908088
v 28.002661 248.281056 35.305969
vt 0.024221 0.455882
v 42.003992 234.265317 32.255508
vt 0.036332 0.430147
v 42.003992 244.276559 32.889061
vt 0.036332 0.448529
v 802.076220 544.613827 11.829750
vt 0.693772 1.000000
v 688.065385 512.577851 16.450996
vt 0.595156 0.941176
v 464.044097 544.613827 14.590431
vt 0.401384 1.000000
v 478.045428 512.577851 17.289497
vt 0.413495 0.941176
v 620.058923 414.467677 23.223549
vt 0.536332 0.761029
v 596.056642 416.469926 25.774719
vt 0.515571 0.764706
v 634.060253 464.523889 21.208603
vt 0.548443 0.852941
v 114.010834 110.125913 32.453087
vt 0.098616 0.202206
v 18.001711 240.272062 37.300980
vt 0.015571 0.441176
v 0.000000 250.283305 38.710037
vt 0.000000 0.459559
v 476.045238 382.431702 27.762840
vt 0.411765 0.702206
v 500.047518 430.485665 29.071144
vt 0.432526 0.790441
v 510.048469 468.528385 26.083130
vt 0.441176 0.860294
v 486.046188 458.517143 28.246918
vt 0.420415 0.841912
v 778.073939 484.546373 15.876602
vt 0.673010 0.889706
v 734.069757 492.555367 17.841057
vt 0.634948 0.904412
v 674.064055 334.377739 18.260529
vt 0.583045 0.613971
v 668.063485 392.442944 21.453796
vt 0.577855 0.720588
v 606.057592 382.431702 23.198944
vt 0.524221 0.702206
v 0.000000 362.409218 38.541267
vt 0.000000 0.665441
v 46.004372 320.362000 36.416428
vt 0.039792 0.588235
v 52.004942 340.384485 34.062775
vt 0.044983 0.625000
v 196.018627 0.002248 26.564316
vt 0.169550 0.000000
v 150.014256 30.035975 32.413116
vt 0.129758 0.055147
v 132.012545 0.002248 30.671356
vt 0.114187 0.000000
v 328.031172 188.213603 29.408661
vt 0.283737 0.345588
v 328.031172 240.272062 27.395691
vt 0.283737 0.441176
v 276.026230 202.229342 26.613220
vt 0.238754 0.371324
v 1018.096748 358.404721 15.226364
vt 0.880623 0.658088
v 1114.105871 494.557615 10.345688
vt 0.963668 0.908088
v 1108.105301 542.611578 9.937454
vt 0.958478 0.996324
v 692.065766 398.449690 23.607361
vt 0.598616 0.731618
v 676.064245 412.465429 24.213516
vt 0.584775 0.757353
v 562.053411 440.496907 26.257889
vt 0.486159 0.808824
v 604.057402 444.501404 23.642303
vt 0.522491 0.816176
v 596.056642 2.004497 22.081200
vt 0.515571 0.003676
v 654.062154 110.125913 20.097488
vt 0.565744 0.202206
v 634.060253 106.121416 22.540810
vt 0.548443 0.194853
v 104.009884 354.400224 30.403625
vt 0.089965 0.650735
v 132.012545 362.409218 27.777840
vt 0.114187 0.665441
v 40.003801 478.539628 30.560303
vt 0.034602 0.878676
v 80.007603 528.595839 29.557663
vt 0.069204 0.970588
v 0.000000 544.613827 28.868965
vt 0.000000 1.000000
v 80.007603 382.431702 31.552773
vt 0.069204 0.702206
v 60.005702 392.442944 32.073219
vt 0.051903 0.720588
v 56.005322 368.415963 33.959572
vt 0.048443 0.676471
v 424.040296 530.598087 17.855896
vt 0.366782 0.974265
v 42.003992 378.427205 33.167717
vt 0.036332 0.694853
v 1102.104731 130.148398 7.225708
vt 0.953287 0.238971
v 1140.108342 136.155143 5.056931
vt 0.986159 0.250000
v 1118.106251 190.215851 6.442467
vt 0.967128 0.349265
v 1064.101119 434.490162 16.363297
vt 0.920415 0.797794
v 1126.107012 434.490162 12.019600
vt 0.974048 0.797794
v 422.040106 196.222596 31.778534
vt 0.365052 0.360294
v 442.042006 262.296795 31.715858
vt 0.382353 0.481618
v 510.048469 40.047217 24.570869
vt 0.441176 0.073529
v 496.047138 62.071950 25.783432
vt 0.429066 0.113971
v 668.063485 34.040472 17.473801
vt 0.577855 0.062500
v 606.057592 96.110174 22.859024
vt 0.524221 0.176471
v 520.049419 8.011242 20.811172
vt 0.449827 0.014706
v 200.019007 84.096683 28.876808
vt 0.173010 0.154412
v 312.029652 98.112422 30.660324
vt 0.269896 0.180147
v 260.024710 144.164137 29.713882
vt 0.224913 0.264706
v 808.076790 158.179876 17.600006
vt 0.698962 0.290441
v 792.075269 144.164137 17.695412
vt 0.685121 0.264706
v 820.077930 126.143901 17.464867
vt 0.709343 0.231618
v 888.084393 6.008994 11.063179
vt 0.768166 0.011029
v 886.084203 2.004497 10.759415
vt 0.766436 0.003676
v 930.088384 0.002248 9.320053
vt 0.804498 0.000000
v 1036.098458 188.213603 9.406387
vt 0.896194 0.345588
v 992.094277 170.193367 14.087006
vt 0.858131 0.312500
v 1054.100169 164.186621 9.549759
vt 0.911765 0.301471
v 286.027181 278.314783 23.556107
vt 0.247405 0.511029
v 234.022239 356.402472 24.491882
vt 0.202422 0.654412
v 1032.098078 0.002248 2.705780
vt 0.892734 0.000000
v 988.093897 20.024733 5.738083
vt 0.854671 0.036765
v 1048.099599 54.062957 6.011574
vt 0.906574 0.099265
v 1072.101880 88.101180 6.432716
vt 0.927336 0.161765
v 1046.099409 114.130410 6.832878
vt 0.904844 0.209559
v 1012.096177 210.238336 11.820457
vt 0.875433 0.386029
v 884.084013 206.233839 17.263306
vt 0.764706 0.378676
v 892.084773 226.256323 18.301697
vt 0.771626 0.415441
v 974.092566 224.254075 14.537872
vt 0.842561 0.411765
v 750.071278 364.411466 21.753983
vt 0.648789 0.669118
v 718.068237 402.454187 23.753799
vt 0.621107 0.738971
v 696.066146 368.415963 18.836838
vt 0.602076 0.676471
v 692.065766 184.209106 23.334465
vt 0.598616 0.338235
v 734.069757 130.148398 20.483192
vt 0.634948 0.238971
v 748.071088 178.202360 21.661987
vt 0.647059 0.327206
v 846.080401 110.125913 15.240540
vt 0.731834 0.202206
v 898.085343 120.137155 13.735283
vt 0.776817 0.220588
v 868.082492 20.024733 10.572807
vt 0.750865 0.036765
v 94.008933 544.613827 28.796234
vt 0.081315 1.000000
v 214.020338 534.602584 21.287064
vt 0.185121 0.981618
v 304.028891 544.613827 20.169395
vt 0.262976 1.000000
v 214.020338 544.613827 21.118294
vt 0.185121 1.000000
v 162.015396 456.514895 24.923965
vt 0.140138 0.838235
v 190.018057 524.591342 23.885155
vt 0.164360 0.963235
v 190.018057 544.613827 23.980408
vt 0.164360 1.000000
v 524.049799 458.517143 26.144821
vt 0.453287 0.841912
v 544.051700 450.508149 24.430321
vt 0.470588 0.827206
v 520.049419 474.535131 23.146004
vt 0.449827 0.871324
v 556.052841 402.454187 27.731117
vt 0.480969 0.738971
v 850.080781 278.314783 20.432274
vt 0.735294 0.511029
v 900.085533 284.321528 20.624344
vt 0.778547 0.522059
v 954.090665 264.299044 16.891335
vt 0.825260 0.485294
v 926.088004 282.319280 17.943710
vt 0.801038 0.518382
v 94.008933 540.609330 28.860474
vt 0.081315 0.992647
v 1156.109863 284.321528 10.568108
vt 1.000000 0.522059
v 1132.107582 456.514895 10.390488
vt 0.979239 0.838235
v 462.043907 0.002248 24.646942
vt 0.399654 0.000000
v 462.043907 2.004497 24.949776
vt 0.399654 0.003676
v 386.036684 20.024733 25.416145
vt 0.333910 0.036765
v 386.036684 34.040472 26.179306
vt 0.333910 0.062500
v 366.034784 36.042721 27.596367
vt 0.316609 0.066176
v 940.089335 106.121416 12.480644
vt 0.813149 0.194853
v 986.093706 140.159640 12.555565
vt 0.852941 0.257353
v 1026.097508 30.035975 6.168991
vt 0.887543 0.055147
v 332.031552 54.062957 29.508041
vt 0.287197 0.099265
v 382.036304 92.105677 30.455757
vt 0.330450 0.169118
v 502.047709 318.359752 28.470116
vt 0.434256 0.584559
v 450.042767 306.346261 28.355133
vt 0.389273 0.562500
v 472.044857 270.305789 28.579758
vt 0.408304 0.496324
v 348.033073 244.276559 29.891815
vt 0.301038 0.448529
v 234.022239 226.256323 26.357613
vt 0.202422 0.415441
v 218.020718 206.233839 28.465546
vt 0.188581 0.378676
v 926.088004 58.067453 10.024239
vt 0.801038 0.106618
v 900.085533 16.020236 11.701782
vt 0.778547 0.029412
v 1136.107962 110.125913 2.887520
vt 0.982699 0.202206
v 1130.107392 84.096683 3.439682
vt 0.977509 0.154412
v 1006.095607 130.148398 11.448875
vt 0.870242 0.238971
v 1122.106631 16.020236 0.777618
vt 0.970588 0.029412
v 1156.109863 0.002248 0.061943
vt 1.000000 0.000000
v 382.036304 458.517143 25.210197
vt 0.330450 0.841912
v 382.036304 392.442944 22.388657
vt 0.330450 0.720588
v 380.036114 350.395727 22.609993
vt 0.328720 0.643382
v 424.040296 406.458684 23.765495
vt 0.366782 0.746324
v 270.025660 16.020236 28.588158
vt 0.233564 0.029412
v 208.019768 22.026981 28.664528
vt 0.179931 0.040441
v 1156.109863 96.110174 1.100723
vt 1.000000 0.176471
v 194.018437 352.397975 26.526222
vt 0.167820 0.647059
v 138.013115 344.388982 26.386330
vt 0.119377 0.632353
v 194.018437 396.447441 26.581161
vt 0.167820 0.727941
v 1078.102450 30.035975 4.381058
vt 0.932526 0.055147
v 1084.103020 58.067453 3.911613
vt 0.937716 0.106618
v 628.059683 444.501404 23.246300
vt 0.543253 0.816176
v 674.064055 440.496907 24.423958
vt 0.583045 0.808824
v 1156.109863 544.613827 10.457497
vt 1.000000 1.000000
v 382.036304 244.276559 32.671616
vt 0.330450 0.448529
v 334.031742 258.292298 27.405540
vt 0.288927 0.474265
v 166.015776 72.083193 32.296120
vt 0.143599 0.132353
v 442.042006 174.197863 31.629333
vt 0.382353 0.319853
v 520.049419 122.139404 26.276489
vt 0.449827 0.224265
v 476.045238 88.101180 28.815720
vt 0.411765 0.161765
v 434.041246 154.175379 30.845154
vt 0.375433 0.283088
v 572.054361 140.159640 26.328590
vt 0.494810 0.257353
v 658.062534 510.575603 18.620705
vt 0.569204 0.937500
v 682.064815 492.555367 19.510254
vt 0.589965 0.904412
v 864.082112 248.281056 18.440254
vt 0.747405 0.455882
v 810.076980 362.409218 20.491096
vt 0.700692 0.665441
v 808.076790 406.458684 21.370529
vt 0.698962 0.746324
v 786.074699 394.445193 23.502014
vt 0.679931 0.724265
v 1060.100739 218.247329 9.141968
vt 0.916955 0.400735
v 1092.103780 240.272062 10.460030
vt 0.944637 0.441176
v 1070.101690 258.292298 10.359550
vt 0.925606 0.474265
v 1070.101690 152.173131 7.608643
vt 0.925606 0.279412
v 998.094847 100.114671 7.533333
vt 0.863322 0.183824
v 984.093516 120.137155 9.652588
vt 0.851211 0.220588
v 542.051510 420.474423 28.330666
vt 0.468858 0.772059
v 32.003041 216.245081 34.109474
vt 0.027682 0.397059
v 90.008553 240.272062 29.697983
vt 0.077855 0.441176
v 120.011404 288.326025 27.158119
vt 0.103806 0.529412
v 80.007603 254.287801 31.316833
vt 0.069204 0.466912
v 56.005322 302.341764 35.437683
vt 0.048443 0.555147
v 40.003801 302.341764 36.651443
vt 0.034602 0.555147
v 52.004942 286.323777 34.222366
vt 0.044983 0.525735
v 76.007223 360.406969 31.601044
vt 0.065744 0.661765
v 80.007603 344.388982 32.582367
vt 0.069204 0.632353
v 62.005892 54.062957 31.612900
vt 0.053633 0.099265
v 14.001331 190.215851 34.301826
vt 0.012111 0.349265
v 892.084773 68.078696 13.047012
vt 0.771626 0.125000
v 964.091616 298.337267 15.964287
vt 0.833910 0.547794
v 1012.096177 282.319280 13.548775
vt 0.875433 0.518382
v 70.006653 330.373243 33.281471
vt 0.060554 0.606618
v 86.008173 320.362000 30.401573
vt 0.074394 0.588235
v 464.044097 536.604833 14.870720
vt 0.401384 0.985294
v 428.040676 540.609330 16.768097
vt 0.370242 0.992647
v 696.066146 478.539628 20.282257
vt 0.602076 0.878676
v 706.067096 488.550870 17.850716
vt 0.610727 0.897059
v 686.065195 434.490162 24.787231
vt 0.593426 0.797794
v 878.083442 496.559864 17.260864
vt 0.759516 0.911765
v 744.070708 284.321528 19.174110
vt 0.643599 0.522059
v 752.071468 248.281056 21.383636
vt 0.650519 0.455882
v 458.043527 488.550870 22.244789
vt 0.396194 0.897059
v 1108.105301 544.613827 9.937454
vt 0.958478 1.000000
v 1054.100169 544.613827 13.617577
vt 0.911765 1.000000
v 784.074509 72.083193 15.388931
vt 0.678201 0.132353
v 806.076600 78.089938 15.967278
vt 0.697232 0.143382
v 724.068807 246.278808 20.174606
vt 0.626298 0.452206
v 692.065766 216.245081 21.705551
vt 0.598616 0.397059
v 658.062534 130.148398 22.476227
vt 0.569204 0.238971
v 812.077170 250.283305 19.270546
vt 0.702422 0.459559
v 846.080401 58.067453 12.423149
vt 0.731834 0.106618
v 822.078120 34.040472 11.181221
vt 0.711073 0.062500
v 848.080591 30.035975 12.213104
vt 0.733564 0.055147
v 964.091616 82.094435 8.156174
vt 0.833910 0.150735
v 940.089335 78.089938 11.085190
vt 0.813149 0.143382
v 950.090285 58.067453 8.951469
vt 0.821799 0.106618
v 872.082872 92.105677 15.374969
vt 0.754325 0.169118
v 458.043527 402.454187 28.583664
vt 0.396194 0.738971
v 940.089335 544.613827 16.041954
vt 0.813149 1.000000
v 458.043527 148.168634 29.465309
vt 0.396194 0.272059
v 312.029652 42.049466 27.635544
vt 0.269896 0.077206
v 306.029081 62.071950 28.794395
vt 0.264706 0.113971
v 410.038965 272.308037 31.023018
vt 0.354671 0.500000
v 932.088574 244.276559 16.637688
vt 0.806228 0.448529
v 968.091996 240.272062 16.142052
vt 0.837370 0.441176
v 1110.105491 288.326025 11.565910
vt 0.960208 0.529412
v 1084.103020 268.303541 10.412941
vt 0.937716 0.492647
v 1036.098458 230.260820 10.425270
vt 0.896194 0.422794
v 1146.108912 196.222596 5.884842
vt 0.991349 0.360294
v 1030.097888 246.278808 13.166740
vt 0.891003 0.452206
v 998.094847 244.276559 13.304482
vt 0.863322 0.448529
v 1150.109293 164.186621 5.650902
vt 0.994810 0.301471
v 1078.102450 288.326025 12.914185
vt 0.932526 0.529412
v 66.006272 282.319280 32.664513
vt 0.057093 0.518382
v 56.005322 254.287801 33.864616
vt 0.048443 0.466912
v 348.033073 542.611578 17.769066
vt 0.301038 0.996324
v 314.029842 530.598087 20.559708
vt 0.271626 0.974265
v 982.093326 36.042721 7.410339
vt 0.849481 0.066176
v 530.050370 436.492410 26.652580
vt 0.458478 0.801471
v 968.091996 22.026981 8.190651
vt 0.837370 0.040441
v 1132.107582 306.346261 10.462868
vt 0.979239 0.562500
v 192.018247 432.487913 24.594139
vt 0.166090 0.794118
v 696.066146 2.004497 16.724594
vt 0.602076 0.003676
v 596.056642 0.002248 21.697792
vt 0.515571 0.000000
v 458.043527 422.476671 29.380722
vt 0.396194 0.775735
v 488.046378 478.539628 25.363571
vt 0.422145 0.878676
v 918.087244 422.476671 18.352127
vt 0.794118 0.775735
v 714.067856 286.323777 20.402069
vt 0.617647 0.525735
v 674.064055 254.287801 20.735268
vt 0.583045 0.466912
v 638.060634 182.206857 25.559875
vt 0.551903 0.334559
v 396.037635 306.346261 28.120216
vt 0.342561 0.562500
v 378.035924 324.366497 24.920204
vt 0.326990 0.595588
v 1040.098838 290.328274 13.545654
vt 0.899654 0.533088
v 346.032883 330.373243 23.317223
vt 0.299308 0.606618
v 390.037064 278.314783 28.790642
vt 0.337370 0.511029
v 310.029461 364.411466 24.542931
vt 0.268166 0.669118
v 858.081542 4.006745 9.422356
vt 0.742215 0.007353
v 858.081542 10.013491 9.720436
vt 0.742215 0.018382
v 840.079831 86.098932 14.075668
vt 0.726644 0.158088
v 114.010834 36.042721 32.395844
vt 0.098616 0.066176
v 100.009504 16.020236 31.629204
vt 0.086505 0.029412
v 100.009504 8.011242 30.924530
vt 0.086505 0.014706
v 80.007603 34.040472 30.105019
vt 0.069204 0.062500
v 658.062534 478.539628 21.323235
vt 0.569204 0.878676
v 46.004372 260.294547 35.039696
vt 0.039792 0.477941
v 80.007603 14.017988 29.182442
vt 0.069204 0.025735
v 80.007603 6.008994 28.943779
vt 0.069204 0.011029
v 800.076030 450.508149 18.717293
vt 0.692042 0.827206
v 1154.109673 154.175379 4.771606
vt 0.998270 0.283088
v 624.059303 126.143901 24.108398
vt 0.539792 0.231618
v 644.061204 120.137155 21.680138
vt 0.557093 0.220588
v 458.043527 478.539628 25.223602
vt 0.396194 0.878676
v 1152.109483 196.222596 5.601151
vt 0.996540 0.360294
v 826.078501 274.310286 19.335983
vt 0.714533 0.503676
v 1050.099789 28.033727 4.076202
vt 0.908304 0.051471
v 802.076220 542.611578 11.829750
vt 0.693772 0.996324
v 804.076410 430.485665 21.082779
vt 0.695502 0.790441
v 696.066146 0.002248 16.465134
vt 0.602076 0.000000
v 964.091616 338.382236 16.909935
vt 0.833910 0.621324
v 1012.096177 320.362000 13.530998
vt 0.875433 0.588235
v 1020.096938 236.267565 13.074814
vt 0.882353 0.433824
v 674.064055 464.523889 21.161598
vt 0.583045 0.852941
v 830.078881 282.319280 19.363525
vt 0.717993 0.518382
v 500.047518 136.155143 28.818024
vt 0.432526 0.250000
v 46.004372 358.404721 35.366539
vt 0.039792 0.658088
v 500.047518 492.555367 22.219170
vt 0.432526 0.904412
v 484.045998 398.449690 29.483055
vt 0.418685 0.731618
v 76.007223 402.454187 29.214806
vt 0.065744 0.738971
v 362.034403 26.031478 27.353622
vt 0.313149 0.047794
v 386.036684 14.017988 25.343155
vt 0.333910 0.025735
v 0.000000 544.613827 -5.000000
v 2.000190 544.613827 28.868965
vt 0.001730 1.000000
v 4.000380 544.613827 28.792015
vt 0.003460 1.000000
v 6.000570 544.613827 28.792015
vt 0.005190 1.000000
v 8.000760 544.613827 28.792015
vt 0.006920 1.000000
v 10.000950 544.613827 28.903275
vt 0.008651 1.000000
v 12.001140 544.613827 28.903275
vt 0.010381 1.000000
v 14.001331 544.613827 29.119408
vt 0.012111 1.000000
v 16.001521 544.613827 29.119408
vt 0.013841 1.000000
v 18.001711 544.613827 29.119408
vt 0.015571 1.000000
v 20.001901 544.613827 29.353004
vt 0.017301 1.000000
v 22.002091 544.613827 29.353004
vt 0.019031 1.000000
v 24.002281 544.613827 29.518761
vt 0.020761 1.000000
v 26.002471 544.613827 29.518761
vt 0.022491 1.000000
v 28.002661 544.613827 29.582825
vt 0.024221 1.000000
v 30.002851 544.613827 29.582825
vt 0.025952 1.000000
v 32.003041 544.613827 29.582825
vt 0.027682 1.000000
v 34.003231 544.613827 29.564407
vt 0.029412 1.000000
v 36.003421 544.613827 29.564407
vt 0.031142 1.000000
v 38.003611 544.613827 29.485146
vt 0.032872 1.000000
v 40.003801 544.613827 29.485146
vt 0.034602 1.000000
v 42.003992 544.613827 29.366676
vt 0.036332 1.000000
v 44.004182 544.613827 29.366676
vt 0.038062 1.000000
v 46.004372 544.613827 29.366676
vt 0.039792 1.000000
v 48.004562 544.613827 29.230865
vt 0.041522 1.000000
v 50.004752 544.613827 29.230865
vt 0.043253 1.000000
v 52.004942 544.613827 29.099777
vt 0.044983 1.000000
v 54.005132 544.613827 29.099777
vt 0.046713 1.000000
v 56.005322 544.613827 29.099777
vt 0.048443 1.000000
v 58.005512 544.613827 28.995483
vt 0.050173 1.000000
v 60.005702 544.613827 28.995483
vt 0.051903 1.000000
v 62.005892 544.613827 28.939209
vt 0.053633 1.000000
v 64.006082 544.613827 28.939209
vt 0.055363 1.000000
v 66.006272 544.613827 28.930283
vt 0.057093 1.000000
v 70.006653 544.613827 28.930283
vt 0.060554 1.000000
v 72.006843 544.613827 28.944916
vt 0.062284 1.000000
v 74.007033 544.613827 28.944916
vt 0.064014 1.000000
v 76.007223 544.613827 28.958199
vt 0.065744 1.000000
v 78.007413 544.613827 28.958199
vt 0.067474 1.000000
v 80.007603 544.613827 28.958199
vt 0.069204 1.000000
v 82.007793 544.613827 28.945633
vt 0.070934 1.000000
v 84.007983 544.613827 28.945633
vt 0.072664 1.000000
v 86.008173 544.613827 28.892830
vt 0.074394 1.000000
v 88.008363 544.613827 28.892830
vt 0.076125 1.000000
v 90.008553 544.613827 28.796234
vt 0.077855 1.000000
v 92.008743 544.613827 28.796234
vt 0.079585 1.000000
v 96.009124 544.613827 28.652832
vt 0.083045 1.000000
v 98.009314 544.613827 28.652832
vt 0.084775 1.000000
v 100.009504 544.613827 28.459900
vt 0.086505 1.000000
v 102.009694 544.613827 28.459900
vt 0.088235 1.000000
v 104.009884 544.613827 28.459900
vt 0.089965 1.000000
v 106.010074 544.613827 28.222763
vt 0.091696 1.000000
v 108.010264 544.613827 28.222763
vt 0.093426 1.000000
v 110.010454 544.613827 27.955414
vt 0.095156 1.000000
v 112.010644 544.613827 27.955414
vt 0.096886 1.000000
v 114.010834 544.613827 27.672318
vt 0.098616 1.000000
v 116.011024 544.613827 27.672318
vt 0.100346 1.000000
v 118.011214 544.613827 27.672318
vt 0.102076 1.000000
v 120.011404 544.613827 27.387672
vt 0.103806 1.000000
v 122.011595 544.613827 27.387672
vt 0.105536 1.000000
v 124.011785 544.613827 27.109482
vt 0.107266 1.000000
v 126.011975 544.613827 27.109482
vt 0.108997 1.000000
v 128.012165 544.613827 26.838921
vt 0.110727 1.000000
v 130.012355 544.613827 26.838921
vt 0.112457 1.000000
v 132.012545 544.613827 26.838921
vt 0.114187 1.000000
v 134.012735 544.613827 26.576828
vt 0.115917 1.000000
v 136.012925 544.613827 26.576828
vt 0.117647 1.000000
v 138.013115 544.613827 26.323906
vt 0.119377 1.000000
v 140.013305 544.613827 26.323906
vt 0.121107 1.000000
v 142.013495 544.613827 26.323906
vt 0.122837 1.000000
v 144.013685 544.613827 26.077629
vt 0.124567 1.000000
v 146.013875 544.613827 26.077629
vt 0.126298 1.000000
v 148.014065 544.613827 25.831871
vt 0.128028 1.000000
v 150.014256 544.613827 25.831871
vt 0.129758 1.000000
v 152.014446 544.613827 25.580299
vt 0.131488 1.000000
v 154.014636 544.613827 25.580299
vt 0.133218 1.000000
v 156.014826 544.613827 25.580299
vt 0.134948 1.000000
v 158.015016 544.613827 25.316978
vt 0.136678 1.000000
v 160.015206 544.613827 25.316978
vt 0.138408 1.000000
v 162.015396 544.613827 25.046471
vt 0.140138 1.000000
v 164.015586 544.613827 25.046471
vt 0.141869 1.000000
v 166.015776 544.613827 25.046471
vt 0.143599 1.000000
v 168.015966 544.613827 24.785217
vt 0.145329 1.000000
v 170.016156 544.613827 24.785217
vt 0.147059 1.000000
v 172.016346 544.613827 24.550247
vt 0.148789 1.000000
v 174.016536 544.613827 24.550247
vt 0.150519 1.000000
v 176.016727 544.613827 24.357407
vt 0.152249 1.000000
v 178.016917 544.613827 24.357407
vt 0.153979 1.000000
v 180.017107 544.613827 24.357407
vt 0.155709 1.000000
v 182.017297 544.613827 24.187294
vt 0.157439 1.000000
v 184.017487 544.613827 24.187294
vt 0.159170 1.000000
v 186.017677 544.613827 23.980408
vt 0.160900 1.000000
v 188.017867 544.613827 23.980408
vt 0.162630 1.000000
v 192.018247 544.613827 23.675072
vt 0.166090 1.000000
v 194.018437 544.613827 23.675072
vt 0.167820 1.000000
v 196.018627 544.613827 23.212242
vt 0.169550 1.000000
v 198.018817 544.613827 23.212242
vt 0.171280 1.000000
v 200.019007 544.613827 22.612083
vt 0.173010 1.000000
v 202.019197 544.613827 22.612083
vt 0.174740 1.000000
v 204.019388 544.613827 22.612083
vt 0.176471 1.000000
v 206.019578 544.613827 21.985909
vt 0.178201 1.000000
v 208.019768 544.613827 21.985909
vt 0.179931 1.000000
v 210.019958 544.613827 21.450111
vt 0.181661 1.000000
v 212.020148 544.613827 21.450111
vt 0.183391 1.000000
v 216.020528 544.613827 21.118294
vt 0.186851 1.000000
v 218.020718 544.613827 21.118294
vt 0.188581 1.000000
v 220.020908 544.613827 21.019173
vt 0.190311 1.000000
v 222.021098 544.613827 21.019173
vt 0.192042 1.000000
v 224.021288 544.613827 21.082466
vt 0.193772 1.000000
v 226.021478 544.613827 21.082466
vt 0.195502 1.000000
v 228.021668 544.613827 21.082466
vt 0.197232 1.000000
v 230.021859 544.613827 21.232300
vt 0.198962 1.000000
v 232.022049 544.613827 21.232300
vt 0.200692 1.000000
v 234.022239 544.613827 21.393494
vt 0.202422 1.000000
v 236.022429 544.613827 21.393494
vt 0.204152 1.000000
v 238.022619 544.613827 21.512444
vt 0.205882 1.000000
v 240.022809 544.613827 21.512444
vt 0.207612 1.000000
v 242.022999 544.613827 21.512444
vt 0.209343 1.000000
v 244.023189 544.613827 21.561012
vt 0.211073 1.000000
v 246.023379 544.613827 21.561012
vt 0.212803 1.000000
v 250.023759 544.613827 21.512535
vt 0.216263 1.000000
v 252.023949 544.613827 21.512535
vt 0.217993 1.000000
v 254.024139 544.613827 21.341660
vt 0.219723 1.000000
v 256.024329 544.613827 21.341660
vt 0.221453 1.000000
v 258.024520 544.613827 21.065941
vt 0.223183 1.000000
v 260.024710 544.613827 21.065941
vt 0.224913 1.000000
v 262.024900 544.613827 20.754173
vt 0.226644 1.000000
v 264.025090 544.613827 20.754173
vt 0.228374 1.000000
v 266.025280 544.613827 20.754173
vt 0.230104 1.000000
v 268.025470 544.613827 20.478142
vt 0.231834 1.000000
v 270.025660 544.613827 20.478142
vt 0.233564 1.000000
v 272.025850 544.613827 20.308029
vt 0.235294 1.000000
v 274.026040 544.613827 20.308029
vt 0.237024 1.000000
v 276.026230 544.613827 20.308029
vt 0.238754 1.000000
v 278.026420 544.613827 20.259651
vt 0.240484 1.000000
v 280.026610 544.613827 20.259651
vt 0.242215 1.000000
v 282.026800 544.613827 20.283096
vt 0.243945 1.000000
v 284.026990 544.613827 20.283096
vt 0.245675 1.000000
v 286.027181 544.613827 20.324524
vt 0.247405 1.000000
v 288.027371 544.613827 20.324524
vt 0.249135 1.000000
v 290.027561 544.613827 20.324524
vt 0.250865 1.000000
v 292.027751 544.613827 20.330902
vt 0.252595 1.000000
v 294.027941 544.613827 20.330902
vt 0.254325 1.000000
v 296.028131 544.613827 20.276566
vt 0.256055 1.000000
v 298.028321 544.613827 20.276566
vt 0.257785 1.000000
v 300.028511 544.613827 20.169395
vt 0.259516 1.000000
v 302.028701 544.613827 20.169395
vt 0.261246 1.000000
v 306.029081 544.613827 20.019302
vt 0.264706 1.000000
v 308.029271 544.613827 20.019302
vt 0.266436 1.000000
v 310.029461 544.613827 19.836067
vt 0.268166 1.000000
v 312.029652 544.613827 19.836067
vt 0.269896 1.000000
v 314.029842 544.613827 19.836067
vt 0.271626 1.000000
v 316.030032 544.613827 19.624718
vt 0.273356 1.000000
v 318.030222 544.613827 19.624718
vt 0.275087 1.000000
v 320.030412 544.613827 19.384361
vt 0.276817 1.000000
v 322.030602 544.613827 19.384361
vt 0.278547 1.000000
v 324.030792 544.613827 19.113747
vt 0.280277 1.000000
v 326.030982 544.613827 19.113747
vt 0.282007 1.000000
v 328.031172 544.613827 19.113747
vt 0.283737 1.000000
v 330.031362 544.613827 18.812035
vt 0.285467 1.000000
v 332.031552 544.613827 18.812035
vt 0.287197 1.000000
v 334.031742 544.613827 18.493378
vt 0.288927 1.000000
v 336.031932 544.613827 18.493378
vt 0.290657 1.000000
v 338.032122 544.613827 18.493378
vt 0.292388 1.000000
v 340.032313 544.613827 18.190727
vt 0.294118 1.000000
v 342.032503 544.613827 18.190727
vt 0.295848 1.000000
v 344.032693 544.613827 17.938217
vt 0.297578 1.000000
v 346.032883 544.613827 17.938217
vt 0.299308 1.000000
v 348.033073 544.613827 17.769066
vt 0.301038 1.000000
v 350.033263 544.613827 17.769066
vt 0.302768 1.000000
v 352.033453 544.613827 17.769066
vt 0.304498 1.000000
v 354.033643 544.613827 17.681534
vt 0.306228 1.000000
v 356.033833 544.613827 17.681534
vt 0.307958 1.000000
v 358.034023 544.613827 17.629547
vt 0.309689 1.000000
v 360.034213 544.613827 17.629547
vt 0.311419 1.000000
v 362.034403 544.613827 17.629547
vt 0.313149 1.000000
v 364.034593 544.613827 17.564140
vt 0.314879 1.000000
v 366.034784 544.613827 17.564140
vt 0.316609 1.000000
v 368.034974 544.613827 17.437485
vt 0.318339 1.000000
v 370.035164 544.613827 17.437485
vt 0.320069 1.000000
v 372.035354 544.613827 17.244019
vt 0.321799 1.000000
v 374.035544 544.613827 17.244019
vt 0.323529 1.000000
v 376.035734 544.613827 17.244019
vt 0.325260 1.000000
v 378.035924 544.613827 17.032562
vt 0.326990 1.000000
v 380.036114 544.613827 17.032562
vt 0.328720 1.000000
v 382.036304 544.613827 16.855522
vt 0.330450 1.000000
v 384.036494 544.613827 16.855522
vt 0.332180 1.000000
v 386.036684 544.613827 16.764175
vt 0.333910 1.000000
v 390.037064 544.613827 16.764175
vt 0.337370 1.000000
v 392.037254 544.613827 16.765770
vt 0.339100 1.000000
v 394.037445 544.613827 16.765770
vt 0.340830 1.000000
v 396.037635 544.613827 16.810204
vt 0.342561 1.000000
v 398.037825 544.613827 16.810204
vt 0.344291 1.000000
v 400.038015 544.613827 16.810204
vt 0.346021 1.000000
v 402.038205 544.613827 16.843521
vt 0.347751 1.000000
v 404.038395 544.613827 16.843521
vt 0.349481 1.000000
v 406.038585 544.613827 16.812721
vt 0.351211 1.000000
v 408.038775 544.613827 16.812721
vt 0.352941 1.000000
v 410.038965 544.613827 16.702454
vt 0.354671 1.000000
v 412.039155 544.613827 16.702454
vt 0.356401 1.000000
v 414.039345 544.613827 16.702454
vt 0.358131 1.000000
v 416.039535 544.613827 16.547050
vt 0.359862 1.000000
v 418.039725 544.613827 16.547050
vt 0.361592 1.000000
v 420.039916 544.613827 16.384239
vt 0.363322 1.000000
v 422.040106 544.613827 16.384239
vt 0.365052 1.000000
v 424.040296 544.613827 16.384239
vt 0.366782 1.000000
v 426.040486 544.613827 16.250954
vt 0.368512 1.000000
v 428.040676 544.613827 16.250954
vt 0.370242 1.000000
v 430.040866 544.613827 16.151756
vt 0.371972 1.000000
v 432.041056 544.613827 16.151756
vt 0.373702 1.000000
v 434.041246 544.613827 16.047989
vt 0.375433 1.000000
v 436.041436 544.613827 16.047989
vt 0.377163 1.000000
v 438.041626 544.613827 16.047989
vt 0.378893 1.000000
v 440.041816 544.613827 15.897995
vt 0.380623 1.000000
v 442.042006 544.613827 15.897995
vt 0.382353 1.000000
v 444.042196 544.613827 15.661186
vt 0.384083 1.000000
v 446.042386 544.613827 15.661186
vt 0.385813 1.000000
v 448.042577 544.613827 15.661186
vt 0.387543 1.000000
v 450.042767 544.613827 15.342934
vt 0.389273 1.000000
v 452.042957 544.613827 15.342934
vt 0.391003 1.000000
v 454.043147 544.613827 15.010696
vt 0.392734 1.000000
v 456.043337 544.613827 15.010696
vt 0.394464 1.000000
v 458.043527 544.613827 14.736343
vt 0.396194 1.000000
v 460.043717 544.613827 14.736343
vt 0.397924 1.000000
v 462.043907 544.613827 14.736343
vt 0.399654 1.000000
v 466.044287 544.613827 14.590431
vt 0.403114 1.000000
v 468.044477 544.613827 14.585754
vt 0.404844 1.000000
v 470.044667 544.613827 14.585754
vt 0.406574 1.000000
v 472.044857 544.613827 14.656090
vt 0.408304 1.000000
v 474.045048 544.613827 14.656090
vt 0.410035 1.000000
v 476.045238 544.613827 14.656090
vt 0.411765 1.000000
v 478.045428 544.613827 14.729530
vt 0.413495 1.000000
v 480.045618 544.613827 14.729530
vt 0.415225 1.000000
v 482.045808 544.613827 14.735451
vt 0.416955 1.000000
v 484.045998 544.613827 14.735451
vt 0.418685 1.000000
v 486.046188 544.613827 14.735451
vt 0.420415 1.000000
v 488.046378 544.613827 14.662369
vt 0.422145 1.000000
v 490.046568 544.613827 14.662369
vt 0.423875 1.000000
v 492.046758 544.613827 14.580696
vt 0.425606 1.000000
v 494.046948 544.613827 14.580696
vt 0.427336 1.000000
v 496.047138 544.613827 14.566864
vt 0.429066 1.000000
v 498.047328 544.613827 14.566864
vt 0.430796 1.000000
v 500.047518 544.613827 14.566864
vt 0.432526 1.000000
v 502.047709 544.613827 14.695915
vt 0.434256 1.000000
v 504.047899 544.613827 14.695915
vt 0.435986 1.000000
v 506.048089 544.613827 14.977737
vt 0.437716 1.000000
v 508.048279 544.613827 14.977737
vt 0.439446 1.000000
v 510.048469 544.613827 14.977737
vt 0.441176 1.000000
v 512.048659 544.613827 15.330811
vt 0.442907 1.000000
v 514.048849 544.613827 15.330811
vt 0.444637 1.000000
v 516.049039 544.613827 15.666794
vt 0.446367 1.000000
v 518.049229 544.613827 15.666794
vt 0.448097 1.000000
v 520.049419 544.613827 15.898422
vt 0.449827 1.000000
v 522.049609 544.613827 15.898422
vt 0.451557 1.000000
v 524.049799 544.613827 15.898422
vt 0.453287 1.000000
v 526.049989 544.613827 15.989594
vt 0.455017 1.000000
v 528.050180 544.613827 15.989594
vt 0.456747 1.000000
v 530.050370 544.613827 15.976929
vt 0.458478 1.000000
v 532.050560 544.613827 15.976929
vt 0.460208 1.000000
v 534.050750 544.613827 15.976929
vt 0.461938 1.000000
v 536.050940 544.613827 15.902588
vt 0.463668 1.000000
v 538.051130 544.613827 15.902588
vt 0.465398 1.000000
v 540.051320 544.613827 15.808586
vt 0.467128 1.000000
v 542.051510 544.613827 15.808586
vt 0.468858 1.000000
v 544.051700 544.613827 15.730736
vt 0.470588 1.000000
v 546.051890 544.613827 15.730736
vt 0.472318 1.000000
v 548.052080 544.613827 15.730736
vt 0.474048 1.000000
v 550.052270 544.613827 15.695915
vt 0.475779 1.000000
v 552.052460 544.613827 15.695915
vt 0.477509 1.000000
v 554.052650 544.613827 15.730278
vt 0.479239 1.000000
v 556.052841 544.613827 15.730278
vt 0.480969 1.000000
v 558.053031 544.613827 15.859528
vt 0.482699 1.000000
v 560.053221 544.613827 15.859528
vt 0.484429 1.000000
v 562.053411 544.613827 15.859528
vt 0.486159 1.000000
v 564.053601 544.613827 16.084373
vt 0.487889 1.000000
v 566.053791 544.613827 16.084373
vt 0.489619 1.000000
v 568.053981 544.613827 16.369209
vt 0.491349 1.000000
v 570.054171 544.613827 16.369209
vt 0.493080 1.000000
v 572.054361 544.613827 16.369209
vt 0.494810 1.000000
v 574.054551 544.613827 16.675545
vt 0.496540 1.000000
v 576.054741 544.613827 16.675545
vt 0.498270 1.000000
v 578.054931 544.613827 16.965111
vt 0.500000 1.000000
v 580.055121 544.613827 16.965111
vt 0.501730 1.000000
v 582.055312 544.613827 17.210739
vt 0.503460 1.000000
v 584.055502 544.613827 17.210739
vt 0.505190 1.000000
v 586.055692 544.613827 17.210739
vt 0.506920 1.000000
v 588.055882 544.613827 17.401672
vt 0.508651 1.000000
v 590.056072 544.613827 17.401672
vt 0.510381 1.000000
v 592.056262 544.613827 17.528442
vt 0.512111 1.000000
v 594.056452 544.613827 17.528442
vt 0.513841 1.000000
v 596.056642 544.613827 17.528442
vt 0.515571 1.000000
v 598.056832 544.613827 17.581886
vt 0.517301 1.000000
v 600.057022 544.613827 17.581886
vt 0.519031 1.000000
v 602.057212 544.613827 17.568214
vt 0.520761 1.000000
v 604.057402 544.613827 17.568214
vt 0.522491 1.000000
v 606.057592 544.613827 17.516617
vt 0.524221 1.000000
v 608.057782 544.613827 17.516617
vt 0.525952 1.000000
v 610.057973 544.613827 17.516617
vt 0.527682 1.000000
v 612.058163 544.613827 17.458160
vt 0.529412 1.000000
v 614.058353 544.613827 17.458160
vt 0.531142 1.000000
v 616.058543 544.613827 17.423584
vt 0.532872 1.000000
v 618.058733 544.613827 17.423584
vt 0.534602 1.000000
v 620.058923 544.613827 17.425529
vt 0.536332 1.000000
v 622.059113 544.613827 17.425529
vt 0.538062 1.000000
v 624.059303 544.613827 17.425529
vt 0.539792 1.000000
v 626.059493 544.613827 17.449265
vt 0.541522 1.000000
v 628.059683 544.613827 17.449265
vt 0.543253 1.000000
v 630.059873 544.613827 17.477783
vt 0.544983 1.000000
v 632.060063 544.613827 17.477783
vt 0.546713 1.000000
v 634.060253 544.613827 17.477783
vt 0.548443 1.000000
v 636.060444 544.613827 17.494186
vt 0.550173 1.000000
v 638.060634 544.613827 17.494186
vt 0.551903 1.000000
v 640.060824 544.613827 17.488220
vt 0.553633 1.000000
v 642.061014 544.613827 17.488220
vt 0.555363 1.000000
v 644.061204 544.613827 17.459755
vt 0.557093 1.000000
v 646.061394 544.613827 17.459755
vt 0.558824 1.000000
v 650.061774 544.613827 17.409538
vt 0.562284 1.000000
v 652.061964 544.613827 17.409538
vt 0.564014 1.000000
v 654.062154 544.613827 17.338341
vt 0.565744 1.000000
v 656.062344 544.613827 17.338341
vt 0.567474 1.000000
v 658.062534 544.613827 17.338341
vt 0.569204 1.000000
v 660.062724 544.613827 17.248711
vt 0.570934 1.000000
v 662.062914 544.613827 17.248711
vt 0.572664 1.000000
v 664.063105 544.613827 17.145966
vt 0.574394 1.000000
v 666.063295 544.613827 17.145966
vt 0.576125 1.000000
v 668.063485 544.613827 17.035645
vt 0.577855 1.000000
v 670.063675 544.613827 17.035645
vt 0.579585 1.000000
v 672.063865 544.613827 17.035645
vt 0.581315 1.000000
v 674.064055 544.613827 16.923195
vt 0.583045 1.000000
v 676.064245 544.613827 16.923195
vt 0.584775 1.000000
v 678.064435 544.613827 16.807037
vt 0.586505 1.000000
v 680.064625 544.613827 16.807037
vt 0.588235 1.000000
v 682.064815 544.613827 16.807037
vt 0.589965 1.000000
v 684.065005 544.613827 16.674591
vt 0.591696 1.000000
v 686.065195 544.613827 16.674591
vt 0.593426 1.000000
v 688.065385 544.613827 16.512314
vt 0.595156 1.000000
v 690.065576 544.613827 16.512314
vt 0.596886 1.000000
v 692.065766 544.613827 16.306870
vt 0.598616 1.000000
v 694.065956 544.613827 16.306870
vt 0.600346 1.000000
v 696.066146 544.613827 16.306870
vt 0.602076 1.000000
v 698.066336 544.613827 16.058975
vt 0.603806 1.000000
v 700.066526 544.613827 16.058975
vt 0.605536 1.000000
v 702.066716 544.613827 15.791687
vt 0.607266 1.000000
v 704.066906 544.613827 15.791687
vt 0.608997 1.000000
v 706.067096 544.613827 15.530029
vt 0.610727 1.000000
v 708.067286 544.613827 15.530029
vt 0.612457 1.000000
v 710.067476 544.613827 15.530029
vt 0.614187 1.000000
v 712.067666 544.613827 15.298851
vt 0.615917 1.000000
v 714.067856 544.613827 15.298851
vt 0.617647 1.000000
v 716.068046 544.613827 15.111786
vt 0.619377 1.000000
v 718.068237 544.613827 15.111786
vt 0.621107 1.000000
v 720.068427 544.613827 15.111786
vt 0.622837 1.000000
v 722.068617 544.613827 14.964348
vt 0.624567 1.000000
v 724.068807 544.613827 14.964348
vt 0.626298 1.000000
v 726.068997 544.613827 14.850426
vt 0.628028 1.000000
v 728.069187 544.613827 14.850426
vt 0.629758 1.000000
v 730.069377 544.613827 14.763786
vt 0.631488 1.000000
v 732.069567 544.613827 14.763786
vt 0.633218 1.000000
v 734.069757 544.613827 14.763786
vt 0.634948 1.000000
v 736.069947 544.613827 14.691078
vt 0.636678 1.000000
v 738.070137 544.613827 14.691078
vt 0.638408 1.000000
v 740.070327 544.613827 14.607315
vt 0.640138 1.000000
v 742.070517 544.613827 14.607315
vt 0.641869 1.000000
v 744.070708 544.613827 14.607315
vt 0.643599 1.000000
v 746.070898 544.613827 14.486420
vt 0.645329 1.000000
v 748.071088 544.613827 14.486420
vt 0.647059 1.000000
v 750.071278 544.613827 14.302666
vt 0.648789 1.000000
v 752.071468 544.613827 14.302666
vt 0.650519 1.000000
v 754.071658 544.613827 14.054283
vt 0.652249 1.000000
v 756.071848 544.613827 14.054283
vt 0.653979 1.000000
v 758.072038 544.613827 14.054283
vt 0.655709 1.000000
v 760.072228 544.613827 13.779060
vt 0.657439 1.000000
v 762.072418 544.613827 13.779060
vt 0.659170 1.000000
v 764.072608 544.613827 13.518478
vt 0.660900 1.000000
v 766.072798 544.613827 13.518478
vt 0.662630 1.000000
v 768.072988 544.613827 13.518478
vt 0.664360 1.000000
v 770.073178 544.613827 13.313599
vt 0.666090 1.000000
v 772.073369 544.613827 13.313599
vt 0.667820 1.000000
v 774.073559 544.613827 13.174095
vt 0.669550 1.000000
v 776.073749 544.613827 13.174095
vt 0.671280 1.000000
v 778.073939 544.613827 13.057205
vt 0.673010 1.000000
v 780.074129 544.613827 13.057205
vt 0.674740 1.000000
v 782.074319 544.613827 13.057205
vt 0.676471 1.000000
v 784.074509 544.613827 12.915154
vt 0.678201 1.000000
v 786.074699 544.613827 12.915154
vt 0.679931 1.000000
v 788.074889 544.613827 12.700691
vt 0.681661 1.000000
v 790.075079 544.613827 12.700691
vt 0.683391 1.000000
v 792.075269 544.613827 12.406685
vt 0.685121 1.000000
v 794.075459 544.613827 12.406685
vt 0.686851 1.000000
v 796.075649 544.613827 12.406685
vt 0.688581 1.000000
v 798.075840 544.613827 12.093925
vt 0.690311 1.000000
v 800.076030 544.613827 12.093925
vt 0.692042 1.000000
v 804.076410 544.613827 11.829750
vt 0.695502 1.000000
v 806.076600 544.613827 11.829750
vt 0.697232 1.000000
v 808.076790 544.613827 11.680946
vt 0.698962 1.000000
v 810.076980 544.613827 11.680946
vt 0.700692 1.000000
v 812.077170 544.613827 11.667969
vt 0.702422 1.000000
v 814.077360 544.613827 11.667969
vt 0.704152 1.000000
v 816.077550 544.613827 11.731873
vt 0.705882 1.000000
v 818.077740 544.613827 11.731873
vt 0.707612 1.000000
v 820.077930 544.613827 11.731873
vt 0.709343 1.000000
v 822.078120 544.613827 11.805923
vt 0.711073 1.000000
v 824.078310 544.613827 11.805923
vt 0.712803 1.000000
v 826.078501 544.613827 11.823929
vt 0.714533 1.000000
v 828.078691 544.613827 11.823929
vt 0.716263 1.000000
v 830.078881 544.613827 11.823929
vt 0.717993 1.000000
v 832.079071 544.613827 11.765396
vt 0.719723 1.000000
v 834.079261 544.613827 11.765396
vt 0.721453 1.000000
v 836.079451 544.613827 11.689209
vt 0.723183 1.000000
v 838.079641 544.613827 11.689209
vt 0.724913 1.000000
v 840.079831 544.613827 11.662155
vt 0.726644 1.000000
v 846.080401 544.613827 11.750580
vt 0.731834 1.000000
v 848.080591 544.613827 11.750580
vt 0.733564 1.000000
v 850.080781 544.613827 11.979263
vt 0.735294 1.000000
v 852.080971 544.613827 11.979263
vt 0.737024 1.000000
v 854.081162 544.613827 11.979263
vt 0.738754 1.000000
v 856.081352 544.613827 12.299950
vt 0.740484 1.000000
v 858.081542 544.613827 12.299950
vt 0.742215 1.000000
v 860.081732 544.613827 12.656967
vt 0.743945 1.000000
v 862.081922 544.613827 12.656967
vt 0.745675 1.000000
v 864.082112 544.613827 12.994919
vt 0.747405 1.000000
v 866.082302 544.613827 12.994919
vt 0.749135 1.000000
v 868.082492 544.613827 12.994919
vt 0.750865 1.000000
v 870.082682 544.613827 13.282585
vt 0.752595 1.000000
v 872.082872 544.613827 13.282585
vt 0.754325 1.000000
v 874.083062 544.613827 13.531883
vt 0.756055 1.000000
v 876.083252 544.613827 13.531883
vt 0.757785 1.000000
v 878.083442 544.613827 13.759155
vt 0.759516 1.000000
v 880.083633 544.613827 13.759155
vt 0.761246 1.000000
v 882.083823 544.613827 13.759155
vt 0.762976 1.000000
v 884.084013 544.613827 13.980713
vt 0.764706 1.000000
v 886.084203 544.613827 13.980713
vt 0.766436 1.000000
v 888.084393 544.613827 14.208252
vt 0.768166 1.000000
v 890.084583 544.613827 14.208252
vt 0.769896 1.000000
v 892.084773 544.613827 14.208252
vt 0.771626 1.000000
v 894.084963 544.613827 14.445168
vt 0.773356 1.000000
v 896.085153 544.613827 14.445168
vt 0.775087 1.000000
v 898.085343 544.613827 14.693985
vt 0.776817 1.000000
v 900.085533 544.613827 14.693985
vt 0.778547 1.000000
v 902.085723 544.613827 14.957138
vt 0.780277 1.000000
v 904.085913 544.613827 14.957138
vt 0.782007 1.000000
v 906.086103 544.613827 14.957138
vt 0.783737 1.000000
v 908.086294 544.613827 15.229362
vt 0.785467 1.000000
v 910.086484 544.613827 15.229362
vt 0.787197 1.000000
v 912.086674 544.613827 15.491310
vt 0.788927 1.000000
v 914.086864 544.613827 15.491310
vt 0.790657 1.000000
v 916.087054 544.613827 15.491310
vt 0.792388 1.000000
v 918.087244 544.613827 15.722115
vt 0.794118 1.000000
v 920.087434 544.613827 15.722115
vt 0.795848 1.000000
v 922.087624 544.613827 15.900993
vt 0.797578 1.000000
v 924.087814 544.613827 15.900993
vt 0.799308 1.000000
v 926.088004 544.613827 16.014175
vt 0.801038 1.000000
v 928.088194 544.613827 16.014175
vt 0.802768 1.000000
v 930.088384 544.613827 16.014175
vt 0.804498 1.000000
v 932.088574 544.613827 16.060944
vt 0.806228 1.000000
v 934.088765 544.613827 16.060944
vt 0.807958 1.000000
v 938.089145 544.613827 16.041954
vt 0.811419 1.000000
v 942.089525 544.613827 15.957993
vt 0.814879 1.000000
v 944.089715 544.613827 15.957993
vt 0.816609 1.000000
v 946.089905 544.613827 15.820229
vt 0.818339 1.000000
v 948.090095 544.613827 15.820229
vt 0.820069 1.000000
v 950.090285 544.613827 15.659363
vt 0.821799 1.000000
v 952.090475 544.613827 15.659363
vt 0.823529 1.000000
v 954.090665 544.613827 15.659363
vt 0.825260 1.000000
v 956.090855 544.613827 15.508247
vt 0.826990 1.000000
v 958.091045 544.613827 15.508247
vt 0.828720 1.000000
v 960.091235 544.613827 15.399582
vt 0.830450 1.000000
v 962.091426 544.613827 15.399582
vt 0.832180 1.000000
v 964.091616 544.613827 15.351006
vt 0.833910 1.000000
v 968.091996 544.613827 15.351006
vt 0.837370 1.000000
v 970.092186 544.613827 15.351509
vt 0.839100 1.000000
v 972.092376 544.613827 15.351509
vt 0.840830 1.000000
v 974.092566 544.613827 15.386887
vt 0.842561 1.000000
v 976.092756 544.613827 15.386887
vt 0.844291 1.000000
v 978.092946 544.613827 15.386887
vt 0.846021 1.000000
v 980.093136 544.613827 15.442902
vt 0.847751 1.000000
v 982.093326 544.613827 15.442902
vt 0.849481 1.000000
v 984.093516 544.613827 15.500435
vt 0.851211 1.000000
v 986.093706 544.613827 15.500435
vt 0.852941 1.000000
v 988.093897 544.613827 15.531021
vt 0.854671 1.000000
v 990.094087 544.613827 15.531021
vt 0.856401 1.000000
v 992.094277 544.613827 15.531021
vt 0.858131 1.000000
v 994.094467 544.613827 15.505135
vt 0.859862 1.000000
v 996.094657 544.613827 15.505135
vt 0.861592 1.000000
v 998.094847 544.613827 15.393417
vt 0.863322 1.000000
v 1000.095037 544.613827 15.393417
vt 0.865052 1.000000
v 1002.095227 544.613827 15.393417
vt 0.866782 1.000000
v 1004.095417 544.613827 15.188644
vt 0.868512 1.000000
v 1006.095607 544.613827 15.188644
vt 0.870242 1.000000
v 1008.095797 544.613827 14.926697
vt 0.871972 1.000000
v 1010.095987 544.613827 14.926697
vt 0.873702 1.000000
v 1012.096177 544.613827 14.648430
vt 0.875433 1.000000
v 1014.096367 544.613827 14.648430
vt 0.877163 1.000000
v 1016.096558 544.613827 14.648430
vt 0.878893 1.000000
v 1018.096748 544.613827 14.394577
vt 0.880623 1.000000
v 1020.096938 544.613827 14.394577
vt 0.882353 1.000000
v 1022.097128 544.613827 14.191643
vt 0.884083 1.000000
v 1024.097318 544.613827 14.191643
vt 0.885813 1.000000
v 1026.097508 544.613827 14.191643
vt 0.887543 1.000000
v 1028.097698 544.613827 14.038025
vt 0.889273 1.000000
v 1030.097888 544.613827 14.038025
vt 0.891003 1.000000
v 1032.098078 544.613827 13.928841
vt 0.892734 1.000000
v 1034.098268 544.613827 13.928841
vt 0.894464 1.000000
v 1036.098458 544.613827 13.859116
vt 0.896194 1.000000
v 1038.098648 544.613827 13.859116
vt 0.897924 1.000000
v 1040.098838 544.613827 13.859116
vt 0.899654 1.000000
v 1042.099029 544.613827 13.811829
vt 0.901384 1.000000
v 1044.099219 544.613827 13.811829
vt 0.903114 1.000000
v 1046.099409 544.613827 13.745956
vt 0.904844 1.000000
v 1048.099599 544.613827 13.745956
vt 0.906574 1.000000
v 1050.099789 544.613827 13.617577
vt 0.908304 1.000000
v 1052.099979 544.613827 13.617577
vt 0.910035 1.000000
v 1056.100359 544.613827 13.383026
vt 0.913495 1.000000
v 1058.100549 544.613827 13.383026
vt 0.915225 1.000000
v 1060.100739 544.613827 13.030777
vt 0.916955 1.000000
v 1062.100929 544.613827 13.030777
vt 0.918685 1.000000
v 1064.101119 544.613827 13.030777
vt 0.920415 1.000000
v 1066.101309 544.613827 12.614471
vt 0.922145 1.000000
v 1068.101499 544.613827 12.614471
vt 0.923875 1.000000
v 1070.101690 544.613827 12.195618
vt 0.925606 1.000000
v 1072.101880 544.613827 12.195618
vt 0.927336 1.000000
v 1074.102070 544.613827 11.835487
vt 0.929066 1.000000
v 1076.102260 544.613827 11.835487
vt 0.930796 1.000000
v 1078.102450 544.613827 11.835487
vt 0.932526 1.000000
v 1080.102640 544.613827 11.562294
vt 0.934256 1.000000
v 1082.102830 544.613827 11.562294
vt 0.935986 1.000000
v 1084.103020 544.613827 11.336372
vt 0.937716 1.000000
v 1086.103210 544.613827 11.336372
vt 0.939446 1.000000
v 1088.103400 544.613827 11.336372
vt 0.941176 1.000000
v 1090.103590 544.613827 11.109711
vt 0.942907 1.000000
v 1092.103780 544.613827 11.109711
vt 0.944637 1.000000
v 1094.103970 544.613827 10.834557
vt 0.946367 1.000000
v 1096.104161 544.613827 10.834557
vt 0.948097 1.000000
v 1098.104351 544.613827 10.500664
vt 0.949827 1.000000
v 1100.104541 544.613827 10.500664
vt 0.951557 1.000000
v 1102.104731 544.613827 10.500664
vt 0.953287 1.000000
v 1104.104921 544.613827 10.175797
vt 0.955017 1.000000
v 1106.105111 544.613827 10.175797
vt 0.956747 1.000000
v 1110.105491 544.613827 9.937454
vt 0.960208 1.000000
v 1112.105681 544.613827 9.937454
vt 0.961938 1.000000
v 1114.105871 544.613827 9.862801
vt 0.963668 1.000000
v 1116.106061 544.613827 9.862801
vt 0.965398 1.000000
v 1118.106251 544.613827 9.977982
vt 0.967128 1.000000
v 1120.106441 544.613827 9.977982
vt 0.968858 1.000000
v 1122.106631 544.613827 10.201614
vt 0.970588 1.000000
v 1124.106822 544.613827 10.201614
vt 0.972318 1.000000
v 1126.107012 544.613827 10.201614
vt 0.974048 1.000000
v 1128.107202 544.613827 10.438713
vt 0.975779 1.000000
v 1130.107392 544.613827 10.438713
vt 0.977509 1.000000
v 1132.107582 544.613827 10.594559
vt 0.979239 1.000000
v 1134.107772 544.613827 10.594559
vt 0.980969 1.000000
v 1136.107962 544.613827 10.619789
vt 0.982699 1.000000
v 1138.108152 544.613827 10.619789
vt 0.984429 1.000000
v 1140.108342 544.613827 10.619789
vt 0.986159 1.000000
v 1142.108532 544.613827 10.561821
vt 0.987889 1.000000
v 1144.108722 544.613827 10.561821
vt 0.989619 1.000000
v 1146.108912 544.613827 10.480507
vt 0.991349 1.000000
v 1148.109102 544.613827 10.480507
vt 0.993080 1.000000
v 1150.109293 544.613827 10.480507
vt 0.994810 1.000000
v 1152.109483 544.613827 10.435539
vt 0.996540 1.000000
v 1154.109673 544.613827 10.435539
vt 0.998270 1.000000
v 1156.109863 544.613827 -5.000000
v 248.023569 544.613827 21.512535
vt 0.214533 1.000000
v 936.088955 544.613827 16.041954
vt 0.809689 1.000000
v 68.006463 544.613827 28.930283
vt 0.058824 1.000000
v 388.036874 544.613827 16.764175
vt 0.335640 1.000000
v 966.091806 544.613827 15.351006
vt 0.835640 1.000000
v 842.080021 544.613827 11.662155
vt 0.728374 1.000000
v 1156.109863 0.002248 -5.000000
v 0.000000 0.002248 -5.000000
v 4.000380 0.002248 27.434036
vt 0.003460 0.000000
v 2.000190 0.002248 27.477898
vt 0.001730 0.000000
v 6.000570 0.002248 27.434036
vt 0.005190 0.000000
v 10.000950 0.002248 27.379341
vt 0.008651 0.000000
v 8.000760 0.002248 27.434036
vt 0.006920 0.000000
v 14.001331 0.002248 27.353333
vt 0.012111 0.000000
v 12.001140 0.002248 27.379341
vt 0.010381 0.000000
v 18.001711 0.002248 27.353333
vt 0.015571 0.000000
v 16.001521 0.002248 27.353333
vt 0.013841 0.000000
v 22.002091 0.002248 27.396599
vt 0.019031 0.000000
v 20.001901 0.002248 27.396599
vt 0.017301 0.000000
v 26.002471 0.002248 27.547752
vt 0.022491 0.000000
v 24.002281 0.002248 27.547752
vt 0.020761 0.000000
v 30.002851 0.002248 27.797203
vt 0.025952 0.000000
v 28.002661 0.002248 27.797203
vt 0.024221 0.000000
v 32.003041 0.002248 27.797203
vt 0.027682 0.000000
v 36.003421 0.002248 28.085693
vt 0.031142 0.000000
v 34.003231 0.002248 28.085693
vt 0.029412 0.000000
v 40.003801 0.002248 28.351677
vt 0.034602 0.000000
v 38.003611 0.002248 28.351677
vt 0.032872 0.000000
v 44.004182 0.002248 28.535263
vt 0.038062 0.000000
v 42.003992 0.002248 28.535263
vt 0.036332 0.000000
v 46.004372 0.002248 28.535263
vt 0.039792 0.000000
v 50.004752 0.002248 28.617775
vt 0.043253 0.000000
v 48.004562 0.002248 28.617775
vt 0.041522 0.000000
v 54.005132 0.002248 28.623589
vt 0.046713 0.000000
v 52.004942 0.002248 28.623589
vt 0.044983 0.000000
v 58.005512 0.002248 28.579063
vt 0.050173 0.000000
v 56.005322 0.002248 28.623589
vt 0.048443 0.000000
v 62.005892 0.002248 28.510681
vt 0.053633 0.000000
v 60.005702 0.002248 28.579063
vt 0.051903 0.000000
v 66.006272 0.002248 28.447449
vt 0.057093 0.000000
v 64.006082 0.002248 28.510681
vt 0.055363 0.000000
v 70.006653 0.002248 28.447449
vt 0.060554 0.000000
v 68.006463 0.002248 28.447449
vt 0.058824 0.000000
v 74.007033 0.002248 28.421021
vt 0.064014 0.000000
v 78.007413 0.002248 28.463188
vt 0.067474 0.000000
v 76.007223 0.002248 28.463188
vt 0.065744 0.000000
v 80.007603 0.002248 28.463188
vt 0.069204 0.000000
v 84.007983 0.002248 28.604515
vt 0.072664 0.000000
v 82.007793 0.002248 28.604515
vt 0.070934 0.000000
v 88.008363 0.002248 28.843765
vt 0.076125 0.000000
v 86.008173 0.002248 28.843765
vt 0.074394 0.000000
v 92.008743 0.002248 29.145645
vt 0.079585 0.000000
v 90.008553 0.002248 29.145645
vt 0.077855 0.000000
v 94.008933 0.002248 29.145645
vt 0.081315 0.000000
v 98.009314 0.002248 29.473221
vt 0.084775 0.000000
v 96.009124 0.002248 29.473221
vt 0.083045 0.000000
v 102.009694 0.002248 29.790009
vt 0.088235 0.000000
v 100.009504 0.002248 29.790009
vt 0.086505 0.000000
v 104.009884 0.002248 29.790009
vt 0.089965 0.000000
v 108.010264 0.002248 30.072357
vt 0.093426 0.000000
v 106.010074 0.002248 30.072357
vt 0.091696 0.000000
v 112.010644 0.002248 30.310440
vt 0.096886 0.000000
v 110.010454 0.002248 30.310440
vt 0.095156 0.000000
v 116.011024 0.002248 30.495155
vt 0.100346 0.000000
v 114.010834 0.002248 30.495155
vt 0.098616 0.000000
v 118.011214 0.002248 30.495155
vt 0.102076 0.000000
v 122.011595 0.002248 30.617615
vt 0.105536 0.000000
v 120.011404 0.002248 30.617615
vt 0.103806 0.000000
v 126.011975 0.002248 30.675034
vt 0.108997 0.000000
v 124.011785 0.002248 30.675034
vt 0.107266 0.000000
v 130.012355 0.002248 30.671356
vt 0.112457 0.000000
v 134.012735 0.002248 30.610870
vt 0.115917 0.000000
v 138.013115 0.002248 30.497581
vt 0.119377 0.000000
v 136.012925 0.002248 30.610870
vt 0.117647 0.000000
v 142.013495 0.002248 30.497581
vt 0.122837 0.000000
v 140.013305 0.002248 30.497581
vt 0.121107 0.000000
v 144.013685 0.002248 30.327576
vt 0.124567 0.000000
v 148.014065 0.002248 30.088211
vt 0.128028 0.000000
v 146.013875 0.002248 30.327576
vt 0.126298 0.000000
v 152.014446 0.002248 29.766380
vt 0.131488 0.000000
v 150.014256 0.002248 30.088211
vt 0.129758 0.000000
v 156.014826 0.002248 29.766380
vt 0.134948 0.000000
v 154.014636 0.002248 29.766380
vt 0.133218 0.000000
v 158.015016 0.002248 29.349968
vt 0.136678 0.000000
v 162.015396 0.002248 28.855743
vt 0.140138 0.000000
v 160.015206 0.002248 29.349968
vt 0.138408 0.000000
v 166.015776 0.002248 28.855743
vt 0.143599 0.000000
v 164.015586 0.002248 28.855743
vt 0.141869 0.000000
v 168.015966 0.002248 28.332886
vt 0.145329 0.000000
v 172.016346 0.002248 27.832314
vt 0.148789 0.000000
v 170.016156 0.002248 28.332886
vt 0.147059 0.000000
v 176.016727 0.002248 27.404015
vt 0.152249 0.000000
v 174.016536 0.002248 27.832314
vt 0.150519 0.000000
v 180.017107 0.002248 27.404015
vt 0.155709 0.000000
v 178.016917 0.002248 27.404015
vt 0.153979 0.000000
v 182.017297 0.002248 27.071136
vt 0.157439 0.000000
v 186.017677 0.002248 26.826294
vt 0.160900 0.000000
v 184.017487 0.002248 27.071136
vt 0.159170 0.000000
v 190.018057 0.002248 26.826294
vt 0.164360 0.000000
v 188.017867 0.002248 26.826294
vt 0.162630 0.000000
v 192.018247 0.002248 26.660416
vt 0.166090 0.000000
v 194.018437 0.002248 26.660416
vt 0.167820 0.000000
v 200.019007 0.002248 26.524490
vt 0.173010 0.000000
v 198.018817 0.002248 26.564316
vt 0.171280 0.000000
v 202.019197 0.002248 26.524490
vt 0.174740 0.000000
v 206.019578 0.002248 26.522507
vt 0.178201 0.000000
v 204.019388 0.002248 26.524490
vt 0.176471 0.000000
v 208.019768 0.002248 26.522507
vt 0.179931 0.000000
v 212.020148 0.002248 26.539619
vt 0.183391 0.000000
v 210.019958 0.002248 26.539619
vt 0.181661 0.000000
v 216.020528 0.002248 26.557419
vt 0.186851 0.000000
v 214.020338 0.002248 26.557419
vt 0.185121 0.000000
v 218.020718 0.002248 26.557419
vt 0.188581 0.000000
v 222.021098 0.002248 26.566872
vt 0.192042 0.000000
v 220.020908 0.002248 26.566872
vt 0.190311 0.000000
v 226.021478 0.002248 26.569901
vt 0.195502 0.000000
v 224.021288 0.002248 26.569901
vt 0.193772 0.000000
v 230.021859 0.002248 26.569016
vt 0.198962 0.000000
v 228.021668 0.002248 26.569901
vt 0.197232 0.000000
v 234.022239 0.002248 26.566734
vt 0.202422 0.000000
v 232.022049 0.002248 26.569016
vt 0.200692 0.000000
v 238.022619 0.002248 26.564682
vt 0.205882 0.000000
v 236.022429 0.002248 26.566734
vt 0.204152 0.000000
v 240.022809 0.002248 26.564682
vt 0.207612 0.000000
v 244.023189 0.002248 26.563484
vt 0.211073 0.000000
v 242.022999 0.002248 26.564682
vt 0.209343 0.000000
v 246.023379 0.002248 26.563484
vt 0.212803 0.000000
v 250.023759 0.002248 26.563690
vt 0.216263 0.000000
v 248.023569 0.002248 26.563690
vt 0.214533 0.000000
v 252.023949 0.002248 26.563690
vt 0.217993 0.000000
v 256.024329 0.002248 26.565804
vt 0.221453 0.000000
v 254.024139 0.002248 26.565804
vt 0.219723 0.000000
v 260.024710 0.002248 26.568626
vt 0.224913 0.000000
v 258.024520 0.002248 26.568626
vt 0.223183 0.000000
v 264.025090 0.002248 26.568932
vt 0.228374 0.000000
v 262.024900 0.002248 26.568932
vt 0.226644 0.000000
v 268.025470 0.002248 26.563370
vt 0.231834 0.000000
v 266.025280 0.002248 26.568932
vt 0.230104 0.000000
v 272.025850 0.002248 26.548706
vt 0.235294 0.000000
v 270.025660 0.002248 26.563370
vt 0.233564 0.000000
v 276.026230 0.002248 26.548706
vt 0.238754 0.000000
v 274.026040 0.002248 26.548706
vt 0.237024 0.000000
v 278.026420 0.002248 26.526039
vt 0.240484 0.000000
v 282.026800 0.002248 26.501648
vt 0.243945 0.000000
v 280.026610 0.002248 26.526039
vt 0.242215 0.000000
v 286.027181 0.002248 26.482117
vt 0.247405 0.000000
v 284.026990 0.002248 26.501648
vt 0.245675 0.000000
v 288.027371 0.002248 26.482117
vt 0.249135 0.000000
v 292.027751 0.002248 26.473885
vt 0.252595 0.000000
v 290.027561 0.002248 26.482117
vt 0.250865 0.000000
v 294.027941 0.002248 26.473885
vt 0.254325 0.000000
v 298.028321 0.002248 26.477394
vt 0.257785 0.000000
v 296.028131 0.002248 26.477394
vt 0.256055 0.000000
v 302.028701 0.002248 26.485825
vt 0.261246 0.000000
v 300.028511 0.002248 26.485825
vt 0.259516 0.000000
v 304.028891 0.002248 26.485825
vt 0.262976 0.000000
v 308.029271 0.002248 26.491890
vt 0.266436 0.000000
v 306.029081 0.002248 26.491890
vt 0.264706 0.000000
v 310.029461 0.002248 26.488571
vt 0.268166 0.000000
v 314.029842 0.002248 26.488571
vt 0.271626 0.000000
v 312.029652 0.002248 26.488571
vt 0.269896 0.000000
v 316.030032 0.002248 26.477280
vt 0.273356 0.000000
v 320.030412 0.002248 26.469917
vt 0.276817 0.000000
v 318.030222 0.002248 26.477280
vt 0.275087 0.000000
v 322.030602 0.002248 26.469917
vt 0.278547 0.000000
v 326.030982 0.002248 26.479057
vt 0.282007 0.000000
v 324.030792 0.002248 26.479057
vt 0.280277 0.000000
v 328.031172 0.002248 26.479057
vt 0.283737 0.000000
v 332.031552 0.002248 26.516594
vt 0.287197 0.000000
v 330.031362 0.002248 26.516594
vt 0.285467 0.000000
v 336.031932 0.002248 26.570892
vt 0.290657 0.000000
v 334.031742 0.002248 26.570892
vt 0.288927 0.000000
v 338.032122 0.002248 26.570892
vt 0.292388 0.000000
v 342.032503 0.002248 26.600739
vt 0.295848 0.000000
v 340.032313 0.002248 26.600739
vt 0.294118 0.000000
v 344.032693 0.002248 26.563065
vt 0.297578 0.000000
v 348.033073 0.002248 26.416054
vt 0.301038 0.000000
v 346.032883 0.002248 26.563065
vt 0.299308 0.000000
v 350.033263 0.002248 26.416054
vt 0.302768 0.000000
v 354.033643 0.002248 26.164360
vt 0.306228 0.000000
v 352.033453 0.002248 26.416054
vt 0.304498 0.000000
v 358.034023 0.002248 25.871712
vt 0.309689 0.000000
v 356.033833 0.002248 26.164360
vt 0.307958 0.000000
v 360.034213 0.002248 25.871712
vt 0.311419 0.000000
v 364.034593 0.002248 25.605637
vt 0.314879 0.000000
v 362.034403 0.002248 25.871712
vt 0.313149 0.000000
v 368.034974 0.002248 25.432426
vt 0.318339 0.000000
v 366.034784 0.002248 25.605637
vt 0.316609 0.000000
v 372.035354 0.002248 25.371300
vt 0.321799 0.000000
v 370.035164 0.002248 25.432426
vt 0.320069 0.000000
v 376.035734 0.002248 25.371300
vt 0.325260 0.000000
v 380.036114 0.002248 25.380898
vt 0.328720 0.000000
v 378.035924 0.002248 25.380898
vt 0.326990 0.000000
v 384.036494 0.002248 25.415886
vt 0.332180 0.000000
v 382.036304 0.002248 25.415886
vt 0.330450 0.000000
v 388.036874 0.002248 25.431694
vt 0.335640 0.000000
v 386.036684 0.002248 25.431694
vt 0.333910 0.000000
v 392.037254 0.002248 25.414467
vt 0.339100 0.000000
v 390.037064 0.002248 25.431694
vt 0.337370 0.000000
v 396.037635 0.002248 25.390297
vt 0.342561 0.000000
v 394.037445 0.002248 25.414467
vt 0.340830 0.000000
v 398.037825 0.002248 25.390297
vt 0.344291 0.000000
v 402.038205 0.002248 25.387978
vt 0.347751 0.000000
v 400.038015 0.002248 25.390297
vt 0.346021 0.000000
v 404.038395 0.002248 25.387978
vt 0.349481 0.000000
v 408.038775 0.002248 25.435364
vt 0.352941 0.000000
v 406.038585 0.002248 25.435364
vt 0.351211 0.000000
v 412.039155 0.002248 25.523918
vt 0.356401 0.000000
v 410.038965 0.002248 25.523918
vt 0.354671 0.000000
v 414.039345 0.002248 25.523918
vt 0.358131 0.000000
v 418.039725 0.002248 25.597054
vt 0.361592 0.000000
v 416.039535 0.002248 25.597054
vt 0.359862 0.000000
v 420.039916 0.002248 25.594894
vt 0.363322 0.000000
v 422.040106 0.002248 25.594894
vt 0.365052 0.000000
v 426.040486 0.002248 25.459114
vt 0.368512 0.000000
v 430.040866 0.002248 25.194321
vt 0.371972 0.000000
v 428.040676 0.002248 25.459114
vt 0.370242 0.000000
v 434.041246 0.002248 24.889168
vt 0.375433 0.000000
v 432.041056 0.002248 25.194321
vt 0.373702 0.000000
v 438.041626 0.002248 24.889168
vt 0.378893 0.000000
v 436.041436 0.002248 24.889168
vt 0.377163 0.000000
v 440.041816 0.002248 24.638168
vt 0.380623 0.000000
v 444.042196 0.002248 24.533745
vt 0.384083 0.000000
v 442.042006 0.002248 24.638168
vt 0.382353 0.000000
v 448.042577 0.002248 24.533745
vt 0.387543 0.000000
v 452.042957 0.002248 24.579475
vt 0.391003 0.000000
v 450.042767 0.002248 24.579475
vt 0.389273 0.000000
v 456.043337 0.002248 24.658867
vt 0.394464 0.000000
v 454.043147 0.002248 24.658867
vt 0.392734 0.000000
v 458.043527 0.002248 24.646942
vt 0.396194 0.000000
v 460.043717 0.002248 24.646942
vt 0.397924 0.000000
v 464.044097 0.002248 24.420952
vt 0.401384 0.000000
v 468.044477 0.002248 23.957359
vt 0.404844 0.000000
v 466.044287 0.002248 24.420952
vt 0.403114 0.000000
v 472.044857 0.002248 23.368324
vt 0.408304 0.000000
v 470.044667 0.002248 23.957359
vt 0.406574 0.000000
v 476.045238 0.002248 23.368324
vt 0.411765 0.000000
v 474.045048 0.002248 23.368324
vt 0.410035 0.000000
v 478.045428 0.002248 22.775826
vt 0.413495 0.000000
v 482.045808 0.002248 22.300125
vt 0.416955 0.000000
v 480.045618 0.002248 22.775826
vt 0.415225 0.000000
v 484.045998 0.002248 22.300125
vt 0.418685 0.000000
v 488.046378 0.002248 21.985535
vt 0.422145 0.000000
v 486.046188 0.002248 22.300125
vt 0.420415 0.000000
v 492.046758 0.002248 21.771088
vt 0.425606 0.000000
v 490.046568 0.002248 21.985535
vt 0.423875 0.000000
v 496.047138 0.002248 21.588081
vt 0.429066 0.000000
v 494.046948 0.002248 21.771088
vt 0.427336 0.000000
v 498.047328 0.002248 21.588081
vt 0.430796 0.000000
v 502.047709 0.002248 21.368843
vt 0.434256 0.000000
v 500.047518 0.002248 21.588081
vt 0.432526 0.000000
v 506.048089 0.002248 21.093575
vt 0.437716 0.000000
v 504.047899 0.002248 21.368843
vt 0.435986 0.000000
v 508.048279 0.002248 21.093575
vt 0.439446 0.000000
v 512.048659 0.002248 20.809624
vt 0.442907 0.000000
v 510.048469 0.002248 21.093575
vt 0.441176 0.000000
v 516.049039 0.002248 20.569336
vt 0.446367 0.000000
v 514.048849 0.002248 20.809624
vt 0.444637 0.000000
v 518.049229 0.002248 20.569336
vt 0.448097 0.000000
v 522.049609 0.002248 20.424271
vt 0.451557 0.000000
v 526.049989 0.002248 20.386276
vt 0.455017 0.000000
v 524.049799 0.002248 20.424271
vt 0.453287 0.000000
v 528.050180 0.002248 20.386276
vt 0.456747 0.000000
v 532.050560 0.002248 20.410843
vt 0.460208 0.000000
v 530.050370 0.002248 20.410843
vt 0.458478 0.000000
v 534.050750 0.002248 20.410843
vt 0.461938 0.000000
v 538.051130 0.002248 20.449188
vt 0.465398 0.000000
v 536.050940 0.002248 20.449188
vt 0.463668 0.000000
v 542.051510 0.002248 20.453308
vt 0.468858 0.000000
v 540.051320 0.002248 20.453308
vt 0.467128 0.000000
v 544.051700 0.002248 20.414917
vt 0.470588 0.000000
v 548.052080 0.002248 20.414917
vt 0.474048 0.000000
v 546.051890 0.002248 20.414917
vt 0.472318 0.000000
v 552.052460 0.002248 20.382828
vt 0.477509 0.000000
v 556.052841 0.002248 20.410255
vt 0.480969 0.000000
v 554.052650 0.002248 20.410255
vt 0.479239 0.000000
v 560.053221 0.002248 20.549530
vt 0.484429 0.000000
v 558.053031 0.002248 20.549530
vt 0.482699 0.000000
v 562.053411 0.002248 20.549530
vt 0.486159 0.000000
v 566.053791 0.002248 20.806870
vt 0.489619 0.000000
v 564.053601 0.002248 20.806870
vt 0.487889 0.000000
v 570.054171 0.002248 21.121346
vt 0.493080 0.000000
v 568.053981 0.002248 21.121346
vt 0.491349 0.000000
v 572.054361 0.002248 21.121346
vt 0.494810 0.000000
v 576.054741 0.002248 21.426727
vt 0.498270 0.000000
v 574.054551 0.002248 21.426727
vt 0.496540 0.000000
v 580.055121 0.002248 21.657326
vt 0.501730 0.000000
v 578.054931 0.002248 21.657326
vt 0.500000 0.000000
v 584.055502 0.002248 21.775818
vt 0.505190 0.000000
v 582.055312 0.002248 21.775818
vt 0.503460 0.000000
v 586.055692 0.002248 21.775818
vt 0.506920 0.000000
v 590.056072 0.002248 21.786690
vt 0.510381 0.000000
v 588.055882 0.002248 21.786690
vt 0.508651 0.000000
v 592.056262 0.002248 21.697792
vt 0.512111 0.000000
v 594.056452 0.002248 21.697792
vt 0.513841 0.000000
v 598.056832 0.002248 21.517174
vt 0.517301 0.000000
v 602.057212 0.002248 21.264366
vt 0.520761 0.000000
v 600.057022 0.002248 21.517174
vt 0.519031 0.000000
v 606.057592 0.002248 20.975990
vt 0.524221 0.000000
v 604.057402 0.002248 21.264366
vt 0.522491 0.000000
v 608.057782 0.002248 20.975990
vt 0.525952 0.000000
v 612.058163 0.002248 20.690079
vt 0.529412 0.000000
v 610.057973 0.002248 20.975990
vt 0.527682 0.000000
v 616.058543 0.002248 20.444054
vt 0.532872 0.000000
v 614.058353 0.002248 20.690079
vt 0.531142 0.000000
v 620.058923 0.002248 20.241371
vt 0.536332 0.000000
v 618.058733 0.002248 20.444054
vt 0.534602 0.000000
v 624.059303 0.002248 20.241371
vt 0.539792 0.000000
v 622.059113 0.002248 20.241371
vt 0.538062 0.000000
v 626.059493 0.002248 20.034103
vt 0.541522 0.000000
v 630.059873 0.002248 19.770058
vt 0.544983 0.000000
v 628.059683 0.002248 20.034103
vt 0.543253 0.000000
v 632.060063 0.002248 19.770058
vt 0.546713 0.000000
v 636.060444 0.002248 19.397797
vt 0.550173 0.000000
v 634.060253 0.002248 19.770058
vt 0.548443 0.000000
v 640.060824 0.002248 18.909088
vt 0.553633 0.000000
v 638.060634 0.002248 19.397797
vt 0.551903 0.000000
v 644.061204 0.002248 18.361862
vt 0.557093 0.000000
v 642.061014 0.002248 18.909088
vt 0.555363 0.000000
v 646.061394 0.002248 18.361862
vt 0.558824 0.000000
v 650.061774 0.002248 17.819641
vt 0.562284 0.000000
v 648.061584 0.002248 18.361862
vt 0.560554 0.000000
v 654.062154 0.002248 17.345535
vt 0.565744 0.000000
v 652.061964 0.002248 17.819641
vt 0.564014 0.000000
v 656.062344 0.002248 17.345535
vt 0.567474 0.000000
v 660.062724 0.002248 16.977806
vt 0.570934 0.000000
v 658.062534 0.002248 17.345535
vt 0.569204 0.000000
v 662.062914 0.002248 16.977806
vt 0.572664 0.000000
v 668.063485 0.002248 16.557144
vt 0.577855 0.000000
v 666.063295 0.002248 16.716202
vt 0.576125 0.000000
v 670.063675 0.002248 16.557144
vt 0.579585 0.000000
v 674.064055 0.002248 16.496758
vt 0.583045 0.000000
v 672.063865 0.002248 16.557144
vt 0.581315 0.000000
v 676.064245 0.002248 16.496758
vt 0.584775 0.000000
v 680.064625 0.002248 16.511864
vt 0.588235 0.000000
v 678.064435 0.002248 16.511864
vt 0.586505 0.000000
v 682.064815 0.002248 16.511864
vt 0.589965 0.000000
v 686.065195 0.002248 16.548965
vt 0.593426 0.000000
v 684.065005 0.002248 16.548965
vt 0.591696 0.000000
v 690.065576 0.002248 16.551918
vt 0.596886 0.000000
v 688.065385 0.002248 16.551918
vt 0.595156 0.000000
v 694.065956 0.002248 16.465134
vt 0.600346 0.000000
v 698.066336 0.002248 16.268402
vt 0.603806 0.000000
v 702.066716 0.002248 15.997719
vt 0.607266 0.000000
v 700.066526 0.002248 16.268402
vt 0.605536 0.000000
v 706.067096 0.002248 15.694115
vt 0.610727 0.000000
v 704.066906 0.002248 15.997719
vt 0.608997 0.000000
v 710.067476 0.002248 15.694115
vt 0.614187 0.000000
v 708.067286 0.002248 15.694115
vt 0.612457 0.000000
v 712.067666 0.002248 15.398300
vt 0.615917 0.000000
v 716.068046 0.002248 15.132042
vt 0.619377 0.000000
v 714.067856 0.002248 15.398300
vt 0.617647 0.000000
v 720.068427 0.002248 15.132042
vt 0.622837 0.000000
v 718.068237 0.002248 15.132042
vt 0.621107 0.000000
v 722.068617 0.002248 14.886589
vt 0.624567 0.000000
v 726.068997 0.002248 14.650414
vt 0.628028 0.000000
v 724.068807 0.002248 14.886589
vt 0.626298 0.000000
v 730.069377 0.002248 14.412079
vt 0.631488 0.000000
v 728.069187 0.002248 14.650414
vt 0.629758 0.000000
v 734.069757 0.002248 14.412079
vt 0.634948 0.000000
v 732.069567 0.002248 14.412079
vt 0.633218 0.000000
v 736.069947 0.002248 14.165642
vt 0.636678 0.000000
v 740.070327 0.002248 13.914139
vt 0.640138 0.000000
v 738.070137 0.002248 14.165642
vt 0.638408 0.000000
v 744.070708 0.002248 13.914139
vt 0.643599 0.000000
v 742.070517 0.002248 13.914139
vt 0.641869 0.000000
v 746.070898 0.002248 13.661430
vt 0.645329 0.000000
v 750.071278 0.002248 13.411354
vt 0.648789 0.000000
v 748.071088 0.002248 13.661430
vt 0.647059 0.000000
v 754.071658 0.002248 13.166374
vt 0.652249 0.000000
v 752.071468 0.002248 13.411354
vt 0.650519 0.000000
v 758.072038 0.002248 13.166374
vt 0.655709 0.000000
v 756.071848 0.002248 13.166374
vt 0.653979 0.000000
v 760.072228 0.002248 12.926620
vt 0.657439 0.000000
v 764.072608 0.002248 12.692047
vt 0.660900 0.000000
v 762.072418 0.002248 12.926620
vt 0.659170 0.000000
v 766.072798 0.002248 12.692047
vt 0.662630 0.000000
v 770.073178 0.002248 12.462517
vt 0.666090 0.000000
v 768.072988 0.002248 12.692047
vt 0.664360 0.000000
v 774.073559 0.002248 12.233810
vt 0.669550 0.000000
v 772.073369 0.002248 12.462517
vt 0.667820 0.000000
v 778.073939 0.002248 11.994843
vt 0.673010 0.000000
v 776.073749 0.002248 12.233810
vt 0.671280 0.000000
v 780.074129 0.002248 11.994843
vt 0.674740 0.000000
v 784.074509 0.002248 11.733879
vt 0.678201 0.000000
v 782.074319 0.002248 11.994843
vt 0.676471 0.000000
v 788.074889 0.002248 11.439423
vt 0.681661 0.000000
v 786.074699 0.002248 11.733879
vt 0.679931 0.000000
v 792.075269 0.002248 11.120476
vt 0.685121 0.000000
v 790.075079 0.002248 11.439423
vt 0.683391 0.000000
v 794.075459 0.002248 11.120476
vt 0.686851 0.000000
v 798.075840 0.002248 10.820625
vt 0.690311 0.000000
v 796.075649 0.002248 11.120476
vt 0.688581 0.000000
v 800.076030 0.002248 10.820625
vt 0.692042 0.000000
v 804.076410 0.002248 10.586830
vt 0.695502 0.000000
v 808.076790 0.002248 10.465515
vt 0.698962 0.000000
v 806.076600 0.002248 10.586830
vt 0.697232 0.000000
v 812.077170 0.002248 10.460930
vt 0.702422 0.000000
v 810.076980 0.002248 10.465515
vt 0.700692 0.000000
v 814.077360 0.002248 10.460930
vt 0.704152 0.000000
v 818.077740 0.002248 10.505020
vt 0.707612 0.000000
v 816.077550 0.002248 10.505020
vt 0.705882 0.000000
v 820.077930 0.002248 10.505020
vt 0.709343 0.000000
v 824.078310 0.002248 10.522621
vt 0.712803 0.000000
v 822.078120 0.002248 10.522621
vt 0.711073 0.000000
v 826.078501 0.002248 10.439117
vt 0.714533 0.000000
v 830.078881 0.002248 10.439117
vt 0.717993 0.000000
v 828.078691 0.002248 10.439117
vt 0.716263 0.000000
v 832.079071 0.002248 10.227394
vt 0.719723 0.000000
v 836.079451 0.002248 9.942726
vt 0.723183 0.000000
v 834.079261 0.002248 10.227394
vt 0.721453 0.000000
v 840.079831 0.002248 9.648628
vt 0.726644 0.000000
v 838.079641 0.002248 9.942726
vt 0.724913 0.000000
v 844.080211 0.002248 9.648628
vt 0.730104 0.000000
v 842.080021 0.002248 9.648628
vt 0.728374 0.000000
v 846.080401 0.002248 9.408401
vt 0.731834 0.000000
v 850.080781 0.002248 9.267113
vt 0.735294 0.000000
v 848.080591 0.002248 9.408401
vt 0.733564 0.000000
v 854.081162 0.002248 9.267113
vt 0.738754 0.000000
v 852.080971 0.002248 9.267113
vt 0.737024 0.000000
v 858.081542 0.002248 9.237732
vt 0.742215 0.000000
v 862.081922 0.002248 9.329979
vt 0.745675 0.000000
v 860.081732 0.002248 9.329979
vt 0.743945 0.000000
v 866.082302 0.002248 9.553146
vt 0.749135 0.000000
v 864.082112 0.002248 9.553146
vt 0.747405 0.000000
v 868.082492 0.002248 9.553146
vt 0.750865 0.000000
v 872.082872 0.002248 9.879349
vt 0.754325 0.000000
v 870.082682 0.002248 9.879349
vt 0.752595 0.000000
v 876.083252 0.002248 10.214394
vt 0.757785 0.000000
v 874.083062 0.002248 10.214394
vt 0.756055 0.000000
v 880.083633 0.002248 10.457291
vt 0.761246 0.000000
v 878.083442 0.002248 10.457291
vt 0.759516 0.000000
v 882.083823 0.002248 10.457291
vt 0.762976 0.000000
v 886.084203 0.002248 10.507767
vt 0.766436 0.000000
v 884.084013 0.002248 10.507767
vt 0.764706 0.000000
v 890.084583 0.002248 10.335991
vt 0.769896 0.000000
v 894.084963 0.002248 10.039192
vt 0.773356 0.000000
v 892.084773 0.002248 10.335991
vt 0.771626 0.000000
v 898.085343 0.002248 9.727905
vt 0.776817 0.000000
v 896.085153 0.002248 10.039192
vt 0.775087 0.000000
v 902.085723 0.002248 9.512070
vt 0.780277 0.000000
v 900.085533 0.002248 9.727905
vt 0.778547 0.000000
v 906.086103 0.002248 9.512070
vt 0.783737 0.000000
v 904.085913 0.002248 9.512070
vt 0.782007 0.000000
v 910.086484 0.002248 9.441483
vt 0.787197 0.000000
v 914.086864 0.002248 9.456055
vt 0.790657 0.000000
v 912.086674 0.002248 9.456055
vt 0.788927 0.000000
v 916.087054 0.002248 9.456055
vt 0.792388 0.000000
v 920.087434 0.002248 9.483994
vt 0.795848 0.000000
v 918.087244 0.002248 9.483994
vt 0.794118 0.000000
v 922.087624 0.002248 9.453743
vt 0.797578 0.000000
v 926.088004 0.002248 9.320053
vt 0.801038 0.000000
v 924.087814 0.002248 9.453743
vt 0.799308 0.000000
v 928.088194 0.002248 9.320053
vt 0.802768 0.000000
v 932.088574 0.002248 9.086311
vt 0.806228 0.000000
v 936.088955 0.002248 8.761169
vt 0.809689 0.000000
v 934.088765 0.002248 9.086311
vt 0.807958 0.000000
v 938.089145 0.002248 8.761169
vt 0.811419 0.000000
v 942.089525 0.002248 8.353394
vt 0.814879 0.000000
v 940.089335 0.002248 8.761169
vt 0.813149 0.000000
v 946.089905 0.002248 7.882980
vt 0.818339 0.000000
v 944.089715 0.002248 8.353394
vt 0.816609 0.000000
v 950.090285 0.002248 7.390953
vt 0.821799 0.000000
v 948.090095 0.002248 7.882980
vt 0.820069 0.000000
v 952.090475 0.002248 7.390953
vt 0.823529 0.000000
v 956.090855 0.002248 6.920670
vt 0.826990 0.000000
v 954.090665 0.002248 7.390953
vt 0.825260 0.000000
v 960.091235 0.002248 6.515266
vt 0.830450 0.000000
v 958.091045 0.002248 6.920670
vt 0.828720 0.000000
v 964.091616 0.002248 6.194458
vt 0.833910 0.000000
v 962.091426 0.002248 6.515266
vt 0.832180 0.000000
v 966.091806 0.002248 6.194458
vt 0.835640 0.000000
v 970.092186 0.002248 5.933441
vt 0.839100 0.000000
v 968.091996 0.002248 6.194458
vt 0.837370 0.000000
v 974.092566 0.002248 5.702438
vt 0.842561 0.000000
v 972.092376 0.002248 5.933441
vt 0.840830 0.000000
v 976.092756 0.002248 5.702438
vt 0.844291 0.000000
v 980.093136 0.002248 5.471786
vt 0.847751 0.000000
v 978.092946 0.002248 5.702438
vt 0.846021 0.000000
v 984.093516 0.002248 5.224762
vt 0.851211 0.000000
v 982.093326 0.002248 5.471786
vt 0.849481 0.000000
v 988.093897 0.002248 4.969551
vt 0.854671 0.000000
v 986.093706 0.002248 5.224762
vt 0.852941 0.000000
v 992.094277 0.002248 4.969551
vt 0.858131 0.000000
v 990.094087 0.002248 4.969551
vt 0.856401 0.000000
v 994.094467 0.002248 4.717155
vt 0.859862 0.000000
v 998.094847 0.002248 4.478516
vt 0.863322 0.000000
v 996.094657 0.002248 4.717155
vt 0.861592 0.000000
v 1002.095227 0.002248 4.478516
vt 0.866782 0.000000
v 1000.095037 0.002248 4.478516
vt 0.865052 0.000000
v 1004.095417 0.002248 4.255791
vt 0.868512 0.000000
v 1008.095797 0.002248 4.034058
vt 0.871972 0.000000
v 1006.095607 0.002248 4.255791
vt 0.870242 0.000000
v 1012.096177 0.002248 3.796394
vt 0.875433 0.000000
v 1010.095987 0.002248 4.034058
vt 0.873702 0.000000
v 1016.096558 0.002248 3.796394
vt 0.878893 0.000000
v 1014.096367 0.002248 3.796394
vt 0.877163 0.000000
v 1018.096748 0.002248 3.526062
vt 0.880623 0.000000
v 1022.097128 0.002248 3.225838
vt 0.884083 0.000000
v 1020.096938 0.002248 3.526062
vt 0.882353 0.000000
v 1024.097318 0.002248 3.225838
vt 0.885813 0.000000
v 1028.097698 0.002248 2.937111
vt 0.889273 0.000000
v 1026.097508 0.002248 3.225838
vt 0.887543 0.000000
v 1030.097888 0.002248 2.937111
vt 0.891003 0.000000
v 1036.098458 0.002248 2.577469
vt 0.896194 0.000000
v 1034.098268 0.002248 2.705780
vt 0.894464 0.000000
v 1040.098838 0.002248 2.577469
vt 0.899654 0.000000
v 1038.098648 0.002248 2.577469
vt 0.897924 0.000000
v 1044.099219 0.002248 2.561058
vt 0.903114 0.000000
v 1048.099599 0.002248 2.591949
vt 0.906574 0.000000
v 1046.099409 0.002248 2.591949
vt 0.904844 0.000000
v 1052.099979 0.002248 2.596825
vt 0.910035 0.000000
v 1050.099789 0.002248 2.596825
vt 0.908304 0.000000
v 1056.100359 0.002248 2.502655
vt 0.913495 0.000000
v 1054.100169 0.002248 2.596825
vt 0.911765 0.000000
v 1060.100739 0.002248 2.280952
vt 0.916955 0.000000
v 1058.100549 0.002248 2.502655
vt 0.915225 0.000000
v 1062.100929 0.002248 2.280952
vt 0.918685 0.000000
v 1066.101309 0.002248 1.993378
vt 0.922145 0.000000
v 1064.101119 0.002248 2.280952
vt 0.920415 0.000000
v 1070.101690 0.002248 1.712517
vt 0.925606 0.000000
v 1068.101499 0.002248 1.993378
vt 0.923875 0.000000
v 1074.102070 0.002248 1.510696
vt 0.929066 0.000000
v 1072.101880 0.002248 1.712517
vt 0.927336 0.000000
v 1076.102260 0.002248 1.510696
vt 0.930796 0.000000
v 1080.102640 0.002248 1.425278
vt 0.934256 0.000000
v 1078.102450 0.002248 1.510696
vt 0.932526 0.000000
v 1084.103020 0.002248 1.421875
vt 0.937716 0.000000
v 1082.102830 0.002248 1.425278
vt 0.935986 0.000000
v 1088.103400 0.002248 1.421875
vt 0.941176 0.000000
v 1092.103780 0.002248 1.457260
vt 0.944637 0.000000
v 1090.103590 0.002248 1.457260
vt 0.942907 0.000000
v 1096.104161 0.002248 1.488342
vt 0.948097 0.000000
v 1094.103970 0.002248 1.488342
vt 0.946367 0.000000
v 1100.104541 0.002248 1.489578
vt 0.951557 0.000000
v 1098.104351 0.002248 1.489578
vt 0.949827 0.000000
v 1104.104921 0.002248 1.471931
vt 0.955017 0.000000
v 1102.104731 0.002248 1.489578
vt 0.953287 0.000000
v 1108.105301 0.002248 1.450935
vt 0.958478 0.000000
v 1106.105111 0.002248 1.471931
vt 0.956747 0.000000
v 1112.105681 0.002248 1.450935
vt 0.961938 0.000000
v 1110.105491 0.002248 1.450935
vt 0.960208 0.000000
v 1116.106061 0.002248 1.442017
vt 0.965398 0.000000
v 1120.106441 0.002248 1.448715
vt 0.968858 0.000000
v 1118.106251 0.002248 1.448715
vt 0.967128 0.000000
v 1124.106822 0.002248 1.449440
vt 0.972318 0.000000
v 1122.106631 0.002248 1.449440
vt 0.970588 0.000000
v 1128.107202 0.002248 1.419441
vt 0.975779 0.000000
v 1126.107012 0.002248 1.449440
vt 0.974048 0.000000
v 1132.107582 0.002248 1.334015
vt 0.979239 0.000000
v 1130.107392 0.002248 1.419441
vt 0.977509 0.000000
v 1136.107962 0.002248 1.178925
vt 0.982699 0.000000
v 1134.107772 0.002248 1.334015
vt 0.980969 0.000000
v 1140.108342 0.002248 1.178925
vt 0.986159 0.000000
v 1138.108152 0.002248 1.178925
vt 0.984429 0.000000
v 1142.108532 0.002248 0.962257
vt 0.987889 0.000000
v 1146.108912 0.002248 0.694969
vt 0.991349 0.000000
v 1144.108722 0.002248 0.962257
vt 0.989619 0.000000
v 1150.109293 0.002248 0.694969
vt 0.994810 0.000000
v 1148.109102 0.002248 0.694969
vt 0.993080 0.000000
v 1152.109483 0.002248 0.388054
vt 0.996540 0.000000
v 1154.109673 0.002248 0.388054
vt 0.998270 0.000000
v 72.006843 0.002248 28.421021
vt 0.062284 0.000000
v 128.012165 0.002248 30.671356
vt 0.110727 0.000000
v 550.052270 0.002248 20.382828
vt 0.475779 0.000000
v 692.065766 0.002248 16.465134
vt 0.598616 0.000000
v 856.081352 0.002248 9.237732
vt 0.740484 0.000000
v 888.084393 0.002248 10.335991
vt 0.768166 0.000000
v 908.086294 0.002248 9.441483
vt 0.785467 0.000000
v 1042.099029 0.002248 2.561058
vt 0.901384 0.000000
v 1114.105871 0.002248 1.442017
vt 0.963668 0.000000
v 446.042386 0.002248 24.533745
vt 0.385813 0.000000
v 1086.103210 0.002248 1.421875
vt 0.939446 0.000000
v 374.035544 0.002248 25.371300
vt 0.323529 0.000000
v 1156.109863 542.611578 10.457497
vt 1.000000 0.996324
v 1156.109863 540.609330 10.431450
vt 1.000000 0.992647
v 1156.109863 538.607081 10.431450
vt 1.000000 0.988971
v 1156.109863 536.604833 10.431450
vt 1.000000 0.985294
v 1156.109863 534.602584 10.405632
vt 1.000000 0.981618
v 1156.109863 532.600336 10.405632
vt 1.000000 0.977941
v 1156.109863 530.598087 10.394142
vt 1.000000 0.974265
v 1156.109863 526.593590 10.394142
vt 1.000000 0.966912
v 1156.109863 524.591342 10.396698
vt 1.000000 0.963235
v 1156.109863 522.589094 10.396698
vt 1.000000 0.959559
v 1156.109863 520.586845 10.406296
vt 1.000000 0.955882
v 1156.109863 518.584597 10.406296
vt 1.000000 0.952206
v 1156.109863 516.582348 10.415871
vt 1.000000 0.948529
v 1156.109863 514.580100 10.415871
vt 1.000000 0.944853
v 1156.109863 512.577851 10.415871
vt 1.000000 0.941176
v 1156.109863 510.575603 10.419243
vt 1.000000 0.937500
v 1156.109863 508.573354 10.419243
vt 1.000000 0.933824
v 1156.109863 506.571106 10.417015
vt 1.000000 0.930147
v 1156.109863 504.568858 10.417015
vt 1.000000 0.926471
v 1156.109863 502.566609 10.413010
vt 1.000000 0.922794
v 1156.109863 500.564361 10.413010
vt 1.000000 0.919118
v 1156.109863 498.562112 10.413010
vt 1.000000 0.915441
v 1156.109863 496.559864 10.411102
vt 1.000000 0.911765
v 1156.109863 494.557615 10.411102
vt 1.000000 0.908088
v 1156.109863 492.555367 10.414635
vt 1.000000 0.904412
v 1156.109863 490.553118 10.414635
vt 1.000000 0.900735
v 1156.109863 488.550870 10.414635
vt 1.000000 0.897059
v 1156.109863 486.548622 10.422974
vt 1.000000 0.893382
v 1156.109863 484.546373 10.422974
vt 1.000000 0.889706
v 1156.109863 482.544125 10.433533
vt 1.000000 0.886029
v 1156.109863 480.541876 10.433533
vt 1.000000 0.882353
v 1156.109863 478.539628 10.443733
vt 1.000000 0.878676
v 1156.109863 476.537379 10.443733
vt 1.000000 0.875000
v 1156.109863 474.535131 10.443733
vt 1.000000 0.871324
v 1156.109863 472.532882 10.451111
vt 1.000000 0.867647
v 1156.109863 470.530634 10.451111
vt 1.000000 0.863971
v 1156.109863 468.528385 10.454193
vt 1.000000 0.860294
v 1156.109863 466.526137 10.454193
vt 1.000000 0.856618
v 1156.109863 464.523889 10.454193
vt 1.000000 0.852941
v 1156.109863 462.521640 10.451958
vt 1.000000 0.849265
v 1156.109863 460.519392 10.451958
vt 1.000000 0.845588
v 1156.109863 458.517143 10.443405
vt 1.000000 0.841912
v 1156.109863 456.514895 10.443405
vt 1.000000 0.838235
v 1156.109863 454.512646 10.427887
vt 1.000000 0.834559
v 1156.109863 452.510398 10.427887
vt 1.000000 0.830882
v 1156.109863 450.508149 10.427887
vt 1.000000 0.827206
v 1156.109863 448.505901 10.407593
vt 1.000000 0.823529
v 1156.109863 446.503653 10.407593
vt 1.000000 0.819853
v 1156.109863 444.501404 10.386154
vt 1.000000 0.816176
v 1156.109863 442.499156 10.386154
vt 1.000000 0.812500
v 1156.109863 440.496907 10.367188
vt 1.000000 0.808824
v 1156.109863 438.494659 10.367188
vt 1.000000 0.805147
v 1156.109863 436.492410 10.367188
vt 1.000000 0.801471
v 1156.109863 434.490162 10.353989
vt 1.000000 0.797794
v 1156.109863 432.487913 10.353989
vt 1.000000 0.794118
v 1156.109863 430.485665 10.346931
vt 1.000000 0.790441
v 1156.109863 428.483416 10.346931
vt 1.000000 0.786765
v 1156.109863 426.481168 10.346931
vt 1.000000 0.783088
v 1156.109863 424.478920 10.344955
vt 1.000000 0.779412
v 1156.109863 422.476671 10.344955
vt 1.000000 0.775735
v 1156.109863 420.474423 10.347008
vt 1.000000 0.772059
v 1156.109863 418.472174 10.347008
vt 1.000000 0.768382
v 1156.109863 416.469926 10.351852
vt 1.000000 0.764706
v 1156.109863 414.467677 10.351852
vt 1.000000 0.761029
v 1156.109863 412.465429 10.351852
vt 1.000000 0.757353
v 1156.109863 410.463180 10.357033
vt 1.000000 0.753676
v 1156.109863 408.460932 10.357033
vt 1.000000 0.750000
v 1156.109863 406.458684 10.359451
vt 1.000000 0.746324
v 1156.109863 404.456435 10.359451
vt 1.000000 0.742647
v 1156.109863 402.454187 10.359451
vt 1.000000 0.738971
v 1156.109863 400.451938 10.356003
vt 1.000000 0.735294
v 1156.109863 398.449690 10.356003
vt 1.000000 0.731618
v 1156.109863 396.447441 10.344460
vt 1.000000 0.727941
v 1156.109863 394.445193 10.344460
vt 1.000000 0.724265
v 1156.109863 392.442944 10.330246
vt 1.000000 0.720588
v 1156.109863 390.440696 10.330246
vt 1.000000 0.716912
v 1156.109863 388.438448 10.330246
vt 1.000000 0.713235
v 1156.109863 386.436199 10.322693
vt 1.000000 0.709559
v 1156.109863 384.433951 10.322693
vt 1.000000 0.705882
v 1156.109863 382.431702 10.331184
vt 1.000000 0.702206
v 1156.109863 380.429454 10.331184
vt 1.000000 0.698529
v 1156.109863 378.427205 10.331184
vt 1.000000 0.694853
v 1156.109863 376.424957 10.362740
vt 1.000000 0.691176
v 1156.109863 374.422708 10.362740
vt 1.000000 0.687500
v 1156.109863 372.420460 10.403725
vt 1.000000 0.683824
v 1156.109863 370.418211 10.403725
vt 1.000000 0.680147
v 1156.109863 368.415963 10.429771
vt 1.000000 0.676471
v 1156.109863 366.413715 10.429771
vt 1.000000 0.672794
v 1156.109863 364.411466 10.429771
vt 1.000000 0.669118
v 1156.109863 362.409218 10.416397
vt 1.000000 0.665441
v 1156.109863 360.406969 10.416397
vt 1.000000 0.661765
v 1156.109863 358.404721 10.343719
vt 1.000000 0.658088
v 1156.109863 356.402472 10.343719
vt 1.000000 0.654412
v 1156.109863 354.400224 10.232750
vt 1.000000 0.650735
v 1156.109863 352.397975 10.232750
vt 1.000000 0.647059
v 1156.109863 350.395727 10.232750
vt 1.000000 0.643382
v 1156.109863 348.393479 10.126038
vt 1.000000 0.639706
v 1156.109863 346.391230 10.126038
vt 1.000000 0.636029
v 1156.109863 344.388982 10.066338
vt 1.000000 0.632353
v 1156.109863 340.384485 10.066338
vt 1.000000 0.625000
v 1156.109863 338.382236 10.090599
vt 1.000000 0.621324
v 1156.109863 336.379988 10.090599
vt 1.000000 0.617647
v 1156.109863 334.377739 10.183167
vt 1.000000 0.613971
v 1156.109863 332.375491 10.183167
vt 1.000000 0.610294
v 1156.109863 330.373243 10.300308
vt 1.000000 0.606618
v 1156.109863 328.370994 10.300308
vt 1.000000 0.602941
v 1156.109863 326.368746 10.300308
vt 1.000000 0.599265
v 1156.109863 324.366497 10.398026
vt 1.000000 0.595588
v 1156.109863 322.364249 10.398026
vt 1.000000 0.591912
v 1156.109863 320.362000 10.437653
vt 1.000000 0.588235
v 1156.109863 318.359752 10.437653
vt 1.000000 0.584559
v 1156.109863 316.357503 10.437653
vt 1.000000 0.580882
v 1156.109863 314.355255 10.429588
vt 1.000000 0.577206
v 1156.109863 312.353006 10.429588
vt 1.000000 0.573529
v 1156.109863 310.350758 10.410774
vt 1.000000 0.569853
v 1156.109863 308.348510 10.410774
vt 1.000000 0.566176
v 1156.109863 306.346261 10.418396
vt 1.000000 0.562500
v 1156.109863 304.344013 10.418396
vt 1.000000 0.558824
v 1156.109863 302.341764 10.418396
vt 1.000000 0.555147
v 1156.109863 300.339516 10.483032
vt 1.000000 0.551471
v 1156.109863 298.337267 10.483032
vt 1.000000 0.547794
v 1156.109863 296.335019 10.573204
vt 1.000000 0.544118
v 1156.109863 294.332770 10.573204
vt 1.000000 0.540441
v 1156.109863 292.330522 10.623489
vt 1.000000 0.536765
v 1156.109863 290.328274 10.623489
vt 1.000000 0.533088
v 1156.109863 288.326025 10.623489
vt 1.000000 0.529412
v 1156.109863 286.323777 10.568108
vt 1.000000 0.525735
v 1156.109863 282.319280 10.349915
vt 1.000000 0.518382
v 1156.109863 280.317031 10.349915
vt 1.000000 0.514706
v 1156.109863 278.314783 10.349915
vt 1.000000 0.511029
v 1156.109863 276.312534 9.994179
vt 1.000000 0.507353
v 1156.109863 274.310286 9.994179
vt 1.000000 0.503676
v 1156.109863 272.308037 9.571831
vt 1.000000 0.500000
v 1156.109863 270.305789 9.571831
vt 1.000000 0.496324
v 1156.109863 268.303541 9.154289
vt 1.000000 0.492647
v 1156.109863 266.301292 9.154289
vt 1.000000 0.488971
v 1156.109863 264.299044 9.154289
vt 1.000000 0.485294
v 1156.109863 262.296795 8.806793
vt 1.000000 0.481618
v 1156.109863 260.294547 8.806793
vt 1.000000 0.477941
v 1156.109863 258.292298 8.534584
vt 1.000000 0.474265
v 1156.109863 256.290050 8.534584
vt 1.000000 0.470588
v 1156.109863 254.287801 8.534584
vt 1.000000 0.466912
v 1156.109863 252.285553 8.309219
vt 1.000000 0.463235
v 1156.109863 250.283305 8.309219
vt 1.000000 0.459559
v 1156.109863 248.281056 8.101898
vt 1.000000 0.455882
v 1156.109863 246.278808 8.101898
vt 1.000000 0.452206
v 1156.109863 244.276559 7.885902
vt 1.000000 0.448529
v 1156.109863 242.274311 7.885902
vt 1.000000 0.444853
v 1156.109863 240.272062 7.885902
vt 1.000000 0.441176
v 1156.109863 238.269814 7.655258
vt 1.000000 0.437500
v 1156.109863 236.267565 7.655258
vt 1.000000 0.433824
v 1156.109863 234.265317 7.415794
vt 1.000000 0.430147
v 1156.109863 232.263069 7.415794
vt 1.000000 0.426471
v 1156.109863 230.260820 7.173439
vt 1.000000 0.422794
v 1156.109863 228.258572 7.173439
vt 1.000000 0.419118
v 1156.109863 226.256323 7.173439
vt 1.000000 0.415441
v 1156.109863 224.254075 6.933388
vt 1.000000 0.411765
v 1156.109863 222.251826 6.933388
vt 1.000000 0.408088
v 1156.109863 220.249578 6.693108
vt 1.000000 0.404412
v 1156.109863 218.247329 6.693108
vt 1.000000 0.400735
v 1156.109863 216.245081 6.693108
vt 1.000000 0.397059
v 1156.109863 214.242832 6.445641
vt 1.000000 0.393382
v 1156.109863 212.240584 6.445641
vt 1.000000 0.389706
v 1156.109863 210.238336 6.183960
vt 1.000000 0.386029
v 1156.109863 208.236087 6.183960
vt 1.000000 0.382353
v 1156.109863 206.233839 5.903091
vt 1.000000 0.378676
v 1156.109863 204.231590 5.903091
vt 1.000000 0.375000
v 1156.109863 202.229342 5.903091
vt 1.000000 0.371324
v 1156.109863 200.227093 5.618767
vt 1.000000 0.367647
v 1156.109863 198.224845 5.618767
vt 1.000000 0.363971
v 1156.109863 196.222596 5.358788
vt 1.000000 0.360294
v 1156.109863 194.220348 5.358788
vt 1.000000 0.356618
v 1156.109863 192.218100 5.358788
vt 1.000000 0.352941
v 1156.109863 190.215851 5.151115
vt 1.000000 0.349265
v 1156.109863 188.213603 5.151115
vt 1.000000 0.345588
v 1156.109863 186.211354 5.020050
vt 1.000000 0.341912
v 1156.109863 184.209106 5.020050
vt 1.000000 0.338235
v 1156.109863 182.206857 4.951942
vt 1.000000 0.334559
v 1156.109863 180.204609 4.951942
vt 1.000000 0.330882
v 1156.109863 178.202360 4.951942
vt 1.000000 0.327206
v 1156.109863 176.200112 4.910759
vt 1.000000 0.323529
v 1156.109863 174.197863 4.910759
vt 1.000000 0.319853
v 1156.109863 172.195615 4.860161
vt 1.000000 0.316176
v 1156.109863 170.193367 4.860161
vt 1.000000 0.312500
v 1156.109863 168.191118 4.766220
vt 1.000000 0.308824
v 1156.109863 166.188870 4.766220
vt 1.000000 0.305147
v 1156.109863 164.186621 4.766220
vt 1.000000 0.301471
v 1156.109863 162.184373 4.620102
vt 1.000000 0.297794
v 1156.109863 160.182124 4.620102
vt 1.000000 0.294118
v 1156.109863 158.179876 4.428009
vt 1.000000 0.290441
v 1156.109863 156.177627 4.428009
vt 1.000000 0.286765
v 1156.109863 154.175379 4.428009
vt 1.000000 0.283088
v 1156.109863 152.173131 4.196365
vt 1.000000 0.279412
v 1156.109863 150.170882 4.196365
vt 1.000000 0.275735
v 1156.109863 148.168634 3.932251
vt 1.000000 0.272059
v 1156.109863 146.166385 3.932251
vt 1.000000 0.268382
v 1156.109863 144.164137 3.650078
vt 1.000000 0.264706
v 1156.109863 142.161888 3.650078
vt 1.000000 0.261029
v 1156.109863 140.159640 3.650078
vt 1.000000 0.257353
v 1156.109863 138.157391 3.368713
vt 1.000000 0.253676
v 1156.109863 136.155143 3.368713
vt 1.000000 0.250000
v 1156.109863 134.152895 3.107056
vt 1.000000 0.246324
v 1156.109863 132.150646 3.107056
vt 1.000000 0.242647
v 1156.109863 130.148398 3.107056
vt 1.000000 0.238971
v 1156.109863 128.146149 2.881500
vt 1.000000 0.235294
v 1156.109863 126.143901 2.881500
vt 1.000000 0.231618
v 1156.109863 124.141652 2.681023
vt 1.000000 0.227941
v 1156.109863 122.139404 2.681023
vt 1.000000 0.224265
v 1156.109863 120.137155 2.477798
vt 1.000000 0.220588
v 1156.109863 118.134907 2.477798
vt 1.000000 0.216912
v 1156.109863 116.132658 2.477798
vt 1.000000 0.213235
v 1156.109863 114.130410 2.243736
vt 1.000000 0.209559
v 1156.109863 112.128162 2.243736
vt 1.000000 0.205882
v 1156.109863 110.125913 1.954964
vt 1.000000 0.202206
v 1156.109863 108.123665 1.954964
vt 1.000000 0.198529
v 1156.109863 106.121416 1.954964
vt 1.000000 0.194853
v 1156.109863 104.119168 1.633942
vt 1.000000 0.191176
v 1156.109863 102.116919 1.633942
vt 1.000000 0.187500
v 1156.109863 100.114671 1.331963
vt 1.000000 0.183824
v 1156.109863 98.112422 1.331963
vt 1.000000 0.180147
v 1156.109863 94.107926 1.100723
vt 1.000000 0.172794
v 1156.109863 92.105677 1.100723
vt 1.000000 0.169118
v 1156.109863 90.103429 0.986931
vt 1.000000 0.165441
v 1156.109863 88.101180 0.986931
vt 1.000000 0.161765
v 1156.109863 86.098932 0.980965
vt 1.000000 0.158088
v 1156.109863 84.096683 0.980965
vt 1.000000 0.154412
v 1156.109863 82.094435 1.037781
vt 1.000000 0.150735
v 1156.109863 80.092186 1.037781
vt 1.000000 0.147059
v 1156.109863 78.089938 1.037781
vt 1.000000 0.143382
v 1156.109863 76.087690 1.111778
vt 1.000000 0.139706
v 1156.109863 74.085441 1.111778
vt 1.000000 0.136029
v 1156.109863 72.083193 1.159172
vt 1.000000 0.132353
v 1156.109863 70.080944 1.159172
vt 1.000000 0.128676
v 1156.109863 68.078696 1.159172
vt 1.000000 0.125000
v 1156.109863 66.076447 1.156960
vt 1.000000 0.121324
v 1156.109863 64.074199 1.156960
vt 1.000000 0.117647
v 1156.109863 62.071950 1.095352
vt 1.000000 0.113971
v 1156.109863 60.069702 1.095352
vt 1.000000 0.110294
v 1156.109863 58.067453 0.964775
vt 1.000000 0.106618
v 1156.109863 56.065205 0.964775
vt 1.000000 0.102941
v 1156.109863 54.062957 0.964775
vt 1.000000 0.099265
v 1156.109863 52.060708 0.758766
vt 1.000000 0.095588
v 1156.109863 50.058460 0.758766
vt 1.000000 0.091912
v 1156.109863 48.056211 0.506859
vt 1.000000 0.088235
v 1156.109863 46.053963 0.506859
vt 1.000000 0.084559
v 1156.109863 44.051714 0.506859
vt 1.000000 0.080882
v 1156.109863 42.049466 0.261818
vt 1.000000 0.077206
v 1156.109863 40.047217 0.261818
vt 1.000000 0.073529
v 1156.109863 38.044969 0.076797
vt 1.000000 0.069853
v 1156.109863 36.042721 0.076797
vt 1.000000 0.066176
v 1156.109863 34.040472 0.000000
vt 1.000000 0.062500
v 1156.109863 30.035975 0.000000
vt 1.000000 0.055147
v 1156.109863 28.033727 0.021049
vt 1.000000 0.051471
v 1156.109863 26.031478 0.021049
vt 1.000000 0.047794
v 1156.109863 24.029230 0.091324
vt 1.000000 0.044118
v 1156.109863 22.026981 0.091324
vt 1.000000 0.040441
v 1156.109863 20.024733 0.161530
vt 1.000000 0.036765
v 1156.109863 18.022484 0.161530
vt 1.000000 0.033088
v 1156.109863 16.020236 0.161530
vt 1.000000 0.029412
v 1156.109863 14.017988 0.185898
vt 1.000000 0.025735
v 1156.109863 12.015739 0.185898
vt 1.000000 0.022059
v 1156.109863 8.011242 0.160973
vt 1.000000 0.014706
v 1156.109863 6.008994 0.160973
vt 1.000000 0.011029
v 1156.109863 4.006745 0.111305
vt 1.000000 0.007353
v 1156.109863 2.004497 0.111305
vt 1.000000 0.003676
v 1156.109863 10.013491 0.160973
vt 1.000000 0.018382
v 1156.109863 528.595839 10.394142
vt 1.000000 0.970588
v 1156.109863 32.038224 0.000000
vt 1.000000 0.058824
v 1156.109863 342.386733 10.066338
vt 1.000000 0.628676
v 0.000000 542.611578 28.868965
vt 0.000000 0.996324
v 0.000000 538.607081 29.166359
vt 0.000000 0.988971
v 0.000000 540.609330 29.166359
vt 0.000000 0.992647
v 0.000000 536.604833 29.166359
vt 0.000000 0.985294
v 0.000000 532.600336 29.471519
vt 0.000000 0.977941
v 0.000000 534.602584 29.471519
vt 0.000000 0.981618
v 0.000000 528.595839 29.750854
vt 0.000000 0.970588
v 0.000000 530.598087 29.750854
vt 0.000000 0.974265
v 0.000000 526.593590 29.750854
vt 0.000000 0.966912
v 0.000000 522.589094 30.003479
vt 0.000000 0.959559
v 0.000000 524.591342 30.003479
vt 0.000000 0.963235
v 0.000000 518.584597 30.243813
vt 0.000000 0.952206
v 0.000000 520.586845 30.243813
vt 0.000000 0.955882
v 0.000000 514.580100 30.486374
vt 0.000000 0.944853
v 0.000000 516.582348 30.486374
vt 0.000000 0.948529
v 0.000000 512.577851 30.486374
vt 0.000000 0.941176
v 0.000000 508.573354 30.743675
vt 0.000000 0.933824
v 0.000000 510.575603 30.743675
vt 0.000000 0.937500
v 0.000000 504.568858 31.012527
vt 0.000000 0.926471
v 0.000000 506.571106 31.012527
vt 0.000000 0.930147
v 0.000000 500.564361 31.282280
vt 0.000000 0.919118
v 0.000000 502.566609 31.282280
vt 0.000000 0.922794
v 0.000000 498.562112 31.282280
vt 0.000000 0.915441
v 0.000000 494.557615 31.542229
vt 0.000000 0.908088
v 0.000000 496.559864 31.542229
vt 0.000000 0.911765
v 0.000000 490.553118 31.783157
vt 0.000000 0.900735
v 0.000000 492.555367 31.783157
vt 0.000000 0.904412
v 0.000000 488.550870 31.783157
vt 0.000000 0.897059
v 0.000000 484.546373 32.007622
vt 0.000000 0.889706
v 0.000000 486.548622 32.007622
vt 0.000000 0.893382
v 0.000000 480.541876 32.223839
vt 0.000000 0.882353
v 0.000000 482.544125 32.223839
vt 0.000000 0.886029
v 0.000000 476.537379 32.440086
vt 0.000000 0.875000
v 0.000000 478.539628 32.440086
vt 0.000000 0.878676
v 0.000000 474.535131 32.440086
vt 0.000000 0.871324
v 0.000000 470.530634 32.664078
vt 0.000000 0.863971
v 0.000000 472.532882 32.664078
vt 0.000000 0.867647
v 0.000000 466.526137 32.899185
vt 0.000000 0.856618
v 0.000000 468.528385 32.899185
vt 0.000000 0.860294
v 0.000000 464.523889 32.899185
vt 0.000000 0.852941
v 0.000000 460.519392 33.146629
vt 0.000000 0.845588
v 0.000000 462.521640 33.146629
vt 0.000000 0.849265
v 0.000000 456.514895 33.407631
vt 0.000000 0.838235
v 0.000000 458.517143 33.407631
vt 0.000000 0.841912
v 0.000000 452.510398 33.682724
vt 0.000000 0.830882
v 0.000000 454.512646 33.682724
vt 0.000000 0.834559
v 0.000000 450.508149 33.682724
vt 0.000000 0.827206
v 0.000000 446.503653 33.966927
vt 0.000000 0.819853
v 0.000000 448.505901 33.966927
vt 0.000000 0.823529
v 0.000000 442.499156 34.252510
vt 0.000000 0.812500
v 0.000000 444.501404 34.252510
vt 0.000000 0.816176
v 0.000000 438.494659 34.531731
vt 0.000000 0.805147
v 0.000000 440.496907 34.531731
vt 0.000000 0.808824
v 0.000000 436.492410 34.531731
vt 0.000000 0.801471
v 0.000000 432.487913 34.797920
vt 0.000000 0.794118
v 0.000000 434.490162 34.797920
vt 0.000000 0.797794
v 0.000000 428.483416 35.053474
vt 0.000000 0.786765
v 0.000000 430.485665 35.053474
vt 0.000000 0.790441
v 0.000000 426.481168 35.053474
vt 0.000000 0.783088
v 0.000000 422.476671 35.305336
vt 0.000000 0.775735
v 0.000000 424.478920 35.305336
vt 0.000000 0.779412
v 0.000000 418.472174 35.560478
vt 0.000000 0.768382
v 0.000000 420.474423 35.560478
vt 0.000000 0.772059
v 0.000000 414.467677 35.824577
vt 0.000000 0.761029
v 0.000000 416.469926 35.824577
vt 0.000000 0.764706
v 0.000000 412.465429 35.824577
vt 0.000000 0.757353
v 0.000000 408.460932 36.092247
vt 0.000000 0.750000
v 0.000000 410.463180 36.092247
vt 0.000000 0.753676
v 0.000000 404.456435 36.352493
vt 0.000000 0.742647
v 0.000000 406.458684 36.352493
vt 0.000000 0.746324
v 0.000000 402.454187 36.352493
vt 0.000000 0.738971
v 0.000000 398.449690 36.594299
vt 0.000000 0.731618
v 0.000000 400.451938 36.594299
vt 0.000000 0.735294
v 0.000000 394.445193 36.809029
vt 0.000000 0.724265
v 0.000000 396.447441 36.809029
vt 0.000000 0.727941
v 0.000000 390.440696 37.008896
vt 0.000000 0.716912
v 0.000000 392.442944 37.008896
vt 0.000000 0.720588
v 0.000000 388.438448 37.008896
vt 0.000000 0.713235
v 0.000000 384.433951 37.216797
vt 0.000000 0.705882
v 0.000000 386.436199 37.216797
vt 0.000000 0.709559
v 0.000000 380.429454 37.455719
vt 0.000000 0.698529
v 0.000000 382.431702 37.455719
vt 0.000000 0.702206
v 0.000000 378.427205 37.455719
vt 0.000000 0.694853
v 0.000000 374.422708 37.743591
vt 0.000000 0.687500
v 0.000000 376.424957 37.743591
vt 0.000000 0.691176
v 0.000000 370.418211 38.053749
vt 0.000000 0.680147
v 0.000000 372.420460 38.053749
vt 0.000000 0.683824
v 0.000000 366.413715 38.336319
vt 0.000000 0.672794
v 0.000000 368.415963 38.336319
vt 0.000000 0.676471
v 0.000000 364.411466 38.336319
vt 0.000000 0.669118
v 0.000000 360.406969 38.541267
vt 0.000000 0.661765
v 0.000000 356.402472 38.625465
vt 0.000000 0.654412
v 0.000000 358.404721 38.625465
vt 0.000000 0.658088
v 0.000000 352.397975 38.607925
vt 0.000000 0.647059
v 0.000000 348.393479 38.540352
vt 0.000000 0.639706
v 0.000000 350.395727 38.607925
vt 0.000000 0.643382
v 0.000000 344.388982 38.474762
vt 0.000000 0.632353
v 0.000000 346.391230 38.540352
vt 0.000000 0.636029
v 0.000000 342.386733 38.474762
vt 0.000000 0.628676
v 0.000000 338.382236 38.457977
vt 0.000000 0.621324
v 0.000000 340.384485 38.474762
vt 0.000000 0.625000
v 0.000000 336.379988 38.457977
vt 0.000000 0.617647
v 0.000000 332.375491 38.489731
vt 0.000000 0.610294
v 0.000000 334.377739 38.489731
vt 0.000000 0.613971
v 0.000000 328.370994 38.544662
vt 0.000000 0.602941
v 0.000000 330.373243 38.544662
vt 0.000000 0.606618
v 0.000000 326.368746 38.544662
vt 0.000000 0.599265
v 0.000000 322.364249 38.597137
vt 0.000000 0.591912
v 0.000000 324.366497 38.597137
vt 0.000000 0.595588
v 0.000000 318.359752 38.623955
vt 0.000000 0.584559
v 0.000000 320.362000 38.623955
vt 0.000000 0.588235
v 0.000000 316.357503 38.623955
vt 0.000000 0.580882
v 0.000000 312.353006 38.624001
vt 0.000000 0.573529
v 0.000000 314.355255 38.624001
vt 0.000000 0.577206
v 0.000000 310.350758 38.608101
vt 0.000000 0.569853
v 0.000000 306.346261 38.587212
vt 0.000000 0.562500
v 0.000000 308.348510 38.608101
vt 0.000000 0.566176
v 0.000000 304.344013 38.587212
vt 0.000000 0.558824
v 0.000000 300.339516 38.571472
vt 0.000000 0.551471
v 0.000000 302.341764 38.587212
vt 0.000000 0.555147
v 0.000000 296.335019 38.563545
vt 0.000000 0.544118
v 0.000000 298.337267 38.571472
vt 0.000000 0.547794
v 0.000000 292.330522 38.561981
vt 0.000000 0.536765
v 0.000000 294.332770 38.563545
vt 0.000000 0.540441
v 0.000000 288.326025 38.561981
vt 0.000000 0.529412
v 0.000000 284.321528 38.565285
vt 0.000000 0.522059
v 0.000000 286.323777 38.565285
vt 0.000000 0.525735
v 0.000000 280.317031 38.572243
vt 0.000000 0.514706
v 0.000000 282.319280 38.572243
vt 0.000000 0.518382
v 0.000000 278.314783 38.572243
vt 0.000000 0.511029
v 0.000000 274.310286 38.584221
vt 0.000000 0.503676
v 0.000000 276.312534 38.584221
vt 0.000000 0.507353
v 0.000000 270.305789 38.604012
vt 0.000000 0.496324
v 0.000000 272.308037 38.604012
vt 0.000000 0.500000
v 0.000000 266.301292 38.634438
vt 0.000000 0.488971
v 0.000000 268.303541 38.634438
vt 0.000000 0.492647
v 0.000000 264.299044 38.634438
vt 0.000000 0.485294
v 0.000000 260.294547 38.676323
vt 0.000000 0.477941
v 0.000000 262.296795 38.676323
vt 0.000000 0.481618
v 0.000000 256.290050 38.711258
vt 0.000000 0.470588
v 0.000000 258.292298 38.711258
vt 0.000000 0.474265
v 0.000000 252.285553 38.710037
vt 0.000000 0.463235
v 0.000000 254.287801 38.711258
vt 0.000000 0.466912
v 0.000000 248.281056 38.643341
vt 0.000000 0.455882
v 0.000000 244.276559 38.485786
vt 0.000000 0.448529
v 0.000000 246.278808 38.643341
vt 0.000000 0.452206
v 0.000000 242.274311 38.485786
vt 0.000000 0.444853
v 0.000000 238.269814 38.250977
vt 0.000000 0.437500
v 0.000000 240.272062 38.485786
vt 0.000000 0.441176
v 0.000000 234.265317 37.974648
vt 0.000000 0.430147
v 0.000000 236.267565 38.250977
vt 0.000000 0.433824
v 0.000000 230.260820 37.692810
vt 0.000000 0.422794
v 0.000000 232.263069 37.974648
vt 0.000000 0.426471
v 0.000000 228.258572 37.692810
vt 0.000000 0.419118
v 0.000000 224.254075 37.437927
vt 0.000000 0.411765
v 0.000000 226.256323 37.692810
vt 0.000000 0.415441
v 0.000000 220.249578 37.206985
vt 0.000000 0.404412
v 0.000000 222.251826 37.437927
vt 0.000000 0.408088
v 0.000000 218.247329 37.206985
vt 0.000000 0.400735
v 0.000000 214.242832 36.976555
vt 0.000000 0.393382
v 0.000000 216.245081 37.206985
vt 0.000000 0.397059
v 0.000000 210.238336 36.722977
vt 0.000000 0.386029
v 0.000000 212.240584 36.976555
vt 0.000000 0.389706
v 0.000000 206.233839 36.427040
vt 0.000000 0.378676
v 0.000000 208.236087 36.722977
vt 0.000000 0.382353
v 0.000000 204.231590 36.427040
vt 0.000000 0.375000
v 0.000000 200.227093 36.115097
vt 0.000000 0.367647
v 0.000000 202.229342 36.427040
vt 0.000000 0.371324
v 0.000000 198.224845 36.115097
vt 0.000000 0.363971
v 0.000000 194.220348 35.840065
vt 0.000000 0.356618
v 0.000000 190.215851 35.655190
vt 0.000000 0.349265
v 0.000000 192.218100 35.840065
vt 0.000000 0.352941
v 0.000000 186.211354 35.605644
vt 0.000000 0.341912
v 0.000000 188.213603 35.655190
vt 0.000000 0.345588
v 0.000000 184.209106 35.605644
vt 0.000000 0.338235
v 0.000000 180.204609 35.653107
vt 0.000000 0.330882
v 0.000000 182.206857 35.653107
vt 0.000000 0.334559
v 0.000000 178.202360 35.653107
vt 0.000000 0.327206
v 0.000000 174.197863 35.709946
vt 0.000000 0.319853
v 0.000000 176.200112 35.709946
vt 0.000000 0.323529
v 0.000000 172.195615 35.687881
vt 0.000000 0.316176
v 0.000000 168.191118 35.509178
vt 0.000000 0.308824
v 0.000000 170.193367 35.687881
vt 0.000000 0.312500
v 0.000000 166.188870 35.509178
vt 0.000000 0.305147
v 0.000000 162.184373 35.206726
vt 0.000000 0.297794
v 0.000000 164.186621 35.509178
vt 0.000000 0.301471
v 0.000000 158.179876 34.879601
vt 0.000000 0.290441
v 0.000000 160.182124 35.206726
vt 0.000000 0.294118
v 0.000000 156.177627 34.879601
vt 0.000000 0.286765
v 0.000000 152.173131 34.627800
vt 0.000000 0.279412
v 0.000000 154.175379 34.879601
vt 0.000000 0.283088
v 0.000000 148.168634 34.539970
vt 0.000000 0.272059
v 0.000000 150.170882 34.627800
vt 0.000000 0.275735
v 0.000000 146.166385 34.539970
vt 0.000000 0.268382
v 0.000000 142.161888 34.583824
vt 0.000000 0.261029
v 0.000000 144.164137 34.583824
vt 0.000000 0.264706
v 0.000000 140.159640 34.583824
vt 0.000000 0.257353
v 0.000000 136.155143 34.653816
vt 0.000000 0.250000
v 0.000000 138.157391 34.653816
vt 0.000000 0.253676
v 0.000000 132.150646 34.643364
vt 0.000000 0.242647
v 0.000000 128.146149 34.457542
vt 0.000000 0.235294
v 0.000000 130.148398 34.643364
vt 0.000000 0.238971
v 0.000000 124.141652 34.128044
vt 0.000000 0.227941
v 0.000000 126.143901 34.457542
vt 0.000000 0.231618
v 0.000000 120.137155 33.764267
vt 0.000000 0.220588
v 0.000000 122.139404 34.128044
vt 0.000000 0.224265
v 0.000000 118.134907 33.764267
vt 0.000000 0.216912
v 0.000000 114.130410 33.476730
vt 0.000000 0.209559
v 0.000000 116.132658 33.764267
vt 0.000000 0.213235
v 0.000000 110.125913 33.364861
vt 0.000000 0.202206
v 0.000000 112.128162 33.476730
vt 0.000000 0.205882
v 0.000000 106.121416 33.364861
vt 0.000000 0.194853
v 0.000000 102.116919 33.405487
vt 0.000000 0.187500
v 0.000000 104.119168 33.405487
vt 0.000000 0.191176
v 0.000000 98.112422 33.499275
vt 0.000000 0.180147
v 0.000000 100.114671 33.499275
vt 0.000000 0.183824
v 0.000000 94.107926 33.545753
vt 0.000000 0.172794
v 0.000000 96.110174 33.545753
vt 0.000000 0.176471
v 0.000000 90.103429 33.452576
vt 0.000000 0.165441
v 0.000000 92.105677 33.545753
vt 0.000000 0.169118
v 0.000000 86.098932 33.218895
vt 0.000000 0.158088
v 0.000000 82.094435 32.901405
vt 0.000000 0.150735
v 0.000000 84.096683 33.218895
vt 0.000000 0.154412
v 0.000000 80.092186 32.901405
vt 0.000000 0.147059
v 0.000000 76.087690 32.557678
vt 0.000000 0.139706
v 0.000000 78.089938 32.901405
vt 0.000000 0.143382
v 0.000000 72.083193 32.241852
vt 0.000000 0.132353
v 0.000000 74.085441 32.557678
vt 0.000000 0.136029
v 0.000000 70.080944 32.241852
vt 0.000000 0.128676
v 0.000000 66.076447 31.968498
vt 0.000000 0.121324
v 0.000000 68.078696 32.241852
vt 0.000000 0.125000
v 0.000000 62.071950 31.726990
vt 0.000000 0.113971
v 0.000000 64.074199 31.968498
vt 0.000000 0.117647
v 0.000000 58.067453 31.506302
vt 0.000000 0.106618
v 0.000000 60.069702 31.726990
vt 0.000000 0.110294
v 0.000000 56.065205 31.506302
vt 0.000000 0.102941
v 0.000000 52.060708 31.294624
vt 0.000000 0.095588
v 0.000000 54.062957 31.506302
vt 0.000000 0.099265
v 0.000000 48.056211 31.071098
vt 0.000000 0.088235
v 0.000000 50.058460 31.294624
vt 0.000000 0.091912
v 0.000000 46.053963 31.071098
vt 0.000000 0.084559
v 0.000000 42.049466 30.809006
vt 0.000000 0.077206
v 0.000000 44.051714 31.071098
vt 0.000000 0.080882
v 0.000000 38.044969 30.481552
vt 0.000000 0.069853
v 0.000000 40.047217 30.809006
vt 0.000000 0.073529
v 0.000000 34.040472 30.065506
vt 0.000000 0.062500
v 0.000000 36.042721 30.481552
vt 0.000000 0.066176
v 0.000000 32.038224 30.065506
vt 0.000000 0.058824
v 0.000000 28.033727 29.579788
vt 0.000000 0.051471
v 0.000000 30.035975 30.065506
vt 0.000000 0.055147
v 0.000000 24.029230 29.070892
vt 0.000000 0.044118
v 0.000000 26.031478 29.579788
vt 0.000000 0.047794
v 0.000000 20.024733 28.585770
vt 0.000000 0.036765
v 0.000000 22.026981 29.070892
vt 0.000000 0.040441
v 0.000000 18.022484 28.585770
vt 0.000000 0.033088
v 0.000000 14.017988 28.169373
vt 0.000000 0.025735
v 0.000000 16.020236 28.585770
vt 0.000000 0.029412
v 0.000000 10.013491 27.842636
vt 0.000000 0.018382
v 0.000000 12.015739 28.169373
vt 0.000000 0.022059
v 0.000000 8.011242 27.842636
vt 0.000000 0.014706
v 0.000000 4.006745 27.610565
vt 0.000000 0.007353
v 0.000000 6.008994 27.842636
vt 0.000000 0.011029
v 0.000000 2.004497 27.610565
vt 0.000000 0.003676
v 0.000000 354.400224 38.607925
vt 0.000000 0.650735
v 0.000000 134.152895 34.643364
vt 0.000000 0.246324
v 0.000000 108.123665 33.364861
vt 0.000000 0.198529
v 0.000000 290.328274 38.561981
vt 0.000000 0.533088
v 210.586716 502.625831 21.204414
vt 0.000000 0.000000
v 218.546059 483.631798 21.204414
vt 0.000000 0.000000
v 208.260138 484.996556 21.204414
vt 0.000000 0.000000
v 225.514659 490.230470 21.204414
vt 0.000000 0.000000
v 235.422094 485.277949 21.204414
vt 0.000000 0.000000
v 225.047118 486.656776 21.204414
vt 0.000000 0.000000
v 237.247734 499.108420 21.204414
vt 0.000000 0.000000
v 219.525671 491.018371 21.204414
vt 0.000000 0.000000
v 210.586716 502.625831 27.068863
vt 0.000000 0.000000
v 208.260138 484.996556 27.068863
vt 0.000000 0.000000
v 218.546059 483.631798 27.068863
vt 0.000000 0.000000
v 225.514659 490.230470 27.068863
vt 0.000000 0.000000
v 225.047118 486.656776 27.068863
vt 0.000000 0.000000
v 235.422094 485.277949 27.068863
vt 0.000000 0.000000
v 237.247734 499.108420 27.068863
vt 0.000000 0.000000
v 219.525671 491.018371 27.068863
vt 0.000000 0.000000
v 210.653507 465.833654 22.764557
vt 0.000000 0.000000
v 228.754057 461.837861 22.764557
vt 0.000000 0.000000
v 210.453132 464.384476 22.764557
vt 0.000000 0.000000
v 225.759562 470.293745 22.764557
vt 0.000000 0.000000
v 229.856120 469.730958 22.764557
vt 0.000000 0.000000
v 208.805604 478.538578 22.764557
vt 0.000000 0.000000
v 226.561063 476.076384 22.764557
vt 0.000000 0.000000
v 208.839000 470.715836 22.764557
vt 0.000000 0.000000
v 207.748069 470.870603 22.764557
vt 0.000000 0.000000
v 208.215611 466.171327 22.764557
vt 0.000000 0.000000
v 210.653507 465.833654 27.553459
vt 0.000000 0.000000
v 210.453132 464.384476 27.553459
vt 0.000000 0.000000
v 228.754057 461.837861 27.553459
vt 0.000000 0.000000
v 229.856120 469.730958 27.553459
vt 0.000000 0.000000
v 225.759562 470.293745 27.553459
vt 0.000000 0.000000
v 226.561063 476.076384 27.553459
vt 0.000000 0.000000
v 208.805604 478.538578 27.553459
vt 0.000000 0.000000
v 207.748069 470.870603 27.553459
vt 0.000000 0.000000
v 208.839000 470.715836 27.553459
vt 0.000000 0.000000
v 208.215611 466.171327 27.553459
vt 0.000000 0.000000
v 201.981719 444.095959 23.344536
vt 0.000000 0.000000
v 203.684907 456.857188 23.344536
vt 0.000000 0.000000
v 215.262134 455.309520 23.344536
vt 0.000000 0.000000
v 215.707412 458.644040 23.344536
vt 0.000000 0.000000
v 226.705778 457.166721 23.344536
vt 0.000000 0.000000
v 224.546180 441.070969 23.344536
vt 0.000000 0.000000
v 201.981719 444.095959 28.091736
vt 0.000000 0.000000
v 215.262134 455.309520 28.091736
vt 0.000000 0.000000
v 203.684907 456.857188 28.091736
vt 0.000000 0.000000
v 226.705778 457.166721 28.091736
vt 0.000000 0.000000
v 215.707412 458.644040 28.091736
vt 0.000000 0.000000
v 224.546180 441.070969 28.091736
vt 0.000000 0.000000
v 227.329167 422.076824 24.235497
vt 0.000000 0.000000
v 203.606984 442.013640 24.235497
vt 0.000000 0.000000
v 229.544425 438.510279 24.235497
vt 0.000000 0.000000
v 212.846501 427.479606 24.235497
vt 0.000000 0.000000
v 201.837004 428.970999 24.235497
vt 0.000000 0.000000
v 212.390091 424.088798 24.235497
vt 0.000000 0.000000
v 227.329167 422.076824 28.370850
vt 0.000000 0.000000
v 229.544425 438.510279 28.370850
vt 0.000000 0.000000
v 203.606984 442.013640 28.370850
vt 0.000000 0.000000
v 201.837004 428.970999 28.370850
vt 0.000000 0.000000
v 212.846501 427.479606 28.370850
vt 0.000000 0.000000
v 212.390091 424.088798 28.370850
vt 0.000000 0.000000
v 198.786850 411.974738 25.378113
vt 0.000000 0.000000
v 222.809596 400.015433 25.378113
vt 0.000000 0.000000
v 197.606863 403.546947 25.378113
vt 0.000000 0.000000
v 211.544063 411.440087 25.378113
vt 0.000000 0.000000
v 224.167694 409.681367 25.378113
vt 0.000000 0.000000
v 202.382469 418.277991 25.378113
vt 0.000000 0.000000
v 212.301036 416.885085 25.378113
vt 0.000000 0.000000
v 201.447386 411.594855 25.378113
vt 0.000000 0.000000
v 198.786850 411.974738 30.173416
vt 0.000000 0.000000
v 197.606863 403.546947 30.173416
vt 0.000000 0.000000
v 222.809596 400.015433 30.173416
vt 0.000000 0.000000
v 224.167694 409.681367 30.173416
vt 0.000000 0.000000
v 211.544063 411.440087 30.173416
vt 0.000000 0.000000
v 212.301036 416.885085 30.173416
vt 0.000000 0.000000
v 202.382469 418.277991 30.173416
vt 0.000000 0.000000
v 201.447386 411.594855 30.173416
vt 0.000000 0.000000
v 196.961210 402.027411 25.377388
vt 0.000000 0.000000
v 206.445631 380.106675 25.377388
vt 0.000000 0.000000
v 194.122563 381.837261 25.377388
vt 0.000000 0.000000
v 206.556950 380.908654 25.377388
vt 0.000000 0.000000
v 218.868886 391.221817 25.377388
vt 0.000000 0.000000
v 217.210225 379.403185 25.377388
vt 0.000000 0.000000
v 214.694405 391.812748 25.377388
vt 0.000000 0.000000
v 206.156200 396.568336 25.377388
vt 0.000000 0.000000
v 215.184211 395.302055 25.377388
vt 0.000000 0.000000
v 206.735061 400.648573 25.377388
vt 0.000000 0.000000
v 196.961210 402.027411 30.529572
vt 0.000000 0.000000
v 194.122563 381.837261 30.529572
vt 0.000000 0.000000
v 206.445631 380.106675 30.529572
vt 0.000000 0.000000
v 206.556950 380.908654 30.529572
vt 0.000000 0.000000
v 217.210225 379.403185 30.529572
vt 0.000000 0.000000
v 218.868886 391.221817 30.529572
vt 0.000000 0.000000
v 214.694405 391.812748 30.529572
vt 0.000000 0.000000
v 215.184211 395.302055 30.529572
vt 0.000000 0.000000
v 206.156200 396.568336 30.529572
vt 0.000000 0.000000
v 206.735061 400.648573 30.529572
vt 0.000000 0.000000
v 192.909181 372.326069 25.581749
vt 0.000000 0.000000
v 209.974459 358.748687 25.581749
vt 0.000000 0.000000
v 191.428631 361.210908 25.581749
vt 0.000000 0.000000
v 207.692409 369.033732 25.581749
vt 0.000000 0.000000
v 211.276897 368.555358 25.581749
vt 0.000000 0.000000
v 199.822121 375.027474 25.581749
vt 0.000000 0.000000
v 208.338062 373.901889 25.581749
vt 0.000000 0.000000
v 199.354579 371.467810 25.581749
vt 0.000000 0.000000
v 192.909181 372.326069 30.489159
vt 0.000000 0.000000
v 191.428631 361.210908 30.489159
vt 0.000000 0.000000
v 209.974459 358.748687 30.489159
vt 0.000000 0.000000
v 211.276897 368.555358 30.489159
vt 0.000000 0.000000
v 207.692409 369.033732 30.489159
vt 0.000000 0.000000
v 208.338062 373.901889 30.489159
vt 0.000000 0.000000
v 199.822121 375.027474 30.489159
vt 0.000000 0.000000
v 199.354579 371.467810 30.489159
vt 0.000000 0.000000
v 190.538075 350.545970 25.269035
vt 0.000000 0.000000
v 191.773722 359.803925 25.269035
vt 0.000000 0.000000
v 215.473641 356.624142 25.269035
vt 0.000000 0.000000
v 213.113668 339.022759 25.269035
vt 0.000000 0.000000
v 202.260018 340.486025 25.269035
vt 0.000000 0.000000
v 202.794351 344.453724 25.269035
vt 0.000000 0.000000
v 196.515932 345.283846 25.269035
vt 0.000000 0.000000
v 197.094793 349.673639 25.269035
vt 0.000000 0.000000
v 190.538075 350.545970 30.489159
vt 0.000000 0.000000
v 215.473641 356.624142 30.489159
vt 0.000000 0.000000
v 191.773722 359.803925 30.489159
vt 0.000000 0.000000
v 202.260018 340.486025 30.489159
vt 0.000000 0.000000
v 213.113668 339.022759 30.489159
vt 0.000000 0.000000
v 202.794351 344.453724 30.489159
vt 0.000000 0.000000
v 197.094793 349.673639 30.489159
vt 0.000000 0.000000
v 196.515932 345.283846 30.489159
vt 0.000000 0.000000
v 187.487921 331.622009 26.013329
vt 0.000000 0.000000
v 197.818370 317.903875 26.013329
vt 0.000000 0.000000
v 185.751337 319.648541 26.013329
vt 0.000000 0.000000
v 198.041009 319.409353 26.013329
vt 0.000000 0.000000
v 212.980085 325.009167 26.013329
vt 0.000000 0.000000
v 211.878022 317.397359 26.013329
vt 0.000000 0.000000
v 205.354700 326.106618 26.013329
vt 0.000000 0.000000
v 195.692168 334.731450 26.013329
vt 0.000000 0.000000
v 206.378839 333.183765 26.013329
vt 0.000000 0.000000
v 195.079911 330.524559 26.013329
vt 0.000000 0.000000
v 187.487921 331.622009 30.454269
vt 0.000000 0.000000
v 185.751337 319.648541 30.454269
vt 0.000000 0.000000
v 197.818370 317.903875 30.454269
vt 0.000000 0.000000
v 198.041009 319.409353 30.454269
vt 0.000000 0.000000
v 211.878022 317.397359 30.454269
vt 0.000000 0.000000
v 212.980085 325.009167 30.454269
vt 0.000000 0.000000
v 205.354700 326.106618 30.454269
vt 0.000000 0.000000
v 206.378839 333.183765 30.454269
vt 0.000000 0.000000
v 195.692168 334.731450 30.454269
vt 0.000000 0.000000
v 195.079911 330.524559 30.454269
vt 0.000000 0.000000
v 183.291177 299.064274 26.454269
vt 0.000000 0.000000
v 185.929449 317.875735 26.454269
vt 0.000000 0.000000
v 201.057767 315.737111 26.454269
vt 0.000000 0.000000
v 198.408363 296.939717 26.454269
vt 0.000000 0.000000
v 183.291177 299.064274 30.454269
vt 0.000000 0.000000
v 201.057767 315.737111 30.454269
vt 0.000000 0.000000
v 185.929449 317.875735 30.454269
vt 0.000000 0.000000
v 198.408363 296.939717 30.454269
vt 0.000000 0.000000
v 182.701183 292.704671 26.908180
vt 0.000000 0.000000
v 183.413628 298.374849 26.908180
vt 0.000000 0.000000
v 191.706930 297.333675 26.908180
vt 0.000000 0.000000
v 191.428631 295.110627 26.908180
vt 0.000000 0.000000
v 197.428752 294.364921 26.908180
vt 0.000000 0.000000
v 195.280286 277.298092 26.908180
vt 0.000000 0.000000
v 183.079670 278.831716 26.908180
vt 0.000000 0.000000
v 184.793990 292.451412 26.908180
vt 0.000000 0.000000
v 182.701183 292.704671 30.908180
vt 0.000000 0.000000
v 191.706930 297.333675 30.908180
vt 0.000000 0.000000
v 183.413628 298.374849 30.908180
vt 0.000000 0.000000
v 191.428631 295.110627 30.908180
vt 0.000000 0.000000
v 195.280286 277.298092 30.908180
vt 0.000000 0.000000
v 197.428752 294.364921 30.908180
vt 0.000000 0.000000
v 184.793990 292.451412 30.908180
vt 0.000000 0.000000
v 183.079670 278.831716 30.908180
vt 0.000000 0.000000
v 178.871793 268.025994 28.105049
vt 0.000000 0.000000
v 199.844385 254.392196 28.105049
vt 0.000000 0.000000
v 177.391244 257.557940 28.105049
vt 0.000000 0.000000
v 193.499174 265.690380 28.105049
vt 0.000000 0.000000
v 201.280406 264.592923 28.105049
vt 0.000000 0.000000
v 187.131699 270.291257 28.105049
vt 0.000000 0.000000
v 194.011244 269.320430 28.105049
vt 0.000000 0.000000
v 186.653025 266.928537 28.105049
vt 0.000000 0.000000
v 178.871793 268.025994 32.526955
vt 0.000000 0.000000
v 177.391244 257.557940 32.526955
vt 0.000000 0.000000
v 199.844385 254.392196 32.526955
vt 0.000000 0.000000
v 201.280406 264.592923 32.526955
vt 0.000000 0.000000
v 193.499174 265.690380 32.526955
vt 0.000000 0.000000
v 194.011244 269.320430 32.526955
vt 0.000000 0.000000
v 187.131699 270.291257 32.526955
vt 0.000000 0.000000
v 186.653025 266.928537 32.526955
vt 0.000000 0.000000
v 174.719576 238.071011 28.205467
vt 0.000000 0.000000
v 176.188993 248.595364 28.205467
vt 0.000000 0.000000
v 200.634753 245.176357 28.205467
vt 0.000000 0.000000
v 199.165336 234.666070 28.205467
vt 0.000000 0.000000
v 174.719576 238.071011 32.420395
vt 0.000000 0.000000
v 200.634753 245.176357 32.420395
vt 0.000000 0.000000
v 176.188993 248.595364 32.420395
vt 0.000000 0.000000
v 199.165336 234.666070 32.420395
vt 0.000000 0.000000
v 174.708444 222.101550 28.193039
vt 0.000000 0.000000
v 175.654660 229.164698 28.193039
vt 0.000000 0.000000
v 193.632757 226.744656 28.193039
vt 0.000000 0.000000
v 192.853521 220.919669 28.193039
vt 0.000000 0.000000
v 203.117178 219.540806 28.193039
vt 0.000000 0.000000
v 202.059643 211.605310 28.193039
vt 0.000000 0.000000
v 177.413507 214.911768 28.193039
vt 0.000000 0.000000
v 177.647278 216.698661 28.193039
vt 0.000000 0.000000
v 175.209382 217.022272 28.193039
vt 0.000000 0.000000
v 175.866167 221.946780 28.193039
vt 0.000000 0.000000
v 174.708444 222.101550 32.367805
vt 0.000000 0.000000
v 193.632757 226.744656 32.367805
vt 0.000000 0.000000
v 175.654660 229.164698 32.367805
vt 0.000000 0.000000
v 192.853521 220.919669 32.367805
vt 0.000000 0.000000
v 202.059643 211.605310 32.367805
vt 0.000000 0.000000
v 203.117178 219.540806 32.367805
vt 0.000000 0.000000
v 177.647278 216.698661 32.367805
vt 0.000000 0.000000
v 177.413507 214.911768 32.367805
vt 0.000000 0.000000
v 175.866167 221.946780 32.367805
vt 0.000000 0.000000
v 175.209382 217.022272 32.367805
vt 0.000000 0.000000
v 259.199937 469.182240 22.545403
vt 0.000000 0.000000
v 255.849221 445.531071 22.545403
vt 0.000000 0.000000
v 243.025215 447.346064 22.545403
vt 0.000000 0.000000
v 244.127278 455.154754 22.545403
vt 0.000000 0.000000
v 241.689381 455.506496 22.545403
vt 0.000000 0.000000
v 242.379562 460.360543 22.545403
vt 0.000000 0.000000
v 244.817459 460.022870 22.545403
vt 0.000000 0.000000
v 245.719147 466.424581 22.545403
vt 0.000000 0.000000
v 250.116267 465.805515 22.545403
vt 0.000000 0.000000
v 250.761920 470.378164 22.545403
vt 0.000000 0.000000
v 259.199937 469.182240 27.990639
vt 0.000000 0.000000
v 243.025215 447.346064 27.990639
vt 0.000000 0.000000
v 255.849221 445.531071 27.990639
vt 0.000000 0.000000
v 244.127278 455.154754 27.990639
vt 0.000000 0.000000
v 242.379562 460.360543 27.990639
vt 0.000000 0.000000
v 241.689381 455.506496 27.990639
vt 0.000000 0.000000
v 244.817459 460.022870 27.990639
vt 0.000000 0.000000
v 250.116267 465.805515 27.990639
vt 0.000000 0.000000
v 245.719147 466.424581 27.990639
vt 0.000000 0.000000
v 250.761920 470.378164 27.990639
vt 0.000000 0.000000
v 237.704144 416.491132 24.396629
vt 0.000000 0.000000
v 238.672623 423.540078 24.396629
vt 0.000000 0.000000
v 253.867734 421.443685 24.396629
vt 0.000000 0.000000
v 252.676615 412.861134 24.396629
vt 0.000000 0.000000
v 248.134780 413.480203 24.396629
vt 0.000000 0.000000
v 246.153293 399.114967 24.396629
vt 0.000000 0.000000
v 244.683876 399.311944 24.396629
vt 0.000000 0.000000
v 244.238598 396.033684 24.396629
vt 0.000000 0.000000
v 236.913775 397.046709 24.396629
vt 0.000000 0.000000
v 239.563179 416.237876 24.396629
vt 0.000000 0.000000
v 237.704144 416.491132 28.964447
vt 0.000000 0.000000
v 253.867734 421.443685 28.964447
vt 0.000000 0.000000
v 238.672623 423.540078 28.964447
vt 0.000000 0.000000
v 248.134780 413.480203 28.964447
vt 0.000000 0.000000
v 252.676615 412.861134 28.964447
vt 0.000000 0.000000
v 244.683876 399.311944 28.964447
vt 0.000000 0.000000
v 246.153293 399.114967 28.964447
vt 0.000000 0.000000
v 236.913775 397.046709 28.964447
vt 0.000000 0.000000
v 244.238598 396.033684 28.964447
vt 0.000000 0.000000
v 239.563179 416.237876 28.964447
vt 0.000000 0.000000
v 215.774204 199.533214 27.798790
vt 0.000000 0.000000
v 215.128551 168.902670 27.798790
vt 0.000000 0.000000
v 202.749824 175.656312 27.798790
vt 0.000000 0.000000
v 217.978330 174.150813 27.798790
vt 0.000000 0.000000
v 221.162067 178.315557 27.798790
vt 0.000000 0.000000
v 218.679643 173.770921 27.798790
vt 0.000000 0.000000
v 218.401344 179.835125 27.798790
vt 0.000000 0.000000
v 221.941304 194.721256 27.798790
vt 0.000000 0.000000
v 225.470132 192.793658 27.798790
vt 0.000000 0.000000
v 222.542429 195.832790 27.798790
vt 0.000000 0.000000
v 215.774204 199.533214 33.106850
vt 0.000000 0.000000
v 202.749824 175.656312 33.106850
vt 0.000000 0.000000
v 215.128551 168.902670 33.106850
vt 0.000000 0.000000
v 217.978330 174.150813 33.106850
vt 0.000000 0.000000
v 218.679643 173.770921 33.106850
vt 0.000000 0.000000
v 221.162067 178.315557 33.106850
vt 0.000000 0.000000
v 218.401344 179.835125 33.106850
vt 0.000000 0.000000
v 225.470132 192.793658 33.106850
vt 0.000000 0.000000
v 221.941304 194.721256 33.106850
vt 0.000000 0.000000
v 222.542429 195.832790 33.106850
vt 0.000000 0.000000
v 227.919160 189.402773 27.321686
vt 0.000000 0.000000
v 236.780192 161.107836 27.321686
vt 0.000000 0.000000
v 224.279013 162.824389 27.321686
vt 0.000000 0.000000
v 239.730158 182.705421 27.321686
vt 0.000000 0.000000
v 247.856481 189.543474 27.321686
vt 0.000000 0.000000
v 246.787814 181.748656 27.321686
vt 0.000000 0.000000
v 239.696763 187.798786 27.321686
vt 0.000000 0.000000
v 240.075249 190.612799 27.321686
vt 0.000000 0.000000
v 227.919160 189.402773 32.422310
vt 0.000000 0.000000
v 224.279013 162.824389 32.422310
vt 0.000000 0.000000
v 236.780192 161.107836 32.422310
vt 0.000000 0.000000
v 239.730158 182.705421 32.422310
vt 0.000000 0.000000
v 246.787814 181.748656 32.422310
vt 0.000000 0.000000
v 247.856481 189.543474 32.422310
vt 0.000000 0.000000
v 240.075249 190.612799 32.422310
vt 0.000000 0.000000
v 239.696763 187.798786 32.422310
vt 0.000000 0.000000
v 234.531538 115.436185 28.274055
vt 0.000000 0.000000
v 243.058611 106.318715 28.274055
vt 0.000000 0.000000
v 233.429475 107.669452 28.274055
vt 0.000000 0.000000
v 250.683996 102.083591 28.274055
vt 0.000000 0.000000
v 242.624465 103.223276 28.274055
vt 0.000000 0.000000
v 253.756414 123.878280 28.274055
vt 0.000000 0.000000
v 240.654110 120.768776 28.274055
vt 0.000000 0.000000
v 241.333159 125.622979 28.274055
vt 0.000000 0.000000
v 239.819214 113.311590 28.274055
vt 0.000000 0.000000
v 240.008457 114.662326 28.274055
vt 0.000000 0.000000
v 243.526153 120.360741 28.274055
vt 0.000000 0.000000
v 242.479750 112.931696 28.274055
vt 0.000000 0.000000
v 234.531538 115.436185 32.422256
vt 0.000000 0.000000
v 233.429475 107.669452 32.422256
vt 0.000000 0.000000
v 243.058611 106.318715 32.422256
vt 0.000000 0.000000
v 242.624465 103.223276 32.422256
vt 0.000000 0.000000
v 250.683996 102.083591 32.422256
vt 0.000000 0.000000
v 253.756414 123.878280 32.422256
vt 0.000000 0.000000
v 241.333159 125.622979 32.422256
vt 0.000000 0.000000
v 240.654110 120.768776 32.422256
vt 0.000000 0.000000
v 239.819214 113.311590 32.422256
vt 0.000000 0.000000
v 240.008457 114.662326 32.422256
vt 0.000000 0.000000
v 243.526153 120.360741 32.422256
vt 0.000000 0.000000
v 242.479750 112.931696 32.422256
vt 0.000000 0.000000
v 221.829984 109.962890 28.242157
vt 0.000000 0.000000
v 228.653869 107.345838 28.242157
vt 0.000000 0.000000
v 221.607345 108.274469 28.242157
vt 0.000000 0.000000
v 229.254994 120.487373 28.242157
vt 0.000000 0.000000
v 230.379321 120.346671 28.242157
vt 0.000000 0.000000
v 229.811592 124.694349 28.242157
vt 0.000000 0.000000
v 231.726287 129.956584 28.242157
vt 0.000000 0.000000
v 231.002710 124.539577 28.242157
vt 0.000000 0.000000
v 218.156441 119.333620 28.242157
vt 0.000000 0.000000
v 219.781706 131.546510 28.242157
vt 0.000000 0.000000
v 213.224988 111.102574 28.242157
vt 0.000000 0.000000
v 214.382710 119.840146 28.242157
vt 0.000000 0.000000
v 221.829984 109.962890 32.356430
vt 0.000000 0.000000
v 221.607345 108.274469 32.356430
vt 0.000000 0.000000
v 228.653869 107.345838 32.356430
vt 0.000000 0.000000
v 230.379321 120.346671 32.356430
vt 0.000000 0.000000
v 229.254994 120.487373 32.356430
vt 0.000000 0.000000
v 229.811592 124.694349 32.356430
vt 0.000000 0.000000
v 231.002710 124.539577 32.356430
vt 0.000000 0.000000
v 231.726287 129.956584 32.356430
vt 0.000000 0.000000
v 219.781706 131.546510 32.356430
vt 0.000000 0.000000
v 218.156441 119.333620 32.356430
vt 0.000000 0.000000
v 214.382710 119.840146 32.356430
vt 0.000000 0.000000
v 213.224988 111.102574 32.356430
vt 0.000000 0.000000
v 220.037741 157.252628 28.213768
vt 0.000000 0.000000
v 224.123166 137.990633 28.213768
vt 0.000000 0.000000
v 217.599844 138.848911 28.213768
vt 0.000000 0.000000
v 224.301277 139.355436 28.213768
vt 0.000000 0.000000
v 238.360929 146.080957 28.213768
vt 0.000000 0.000000
v 237.236602 137.638880 28.213768
vt 0.000000 0.000000
v 232.460996 146.854813 28.213768
vt 0.000000 0.000000
v 233.596454 155.451654 28.213768
vt 0.000000 0.000000
v 220.037741 157.252628 32.354477
vt 0.000000 0.000000
v 217.599844 138.848911 32.354477
vt 0.000000 0.000000
v 224.123166 137.990633 32.354477
vt 0.000000 0.000000
v 224.301277 139.355436 32.354477
vt 0.000000 0.000000
v 237.236602 137.638880 32.354477
vt 0.000000 0.000000
v 238.360929 146.080957 32.354477
vt 0.000000 0.000000
v 232.460996 146.854813 32.354477
vt 0.000000 0.000000
v 233.596454 155.451654 32.354477
vt 0.000000 0.000000
v 198.074405 142.872968 28.357887
vt 0.000000 0.000000
v 200.011364 157.337048 28.357887
vt 0.000000 0.000000
v 215.952315 155.212462 28.357887
vt 0.000000 0.000000
v 214.349315 143.210651 28.357887
vt 0.000000 0.000000
v 208.415986 143.998578 28.357887
vt 0.000000 0.000000
v 207.937312 140.382556 28.357887
vt 0.000000 0.000000
v 204.909422 140.776519 28.357887
vt 0.000000 0.000000
v 205.065269 141.944340 28.357887
vt 0.000000 0.000000
v 198.074405 142.872968 32.956017
vt 0.000000 0.000000
v 215.952315 155.212462 32.956017
vt 0.000000 0.000000
v 200.011364 157.337048 32.956017
vt 0.000000 0.000000
v 208.415986 143.998578 32.956017
vt 0.000000 0.000000
v 214.349315 143.210651 32.956017
vt 0.000000 0.000000
v 204.909422 140.776519 32.956017
vt 0.000000 0.000000
v 207.937312 140.382556 32.956017
vt 0.000000 0.000000
v 205.065269 141.944340 32.956017
vt 0.000000 0.000000
v 202.961331 131.687212 28.569489
vt 0.000000 0.000000
v 195.124438 124.004911 28.569489
vt 0.000000 0.000000
v 196.271029 132.587701 28.569489
vt 0.000000 0.000000
v 195.369341 120.656215 28.569489
vt 0.000000 0.000000
v 193.265403 112.129696 28.569489
vt 0.000000 0.000000
v 194.423126 120.782846 28.569489
vt 0.000000 0.000000
v 199.822121 111.257346 28.569489
vt 0.000000 0.000000
v 207.859388 109.512645 28.569489
vt 0.000000 0.000000
v 199.733065 110.596048 28.569489
vt 0.000000 0.000000
v 202.694164 129.661111 28.569489
vt 0.000000 0.000000
v 210.408605 128.633990 28.569489
vt 0.000000 0.000000
v 195.803487 123.920490 28.569489
vt 0.000000 0.000000
v 202.961331 131.687212 33.370758
vt 0.000000 0.000000
v 196.271029 132.587701 33.370758
vt 0.000000 0.000000
v 195.124438 124.004911 33.370758
vt 0.000000 0.000000
v 195.369341 120.656215 33.370758
vt 0.000000 0.000000
v 194.423126 120.782846 33.370758
vt 0.000000 0.000000
v 193.265403 112.129696 33.370758
vt 0.000000 0.000000
v 199.822121 111.257346 33.370758
vt 0.000000 0.000000
v 199.733065 110.596048 33.370758
vt 0.000000 0.000000
v 207.859388 109.512645 33.370758
vt 0.000000 0.000000
v 210.408605 128.633990 33.370758
vt 0.000000 0.000000
v 202.694164 129.661111 33.370758
vt 0.000000 0.000000
v 195.803487 123.920490 33.370758
vt 0.000000 0.000000
v 161.684063 125.482277 29.256432
vt 0.000000 0.000000
v 183.547211 111.918644 29.256432
vt 0.000000 0.000000
v 160.281438 115.042221 29.256432
vt 0.000000 0.000000
v 176.578611 124.286314 29.256432
vt 0.000000 0.000000
v 185.061156 123.146632 29.256432
vt 0.000000 0.000000
v 167.327962 130.364618 29.256432
vt 0.000000 0.000000
v 177.224264 129.027954 29.256432
vt 0.000000 0.000000
v 166.593253 124.820980 29.256432
vt 0.000000 0.000000
v 161.684063 125.482277 34.274803
vt 0.000000 0.000000
v 160.281438 115.042221 34.274803
vt 0.000000 0.000000
v 183.547211 111.918644 34.274803
vt 0.000000 0.000000
v 185.061156 123.146632 34.274803
vt 0.000000 0.000000
v 176.578611 124.286314 34.274803
vt 0.000000 0.000000
v 177.224264 129.027954 34.274803
vt 0.000000 0.000000
v 167.327962 130.364618 34.274803
vt 0.000000 0.000000
v 166.593253 124.820980 34.274803
vt 0.000000 0.000000
v 178.916321 130.547530 29.431992
vt 0.000000 0.000000
v 161.016146 133.037945 29.431992
vt 0.000000 0.000000
v 162.507828 143.773456 29.431992
vt 0.000000 0.000000
v 169.699067 142.760407 29.431992
vt 0.000000 0.000000
v 170.166609 146.137237 29.431992
vt 0.000000 0.000000
v 174.786367 145.490011 29.431992
vt 0.000000 0.000000
v 174.942215 146.601551 29.431992
vt 0.000000 0.000000
v 181.075919 145.743274 29.431992
vt 0.000000 0.000000
v 180.463662 141.325254 29.431992
vt 0.000000 0.000000
v 185.372851 140.635818 29.431992
vt 0.000000 0.000000
v 184.159469 131.912334 29.431992
vt 0.000000 0.000000
v 187.855276 131.405809 29.431992
vt 0.000000 0.000000
v 187.510185 128.915393 29.431992
vt 0.000000 0.000000
v 182.422885 129.632971 29.431992
vt 0.000000 0.000000
v 182.567600 130.674161 29.431992
vt 0.000000 0.000000
v 179.005376 131.180686 29.431992
vt 0.000000 0.000000
v 178.916321 130.547530 34.000504
vt 0.000000 0.000000
v 162.507828 143.773456 34.000504
vt 0.000000 0.000000
v 161.016146 133.037945 34.000504
vt 0.000000 0.000000
v 169.699067 142.760407 34.000504
vt 0.000000 0.000000
v 174.786367 145.490011 34.000504
vt 0.000000 0.000000
v 170.166609 146.137237 34.000504
vt 0.000000 0.000000
v 181.075919 145.743274 34.000504
vt 0.000000 0.000000
v 174.942215 146.601551 34.000504
vt 0.000000 0.000000
v 180.463662 141.325254 34.000504
vt 0.000000 0.000000
v 184.159469 131.912334 34.000504
vt 0.000000 0.000000
v 185.372851 140.635818 34.000504
vt 0.000000 0.000000
v 187.510185 128.915393 34.000504
vt 0.000000 0.000000
v 187.855276 131.405809 34.000504
vt 0.000000 0.000000
v 182.567600 130.674161 34.000504
vt 0.000000 0.000000
v 182.422885 129.632971 34.000504
vt 0.000000 0.000000
v 179.005376 131.180686 34.000504
vt 0.000000 0.000000
v 181.587988 151.399462 29.952934
vt 0.000000 0.000000
v 163.097821 153.777311 29.952934
vt 0.000000 0.000000
v 164.500447 164.625361 29.952934
vt 0.000000 0.000000
v 172.404130 163.598244 29.952934
vt 0.000000 0.000000
v 172.916200 167.608222 29.952934
vt 0.000000 0.000000
v 183.658531 166.215282 29.952934
vt 0.000000 0.000000
v 182.834767 159.855597 29.952934
vt 0.000000 0.000000
v 190.304305 158.898830 29.952934
vt 0.000000 0.000000
v 189.335825 151.371321 29.952934
vt 0.000000 0.000000
v 181.710440 152.342159 29.952934
vt 0.000000 0.000000
v 181.587988 151.399462 34.451553
vt 0.000000 0.000000
v 164.500447 164.625361 34.451553
vt 0.000000 0.000000
v 163.097821 153.777311 34.451553
vt 0.000000 0.000000
v 172.404130 163.598244 34.451553
vt 0.000000 0.000000
v 183.658531 166.215282 34.451553
vt 0.000000 0.000000
v 172.916200 167.608222 34.451553
vt 0.000000 0.000000
v 182.834767 159.855597 34.451553
vt 0.000000 0.000000
v 189.335825 151.371321 34.451553
vt 0.000000 0.000000
v 190.304305 158.898830 34.451553
vt 0.000000 0.000000
v 181.710440 152.342159 34.451553
vt 0.000000 0.000000
v 167.673052 186.574690 29.379349
vt 0.000000 0.000000
v 192.129944 171.716688 29.379349
vt 0.000000 0.000000
v 166.114579 175.304560 29.379349
vt 0.000000 0.000000
v 182.734579 183.240083 29.379349
vt 0.000000 0.000000
v 193.510306 181.762726 29.379349
vt 0.000000 0.000000
v 174.452409 189.219862 29.379349
vt 0.000000 0.000000
v 183.391364 187.995767 29.379349
vt 0.000000 0.000000
v 173.973735 185.702346 29.379349
vt 0.000000 0.000000
v 167.673052 186.574690 34.282097
vt 0.000000 0.000000
v 166.114579 175.304560 34.282097
vt 0.000000 0.000000
v 192.129944 171.716688 34.282097
vt 0.000000 0.000000
v 193.510306 181.762726 34.282097
vt 0.000000 0.000000
v 182.734579 183.240083 34.282097
vt 0.000000 0.000000
v 183.391364 187.995767 34.282097
vt 0.000000 0.000000
v 174.452409 189.219862 34.282097
vt 0.000000 0.000000
v 173.973735 185.702346 34.282097
vt 0.000000 0.000000
v 170.344720 203.937139 28.497284
vt 0.000000 0.000000
v 171.602630 213.842446 28.497284
vt 0.000000 0.000000
v 194.411994 210.944019 28.497284
vt 0.000000 0.000000
v 193.142952 201.024640 28.497284
vt 0.000000 0.000000
v 182.845899 202.333154 28.497284
vt 0.000000 0.000000
v 182.177982 197.028745 28.497284
vt 0.000000 0.000000
v 172.292811 198.280980 28.497284
vt 0.000000 0.000000
v 172.960728 203.613528 28.497284
vt 0.000000 0.000000
v 170.344720 203.937139 33.221901
vt 0.000000 0.000000
v 194.411994 210.944019 33.221901
vt 0.000000 0.000000
v 171.602630 213.842446 33.221901
vt 0.000000 0.000000
v 182.845899 202.333154 33.221901
vt 0.000000 0.000000
v 193.142952 201.024640 33.221901
vt 0.000000 0.000000
v 172.292811 198.280980 33.221901
vt 0.000000 0.000000
v 182.177982 197.028745 33.221901
vt 0.000000 0.000000
v 172.960728 203.613528 33.221901
vt 0.000000 0.000000
v 233.184572 323.658458 24.512009
vt 0.000000 0.000000
v 223.833735 324.910678 24.512009
vt 0.000000 0.000000
v 228.976696 363.673128 24.512009
vt 0.000000 0.000000
v 232.995329 363.138475 24.512009
vt 0.000000 0.000000
v 233.318156 365.572555 24.512009
vt 0.000000 0.000000
v 240.843353 364.573597 24.512009
vt 0.000000 0.000000
v 239.462992 354.105640 24.512009
vt 0.000000 0.000000
v 234.776441 354.724713 24.512009
vt 0.000000 0.000000
v 234.576066 353.289589 24.512009
vt 0.000000 0.000000
v 244.205202 352.023303 24.512009
vt 0.000000 0.000000
v 243.058611 343.314066 24.512009
vt 0.000000 0.000000
v 240.832221 336.884140 24.512009
vt 0.000000 0.000000
v 242.245979 335.026918 24.512009
vt 0.000000 0.000000
v 236.123407 330.383860 24.512009
vt 0.000000 0.000000
v 235.733789 330.918515 24.512009
vt 0.000000 0.000000
v 234.843233 324.207184 24.512009
vt 0.000000 0.000000
v 233.284760 324.418232 24.512009
vt 0.000000 0.000000
v 241.711645 343.482904 24.512009
vt 0.000000 0.000000
v 233.184572 323.658458 29.855698
vt 0.000000 0.000000
v 228.976696 363.673128 29.855698
vt 0.000000 0.000000
v 223.833735 324.910678 29.855698
vt 0.000000 0.000000
v 232.995329 363.138475 29.855698
vt 0.000000 0.000000
v 240.843353 364.573597 29.855698
vt 0.000000 0.000000
v 233.318156 365.572555 29.855698
vt 0.000000 0.000000
v 234.776441 354.724713 29.855698
vt 0.000000 0.000000
v 239.462992 354.105640 29.855698
vt 0.000000 0.000000
v 234.576066 353.289589 29.855698
vt 0.000000 0.000000
v 243.058611 343.314066 29.855698
vt 0.000000 0.000000
v 244.205202 352.023303 29.855698
vt 0.000000 0.000000
v 240.832221 336.884140 29.855698
vt 0.000000 0.000000
v 236.123407 330.383860 29.855698
vt 0.000000 0.000000
v 242.245979 335.026918 29.855698
vt 0.000000 0.000000
v 235.733789 330.918515 29.855698
vt 0.000000 0.000000
v 233.284760 324.418232 29.855698
vt 0.000000 0.000000
v 234.843233 324.207184 29.855698
vt 0.000000 0.000000
v 241.711645 343.482904 29.855698
vt 0.000000 0.000000
v 229.555557 319.747030 25.677567
vt 0.000000 0.000000
v 220.160192 310.376481 25.677567
vt 0.000000 0.000000
v 221.562818 320.816342 25.677567
vt 0.000000 0.000000
v 221.373574 310.207642 25.677567
vt 0.000000 0.000000
v 224.913534 282.855719 25.677567
vt 0.000000 0.000000
v 217.811351 283.826544 25.677567
vt 0.000000 0.000000
v 231.948926 280.323130 25.677567
vt 0.000000 0.000000
v 224.702027 281.308025 25.677567
vt 0.000000 0.000000
v 231.492516 294.055383 25.677567
vt 0.000000 0.000000
v 233.763434 293.759915 25.677567
vt 0.000000 0.000000
v 232.594579 302.244075 25.677567
vt 0.000000 0.000000
v 236.179067 309.771475 25.677567
vt 0.000000 0.000000
v 235.121532 301.906397 25.677567
vt 0.000000 0.000000
v 228.353306 310.826718 25.677567
vt 0.000000 0.000000
v 229.555557 319.747030 30.301361
vt 0.000000 0.000000
v 221.562818 320.816342 30.301361
vt 0.000000 0.000000
v 220.160192 310.376481 30.301361
vt 0.000000 0.000000
v 221.373574 310.207642 30.301361
vt 0.000000 0.000000
v 217.811351 283.826544 30.301361
vt 0.000000 0.000000
v 224.913534 282.855719 30.301361
vt 0.000000 0.000000
v 224.702027 281.308025 30.301361
vt 0.000000 0.000000
v 231.948926 280.323130 30.301361
vt 0.000000 0.000000
v 233.763434 293.759915 30.301361
vt 0.000000 0.000000
v 231.492516 294.055383 30.301361
vt 0.000000 0.000000
v 232.594579 302.244075 30.301361
vt 0.000000 0.000000
v 235.121532 301.906397 30.301361
vt 0.000000 0.000000
v 236.179067 309.771475 30.301361
vt 0.000000 0.000000
v 228.353306 310.826718 30.301361
vt 0.000000 0.000000
v 245.262737 293.886544 24.907120
vt 0.000000 0.000000
v 243.926903 279.704052 24.907120
vt 0.000000 0.000000
v 243.359174 279.774402 24.907120
vt 0.000000 0.000000
v 257.452221 273.949444 24.907120
vt 0.000000 0.000000
v 243.414834 275.834817 24.907120
vt 0.000000 0.000000
v 259.689743 290.509762 24.907120
vt 0.000000 0.000000
v 262.706501 298.951715 24.907120
vt 0.000000 0.000000
v 261.537647 290.256503 24.907120
vt 0.000000 0.000000
v 253.845470 294.350852 24.907120
vt 0.000000 0.000000
v 254.613574 300.049169 24.907120
vt 0.000000 0.000000
v 246.053106 293.773985 24.907120
vt 0.000000 0.000000
v 246.275744 295.377956 24.907120
vt 0.000000 0.000000
v 245.262737 293.886544 30.145966
vt 0.000000 0.000000
v 243.359174 279.774402 30.145966
vt 0.000000 0.000000
v 243.926903 279.704052 30.145966
vt 0.000000 0.000000
v 243.414834 275.834817 30.145966
vt 0.000000 0.000000
v 257.452221 273.949444 30.145966
vt 0.000000 0.000000
v 259.689743 290.509762 30.145966
vt 0.000000 0.000000
v 261.537647 290.256503 30.145966
vt 0.000000 0.000000
v 262.706501 298.951715 30.145966
vt 0.000000 0.000000
v 254.613574 300.049169 30.145966
vt 0.000000 0.000000
v 253.845470 294.350852 30.145966
vt 0.000000 0.000000
v 246.275744 295.377956 30.145966
vt 0.000000 0.000000
v 246.053106 293.773985 30.145966
vt 0.000000 0.000000
v 211.755570 236.593661 26.583939
vt 0.000000 0.000000
v 209.072771 229.150628 26.583939
vt 0.000000 0.000000
v 210.141438 236.818781 26.583939
vt 0.000000 0.000000
v 217.299281 229.755638 26.583939
vt 0.000000 0.000000
v 217.065510 228.039097 26.583939
vt 0.000000 0.000000
v 226.538799 242.854809 26.583939
vt 0.000000 0.000000
v 224.568444 228.742598 26.583939
vt 0.000000 0.000000
v 229.110279 248.018495 26.583939
vt 0.000000 0.000000
v 228.353306 242.601549 26.583939
vt 0.000000 0.000000
v 227.139924 248.299894 26.583939
vt 0.000000 0.000000
v 214.917044 259.344826 26.583939
vt 0.000000 0.000000
v 228.420098 257.473520 26.583939
vt 0.000000 0.000000
v 211.755570 236.593661 31.571251
vt 0.000000 0.000000
v 210.141438 236.818781 31.571251
vt 0.000000 0.000000
v 209.072771 229.150628 31.571251
vt 0.000000 0.000000
v 217.065510 228.039097 31.571251
vt 0.000000 0.000000
v 217.299281 229.755638 31.571251
vt 0.000000 0.000000
v 224.568444 228.742598 31.571251
vt 0.000000 0.000000
v 226.538799 242.854809 31.571251
vt 0.000000 0.000000
v 228.353306 242.601549 31.571251
vt 0.000000 0.000000
v 229.110279 248.018495 31.571251
vt 0.000000 0.000000
v 227.139924 248.299894 31.571251
vt 0.000000 0.000000
v 228.420098 257.473520 31.571251
vt 0.000000 0.000000
v 214.917044 259.344826 31.571251
vt 0.000000 0.000000
v 236.680004 237.466001 25.262268
vt 0.000000 0.000000
v 239.151297 254.575105 25.262268
vt 0.000000 0.000000
v 254.736026 252.323909 25.262268
vt 0.000000 0.000000
v 252.743407 238.521251 25.262268
vt 0.000000 0.000000
v 254.479991 238.282061 25.262268
vt 0.000000 0.000000
v 253.656227 232.147540 25.262268
vt 0.000000 0.000000
v 253.400192 230.234019 25.262268
vt 0.000000 0.000000
v 245.407452 231.387759 25.262268
vt 0.000000 0.000000
v 243.993695 237.212741 25.262268
vt 0.000000 0.000000
v 243.882375 236.424821 25.262268
vt 0.000000 0.000000
v 246.197821 236.903201 25.262268
vt 0.000000 0.000000
v 236.680004 237.466001 29.974648
vt 0.000000 0.000000
v 254.736026 252.323909 29.974648
vt 0.000000 0.000000
v 239.151297 254.575105 29.974648
vt 0.000000 0.000000
v 252.743407 238.521251 29.974648
vt 0.000000 0.000000
v 253.656227 232.147540 29.974648
vt 0.000000 0.000000
v 254.479991 238.282061 29.974648
vt 0.000000 0.000000
v 245.407452 231.387759 29.974648
vt 0.000000 0.000000
v 253.400192 230.234019 29.974648
vt 0.000000 0.000000
v 243.993695 237.212741 29.974648
vt 0.000000 0.000000
v 243.882375 236.424821 29.974648
vt 0.000000 0.000000
v 246.197821 236.903201 29.974648
vt 0.000000 0.000000
v 52.078893 360.057182 31.764801
vt 0.000000 0.000000
v 80.487627 356.736700 31.764801
vt 0.000000 0.000000
v 77.849355 334.323424 31.764801
vt 0.000000 0.000000
v 55.307158 337.221817 31.764801
vt 0.000000 0.000000
v 55.518665 338.938340 31.764801
vt 0.000000 0.000000
v 51.689275 339.360436 31.764801
vt 0.000000 0.000000
v 51.511163 338.037869 31.764801
vt 0.000000 0.000000
v 49.730052 338.277056 31.764801
vt 0.000000 0.000000
v 52.078893 360.057182 35.764801
vt 0.000000 0.000000
v 77.849355 334.323424 35.764801
vt 0.000000 0.000000
v 80.487627 356.736700 35.764801
vt 0.000000 0.000000
v 55.518665 338.938340 35.764801
vt 0.000000 0.000000
v 55.307158 337.221817 35.764801
vt 0.000000 0.000000
v 51.689275 339.360436 35.764801
vt 0.000000 0.000000
v 49.730052 338.277056 35.764801
vt 0.000000 0.000000
v 51.511163 338.037869 35.764801
vt 0.000000 0.000000
v 440.339013 141.634797 29.306305
vt 0.000000 0.000000
v 464.896092 144.054859 29.306305
vt 0.000000 0.000000
v 451.326247 142.619706 29.306305
vt 0.000000 0.000000
v 460.053695 155.747126 29.306305
vt 0.000000 0.000000
v 463.816293 156.084809 29.306305
vt 0.000000 0.000000
v 458.595409 172.082510 29.306305
vt 0.000000 0.000000
v 460.899723 200.264857 29.306305
vt 0.000000 0.000000
v 463.393279 172.504613 29.306305
vt 0.000000 0.000000
v 453.040567 227.588857 29.306305
vt 0.000000 0.000000
v 457.292971 238.985560 29.306305
vt 0.000000 0.000000
v 458.272583 228.067237 29.306305
vt 0.000000 0.000000
v 440.450332 237.480071 29.306305
vt 0.000000 0.000000
v 429.997432 242.967369 29.306305
vt 0.000000 0.000000
v 439.882603 243.853778 29.306305
vt 0.000000 0.000000
v 430.643085 235.791671 29.306305
vt 0.000000 0.000000
v 396.857620 223.466342 29.306305
vt 0.000000 0.000000
v 396.067251 232.682200 29.306305
vt 0.000000 0.000000
v 443.634070 194.664976 29.306305
vt 0.000000 0.000000
v 411.329153 189.529404 29.306305
vt 0.000000 0.000000
v 413.867238 191.991665 29.306305
vt 0.000000 0.000000
v 412.041598 180.932591 29.306305
vt 0.000000 0.000000
v 410.349542 184.886282 29.306305
vt 0.000000 0.000000
v 443.567278 181.256203 29.306305
vt 0.000000 0.000000
v 415.058356 178.695449 29.306305
vt 0.000000 0.000000
v 397.915155 149.049752 29.306305
vt 0.000000 0.000000
v 388.586582 153.833591 29.306305
vt 0.000000 0.000000
v 397.414217 154.635587 29.306305
vt 0.000000 0.000000
v 390.122790 136.808742 29.306305
vt 0.000000 0.000000
v 455.545255 199.786475 29.306305
vt 0.000000 0.000000
v 440.695235 227.405947 29.306305
vt 0.000000 0.000000
v 446.060835 153.369277 29.306305
vt 0.000000 0.000000
v 440.339013 141.634797 50.053787
vt 0.000000 0.000000
v 451.326247 142.619706 50.053787
vt 0.000000 0.000000
v 464.896092 144.054859 50.053787
vt 0.000000 0.000000
v 463.816293 156.084809 50.053787
vt 0.000000 0.000000
v 460.053695 155.747126 50.053787
vt 0.000000 0.000000
v 458.595409 172.082510 50.053787
vt 0.000000 0.000000
v 463.393279 172.504613 50.053787
vt 0.000000 0.000000
v 460.899723 200.264857 50.053787
vt 0.000000 0.000000
v 453.040567 227.588857 50.053787
vt 0.000000 0.000000
v 458.272583 228.067237 50.053787
vt 0.000000 0.000000
v 457.292971 238.985560 50.053787
vt 0.000000 0.000000
v 440.450332 237.480071 50.053787
vt 0.000000 0.000000
v 439.882603 243.853778 50.053787
vt 0.000000 0.000000
v 429.997432 242.967369 50.053787
vt 0.000000 0.000000
v 430.643085 235.791671 50.053787
vt 0.000000 0.000000
v 396.067251 232.682200 50.053787
vt 0.000000 0.000000
v 396.857620 223.466342 50.053787
vt 0.000000 0.000000
v 443.634070 194.664976 50.053787
vt 0.000000 0.000000
v 413.867238 191.991665 50.053787
vt 0.000000 0.000000
v 411.329153 189.529404 50.053787
vt 0.000000 0.000000
v 410.349542 184.886282 50.053787
vt 0.000000 0.000000
v 412.041598 180.932591 50.053787
vt 0.000000 0.000000
v 415.058356 178.695449 50.053787
vt 0.000000 0.000000
v 443.567278 181.256203 50.053787
vt 0.000000 0.000000
v 397.915155 149.049752 50.053787
vt 0.000000 0.000000
v 397.414217 154.635587 50.053787
vt 0.000000 0.000000
v 388.586582 153.833591 50.053787
vt 0.000000 0.000000
v 390.122790 136.808742 50.053787
vt 0.000000 0.000000
v 455.545255 199.786475 50.053787
vt 0.000000 0.000000
v 440.695235 227.405947 50.053787
vt 0.000000 0.000000
v 446.060835 153.369277 50.053787
vt 0.000000 0.000000
v 734.144545 224.577874 21.478195
vt 0.000000 0.000000
v 682.492301 181.917497 21.478195
vt 0.000000 0.000000
v 689.627880 231.050079 21.478195
vt 0.000000 0.000000
v 726.997834 175.445261 21.478195
vt 0.000000 0.000000
v 734.144545 224.577874 31.516388
vt 0.000000 0.000000
v 689.627880 231.050079 31.516388
vt 0.000000 0.000000
v 682.492301 181.917497 31.516388
vt 0.000000 0.000000
v 726.997834 175.445261 31.516388
vt 0.000000 0.000000
v 667.352850 278.550317 20.546394
vt 0.000000 0.000000
v 598.590801 257.600150 20.546394
vt 0.000000 0.000000
v 602.453587 287.076699 20.546394
vt 0.000000 0.000000
v 663.478932 249.073743 20.546394
vt 0.000000 0.000000
v 667.352850 278.550317 36.984795
vt 0.000000 0.000000
v 602.453587 287.076699 36.984795
vt 0.000000 0.000000
v 598.590801 257.600150 36.984795
vt 0.000000 0.000000
v 663.478932 249.073743 36.984795
vt 0.000000 0.000000
v 743.172556 280.463829 19.356140
vt 0.000000 0.000000
v 672.184116 253.111828 19.356140
vt 0.000000 0.000000
v 677.160097 289.482657 19.356140
vt 0.000000 0.000000
v 738.207706 244.078898 19.356140
vt 0.000000 0.000000
v 743.172556 280.463829 25.934990
vt 0.000000 0.000000
v 677.160097 289.482657 25.934990
vt 0.000000 0.000000
v 672.184116 253.111828 25.934990
vt 0.000000 0.000000
v 738.207706 244.078898 25.934990
vt 0.000000 0.000000
v 650.732850 89.645543 18.344101
vt 0.000000 0.000000
v 685.731698 66.317128 18.344101
vt 0.000000 0.000000
v 668.811136 57.565442 18.344101
vt 0.000000 0.000000
v 686.310560 100.732854 18.344101
vt 0.000000 0.000000
v 711.691404 120.276320 18.344101
vt 0.000000 0.000000
v 714.318544 100.732854 18.344101
vt 0.000000 0.000000
v 705.858262 119.108497 18.344101
vt 0.000000 0.000000
v 664.146849 112.397029 18.344101
vt 0.000000 0.000000
v 689.238262 118.813024 18.344101
vt 0.000000 0.000000
v 654.228282 92.276670 18.344101
vt 0.000000 0.000000
v 648.974002 107.444329 18.344101
vt 0.000000 0.000000
v 673.775985 89.941018 18.344101
vt 0.000000 0.000000
v 650.732850 89.645543 24.597771
vt 0.000000 0.000000
v 668.811136 57.565442 24.597771
vt 0.000000 0.000000
v 685.731698 66.317128 24.597771
vt 0.000000 0.000000
v 686.310560 100.732854 24.597771
vt 0.000000 0.000000
v 714.318544 100.732854 24.597771
vt 0.000000 0.000000
v 711.691404 120.276320 24.597771
vt 0.000000 0.000000
v 705.858262 119.108497 24.597771
vt 0.000000 0.000000
v 689.238262 118.813024 24.597771
vt 0.000000 0.000000
v 664.146849 112.397029 24.597771
vt 0.000000 0.000000
v 648.974002 107.444329 24.597771
vt 0.000000 0.000000
v 654.228282 92.276670 24.597771
vt 0.000000 0.000000
v 673.775985 89.941018 24.597771
vt 0.000000 0.000000
v 711.580084 163.021370 19.868141
vt 0.000000 0.000000
v 664.113453 128.732481 19.868141
vt 0.000000 0.000000
v 669.835275 168.958950 19.868141
vt 0.000000 0.000000
v 705.858262 122.794878 19.868141
vt 0.000000 0.000000
v 711.580084 163.021370 27.521088
vt 0.000000 0.000000
v 669.835275 168.958950 27.521088
vt 0.000000 0.000000
v 664.113453 128.732481 27.521088
vt 0.000000 0.000000
v 705.858262 122.794878 27.521088
vt 0.000000 0.000000
v 627.711980 113.635204 20.910553
vt 0.000000 0.000000
v 630.071953 124.230034 20.910553
vt 0.000000 0.000000
v 647.627037 120.318531 20.910553
vt 0.000000 0.000000
v 645.267063 109.723697 20.910553
vt 0.000000 0.000000
v 627.711980 113.635204 27.263443
vt 0.000000 0.000000
v 647.627037 120.318531 27.263443
vt 0.000000 0.000000
v 630.071953 124.230034 27.263443
vt 0.000000 0.000000
v 645.267063 109.723697 27.263443
vt 0.000000 0.000000
v 642.628791 241.883979 22.624939
vt 0.000000 0.000000
v 554.986956 223.846233 22.624939
vt 0.000000 0.000000
v 558.181826 251.831460 22.624939
vt 0.000000 0.000000
v 640.224290 213.096734 22.624939
vt 0.000000 0.000000
v 642.628791 241.883979 28.986420
vt 0.000000 0.000000
v 558.181826 251.831460 28.986420
vt 0.000000 0.000000
v 554.986956 223.846233 28.986420
vt 0.000000 0.000000
v 640.224290 213.096734 28.986420
vt 0.000000 0.000000
v 451.326247 142.619706 30.040794
vt 0.000000 0.000000
v 441.596923 127.409888 30.040794
vt 0.000000 0.000000
v 440.339013 141.634797 30.040794
vt 0.000000 0.000000
v 452.595289 128.394798 30.040794
vt 0.000000 0.000000
v 451.326247 142.619706 50.511635
vt 0.000000 0.000000
v 440.339013 141.634797 50.511635
vt 0.000000 0.000000
v 441.596923 127.409888 50.511635
vt 0.000000 0.000000
v 452.595289 128.394798 50.511635
vt 0.000000 0.000000
v 396.857620 223.466342 32.693001
vt 0.000000 0.000000
v 395.321411 240.955360 32.693001
vt 0.000000 0.000000
v 396.067251 232.682200 32.693001
vt 0.000000 0.000000
v 385.703407 237.944381 32.693001
vt 0.000000 0.000000
v 385.514164 240.068950 32.693001
vt 0.000000 0.000000
v 386.170949 232.766620 32.693001
vt 0.000000 0.000000
v 378.011230 215.967020 32.693001
vt 0.000000 0.000000
v 376.575208 231.908350 32.693001
vt 0.000000 0.000000
v 388.475262 222.720631 32.693001
vt 0.000000 0.000000
v 388.987332 216.951922 32.693001
vt 0.000000 0.000000
v 396.857620 223.466342 53.311790
vt 0.000000 0.000000
v 396.067251 232.682200 53.311790
vt 0.000000 0.000000
v 395.321411 240.955360 53.311790
vt 0.000000 0.000000
v 385.514164 240.068950 53.311790
vt 0.000000 0.000000
v 385.703407 237.944381 53.311790
vt 0.000000 0.000000
v 386.170949 232.766620 53.311790
vt 0.000000 0.000000
v 376.575208 231.908350 53.311790
vt 0.000000 0.000000
v 378.011230 215.967020 53.311790
vt 0.000000 0.000000
v 388.987332 216.951922 53.311790
vt 0.000000 0.000000
v 388.475262 222.720631 53.311790
vt 0.000000 0.000000
v 552.860754 505.116158 18.693909
vt 0.000000 0.000000
v 538.645255 499.854112 18.693909
vt 0.000000 0.000000
v 539.402228 506.931141 18.693909
vt 0.000000 0.000000
v 551.703031 498.165754 18.693909
vt 0.000000 0.000000
v 552.860754 505.116158 22.267136
vt 0.000000 0.000000
v 539.402228 506.931141 22.267136
vt 0.000000 0.000000
v 538.645255 499.854112 22.267136
vt 0.000000 0.000000
v 551.703031 498.165754 22.267136
vt 0.000000 0.000000
v 395.310279 89.997298 30.277977
vt 0.000000 0.000000
v 394.631230 110.807100 30.277977
vt 0.000000 0.000000
v 405.885630 111.172925 30.277977
vt 0.000000 0.000000
v 406.564679 90.363123 30.277977
vt 0.000000 0.000000
v 395.310279 89.997298 34.553581
vt 0.000000 0.000000
v 405.885630 111.172925 34.553581
vt 0.000000 0.000000
v 394.631230 110.807100 34.553581
vt 0.000000 0.000000
v 406.564679 90.363123 34.553581
vt 0.000000 0.000000
v 590.709381 61.828724 20.309288
vt 0.000000 0.000000
v 644.209528 107.964926 20.309288
vt 0.000000 0.000000
v 637.129609 56.425752 20.309288
vt 0.000000 0.000000
v 618.327747 111.524679 20.309288
vt 0.000000 0.000000
v 564.994579 120.318531 20.309288
vt 0.000000 0.000000
v 607.073346 115.168852 20.309288
vt 0.000000 0.000000
v 564.660620 116.786921 20.309288
vt 0.000000 0.000000
v 547.717794 83.623497 20.309288
vt 0.000000 0.000000
v 552.304157 120.937618 20.309288
vt 0.000000 0.000000
v 550.578705 83.229531 20.309288
vt 0.000000 0.000000
v 562.356307 78.276817 20.309288
vt 0.000000 0.000000
v 550.133427 79.951172 20.309288
vt 0.000000 0.000000
v 573.944666 70.749250 20.309288
vt 0.000000 0.000000
v 561.554806 72.451747 20.309288
vt 0.000000 0.000000
v 590.831832 63.179466 20.309288
vt 0.000000 0.000000
v 573.243353 65.599546 20.309288
vt 0.000000 0.000000
v 590.709381 61.828724 24.309288
vt 0.000000 0.000000
v 637.129609 56.425752 24.309288
vt 0.000000 0.000000
v 644.209528 107.964926 24.309288
vt 0.000000 0.000000
v 618.327747 111.524679 24.309288
vt 0.000000 0.000000
v 607.073346 115.168852 24.309288
vt 0.000000 0.000000
v 564.994579 120.318531 24.309288
vt 0.000000 0.000000
v 564.660620 116.786921 24.309288
vt 0.000000 0.000000
v 552.304157 120.937618 24.309288
vt 0.000000 0.000000
v 547.717794 83.623497 24.309288
vt 0.000000 0.000000
v 550.578705 83.229531 24.309288
vt 0.000000 0.000000
v 550.133427 79.951172 24.309288
vt 0.000000 0.000000
v 562.356307 78.276817 24.309288
vt 0.000000 0.000000
v 561.554806 72.451747 24.309288
vt 0.000000 0.000000
v 573.944666 70.749250 24.309288
vt 0.000000 0.000000
v 573.243353 65.599546 24.309288
vt 0.000000 0.000000
v 590.831832 63.179466 24.309288
vt 0.000000 0.000000
v 304.584894 443.758286 23.908089
vt 0.000000 0.000000
v 305.698089 452.411161 23.908089
vt 0.000000 0.000000
v 311.241799 451.693605 23.908089
vt 0.000000 0.000000
v 313.089703 466.044700 23.908089
vt 0.000000 0.000000
v 314.570252 467.367251 23.908089
vt 0.000000 0.000000
v 316.874566 467.085857 23.908089
vt 0.000000 0.000000
v 317.920969 465.777376 23.908089
vt 0.000000 0.000000
v 317.798517 464.820637 23.908089
vt 0.000000 0.000000
v 325.034284 463.877967 23.908089
vt 0.000000 0.000000
v 323.164117 449.372103 23.908089
vt 0.000000 0.000000
v 318.700205 449.948961 23.908089
vt 0.000000 0.000000
v 318.444170 447.951062 23.908089
vt 0.000000 0.000000
v 314.937606 448.401293 23.908089
vt 0.000000 0.000000
v 313.089703 450.708726 23.908089
vt 0.000000 0.000000
v 312.076695 442.787475 23.908089
vt 0.000000 0.000000
v 315.204773 450.441401 23.908089
vt 0.000000 0.000000
v 304.584894 443.758286 28.498886
vt 0.000000 0.000000
v 311.241799 451.693605 28.498886
vt 0.000000 0.000000
v 305.698089 452.411161 28.498886
vt 0.000000 0.000000
v 314.570252 467.367251 28.498886
vt 0.000000 0.000000
v 313.089703 466.044700 28.498886
vt 0.000000 0.000000
v 317.920969 465.777376 28.498886
vt 0.000000 0.000000
v 316.874566 467.085857 28.498886
vt 0.000000 0.000000
v 317.798517 464.820637 28.498886
vt 0.000000 0.000000
v 323.164117 449.372103 28.498886
vt 0.000000 0.000000
v 325.034284 463.877967 28.498886
vt 0.000000 0.000000
v 318.700205 449.948961 28.498886
vt 0.000000 0.000000
v 314.937606 448.401293 28.498886
vt 0.000000 0.000000
v 318.444170 447.951062 28.498886
vt 0.000000 0.000000
v 313.089703 450.708726 28.498886
vt 0.000000 0.000000
v 312.076695 442.787475 28.498886
vt 0.000000 0.000000
v 315.204773 450.441401 28.498886
vt 0.000000 0.000000
v 326.169743 454.394989 24.209328
vt 0.000000 0.000000
v 332.871176 444.011541 24.209328
vt 0.000000 0.000000
v 324.978624 445.010491 24.209328
vt 0.000000 0.000000
v 336.310949 440.761435 24.209328
vt 0.000000 0.000000
v 332.526086 441.239806 24.209328
vt 0.000000 0.000000
v 336.455664 441.985501 24.209328
vt 0.000000 0.000000
v 343.836146 449.273615 24.209328
vt 0.000000 0.000000
v 342.823139 441.183527 24.209328
vt 0.000000 0.000000
v 346.118196 458.531482 24.209328
vt 0.000000 0.000000
v 344.927077 449.146988 24.209328
vt 0.000000 0.000000
v 330.099321 453.902550 24.209328
vt 0.000000 0.000000
v 330.923085 460.444961 24.209328
vt 0.000000 0.000000
v 326.169743 454.394989 28.494339
vt 0.000000 0.000000
v 324.978624 445.010491 28.494339
vt 0.000000 0.000000
v 332.871176 444.011541 28.494339
vt 0.000000 0.000000
v 332.526086 441.239806 28.494339
vt 0.000000 0.000000
v 336.310949 440.761435 28.494339
vt 0.000000 0.000000
v 336.455664 441.985501 28.494339
vt 0.000000 0.000000
v 342.823139 441.183527 28.494339
vt 0.000000 0.000000
v 343.836146 449.273615 28.494339
vt 0.000000 0.000000
v 344.927077 449.146988 28.494339
vt 0.000000 0.000000
v 346.118196 458.531482 28.494339
vt 0.000000 0.000000
v 330.923085 460.444961 28.494339
vt 0.000000 0.000000
v 330.099321 453.902550 28.494339
vt 0.000000 0.000000
v 285.616053 450.610238 23.185501
vt 0.000000 0.000000
v 281.274592 451.158956 23.185501
vt 0.000000 0.000000
v 284.881344 479.889266 23.185501
vt 0.000000 0.000000
v 301.902094 477.750676 23.185501
vt 0.000000 0.000000
v 300.811163 469.041543 23.185501
vt 0.000000 0.000000
v 297.248939 466.973299 23.185501
vt 0.000000 0.000000
v 298.584773 466.804463 23.185501
vt 0.000000 0.000000
v 299.675704 465.383424 23.185501
vt 0.000000 0.000000
v 299.397405 462.414719 23.185501
vt 0.000000 0.000000
v 297.972516 461.261004 23.185501
vt 0.000000 0.000000
v 296.503099 461.443910 23.185501
vt 0.000000 0.000000
v 295.434432 453.030228 23.185501
vt 0.000000 0.000000
v 291.438062 453.536737 23.185501
vt 0.000000 0.000000
v 290.825805 448.626408 23.185501
vt 0.000000 0.000000
v 285.460205 449.301754 23.185501
vt 0.000000 0.000000
v 297.560634 469.449564 23.185501
vt 0.000000 0.000000
v 285.616053 450.610238 28.574638
vt 0.000000 0.000000
v 284.881344 479.889266 28.574638
vt 0.000000 0.000000
v 281.274592 451.158956 28.574638
vt 0.000000 0.000000
v 300.811163 469.041543 28.574638
vt 0.000000 0.000000
v 301.902094 477.750676 28.574638
vt 0.000000 0.000000
v 297.248939 466.973299 28.574638
vt 0.000000 0.000000
v 299.675704 465.383424 28.574638
vt 0.000000 0.000000
v 298.584773 466.804463 28.574638
vt 0.000000 0.000000
v 297.972516 461.261004 28.574638
vt 0.000000 0.000000
v 299.397405 462.414719 28.574638
vt 0.000000 0.000000
v 296.503099 461.443910 28.574638
vt 0.000000 0.000000
v 291.438062 453.536737 28.574638
vt 0.000000 0.000000
v 295.434432 453.030228 28.574638
vt 0.000000 0.000000
v 285.460205 449.301754 28.574638
vt 0.000000 0.000000
v 290.825805 448.626408 28.574638
vt 0.000000 0.000000
v 297.560634 469.449564 28.574638
vt 0.000000 0.000000
v 272.502617 447.135018 23.560104
vt 0.000000 0.000000
v 264.721384 448.035480 23.560104
vt 0.000000 0.000000
v 267.214941 469.590261 23.560104
vt 0.000000 0.000000
v 277.523126 468.394338 23.560104
vt 0.000000 0.000000
v 275.229944 448.570129 23.560104
vt 0.000000 0.000000
v 272.702992 448.865593 23.560104
vt 0.000000 0.000000
v 272.502617 447.135018 28.288757
vt 0.000000 0.000000
v 267.214941 469.590261 28.288757
vt 0.000000 0.000000
v 264.721384 448.035480 28.288757
vt 0.000000 0.000000
v 275.229944 448.570129 28.288757
vt 0.000000 0.000000
v 277.523126 468.394338 28.288757
vt 0.000000 0.000000
v 272.702992 448.865593 28.288757
vt 0.000000 0.000000
v 296.258196 416.392643 24.154114
vt 0.000000 0.000000
v 283.322871 407.458343 24.154114
vt 0.000000 0.000000
v 283.289475 416.350434 24.154114
vt 0.000000 0.000000
v 291.994659 401.872643 24.154114
vt 0.000000 0.000000
v 286.228310 396.807522 24.154114
vt 0.000000 0.000000
v 286.206046 401.844504 24.154114
vt 0.000000 0.000000
v 301.968886 401.126945 24.154114
vt 0.000000 0.000000
v 301.991150 396.863801 24.154114
vt 0.000000 0.000000
v 302.781518 409.709506 24.154114
vt 0.000000 0.000000
v 302.826046 401.141015 24.154114
vt 0.000000 0.000000
v 291.972395 407.500553 24.154114
vt 0.000000 0.000000
v 296.258196 416.392643 28.428520
vt 0.000000 0.000000
v 283.289475 416.350434 28.428520
vt 0.000000 0.000000
v 283.322871 407.458343 28.428520
vt 0.000000 0.000000
v 291.994659 401.872643 28.428520
vt 0.000000 0.000000
v 286.206046 401.844504 28.428520
vt 0.000000 0.000000
v 286.228310 396.807522 28.428520
vt 0.000000 0.000000
v 301.991150 396.863801 28.428520
vt 0.000000 0.000000
v 301.968886 401.126945 28.428520
vt 0.000000 0.000000
v 302.826046 401.141015 28.428520
vt 0.000000 0.000000
v 302.781518 409.709506 28.428520
vt 0.000000 0.000000
v 291.972395 407.500553 28.428520
vt 0.000000 0.000000
v 284.257955 386.578784 23.464882
vt 0.000000 0.000000
v 284.269087 394.162403 23.464882
vt 0.000000 0.000000
v 302.770386 394.317170 23.464882
vt 0.000000 0.000000
v 302.692462 386.255179 23.464882
vt 0.000000 0.000000
v 301.568136 386.212970 23.464882
vt 0.000000 0.000000
v 301.523608 380.627258 23.464882
vt 0.000000 0.000000
v 300.232302 380.599118 23.464882
vt 0.000000 0.000000
v 300.154378 376.518874 23.464882
vt 0.000000 0.000000
v 291.794284 377.602249 23.464882
vt 0.000000 0.000000
v 291.705229 384.341686 23.464882
vt 0.000000 0.000000
v 286.506608 384.299477 23.464882
vt 0.000000 0.000000
v 286.417553 386.663203 23.464882
vt 0.000000 0.000000
v 284.257955 386.578784 27.864052
vt 0.000000 0.000000
v 302.770386 394.317170 27.864052
vt 0.000000 0.000000
v 284.269087 394.162403 27.864052
vt 0.000000 0.000000
v 301.568136 386.212970 27.864052
vt 0.000000 0.000000
v 302.692462 386.255179 27.864052
vt 0.000000 0.000000
v 300.232302 380.599118 27.864052
vt 0.000000 0.000000
v 301.523608 380.627258 27.864052
vt 0.000000 0.000000
v 291.794284 377.602249 27.864052
vt 0.000000 0.000000
v 300.154378 376.518874 27.864052
vt 0.000000 0.000000
v 291.705229 384.341686 27.864052
vt 0.000000 0.000000
v 286.417553 386.663203 27.864052
vt 0.000000 0.000000
v 286.506608 384.299477 27.864052
vt 0.000000 0.000000
v 280.996294 369.934200 23.166061
vt 0.000000 0.000000
v 281.174405 371.158274 23.166061
vt 0.000000 0.000000
v 283.834941 370.778389 23.166061
vt 0.000000 0.000000
v 283.990788 371.918045 23.166061
vt 0.000000 0.000000
v 298.573641 369.906060 23.166061
vt 0.000000 0.000000
v 297.950252 365.347438 23.166061
vt 0.000000 0.000000
v 299.954003 365.066041 23.166061
vt 0.000000 0.000000
v 299.386274 360.985791 23.166061
vt 0.000000 0.000000
v 296.914981 356.835189 23.166061
vt 0.000000 0.000000
v 297.783273 356.708561 23.166061
vt 0.000000 0.000000
v 296.814793 349.743988 23.166061
vt 0.000000 0.000000
v 288.154137 350.939925 23.166061
vt 0.000000 0.000000
v 289.111485 357.834148 23.166061
vt 0.000000 0.000000
v 281.987037 358.819036 23.166061
vt 0.000000 0.000000
v 282.721746 364.137433 23.166061
vt 0.000000 0.000000
v 279.905363 364.531388 23.166061
vt 0.000000 0.000000
v 280.662335 369.976410 23.166061
vt 0.000000 0.000000
v 297.527238 361.253117 23.166061
vt 0.000000 0.000000
v 280.996294 369.934200 27.166061
vt 0.000000 0.000000
v 283.834941 370.778389 27.166061
vt 0.000000 0.000000
v 281.174405 371.158274 27.166061
vt 0.000000 0.000000
v 298.573641 369.906060 27.166061
vt 0.000000 0.000000
v 283.990788 371.918045 27.166061
vt 0.000000 0.000000
v 297.950252 365.347438 27.166061
vt 0.000000 0.000000
v 299.386274 360.985791 27.166061
vt 0.000000 0.000000
v 299.954003 365.066041 27.166061
vt 0.000000 0.000000
v 296.914981 356.835189 27.166061
vt 0.000000 0.000000
v 296.814793 349.743988 27.166061
vt 0.000000 0.000000
v 297.783273 356.708561 27.166061
vt 0.000000 0.000000
v 289.111485 357.834148 27.166061
vt 0.000000 0.000000
v 288.154137 350.939925 27.166061
vt 0.000000 0.000000
v 282.721746 364.137433 27.166061
vt 0.000000 0.000000
v 281.987037 358.819036 27.166061
vt 0.000000 0.000000
v 280.662335 369.976410 27.166061
vt 0.000000 0.000000
v 279.905363 364.531388 27.166061
vt 0.000000 0.000000
v 297.527238 361.253117 27.166061
vt 0.000000 0.000000
v 286.818303 337.672052 23.392326
vt 0.000000 0.000000
v 298.851940 326.008129 23.392326
vt 0.000000 0.000000
v 285.426809 327.921632 23.392326
vt 0.000000 0.000000
v 299.141371 328.498497 23.392326
vt 0.000000 0.000000
v 301.390024 336.757511 23.392326
vt 0.000000 0.000000
v 300.143246 328.400008 23.392326
vt 0.000000 0.000000
v 300.621920 336.898210 23.392326
vt 0.000000 0.000000
v 299.052315 341.963360 23.392326
vt 0.000000 0.000000
v 301.100594 341.639753 23.392326
vt 0.000000 0.000000
v 291.070708 349.321893 23.392326
vt 0.000000 0.000000
v 299.954003 347.943048 23.392326
vt 0.000000 0.000000
v 289.590158 338.333336 23.392326
vt 0.000000 0.000000
v 287.341505 338.671013 23.392326
vt 0.000000 0.000000
v 286.818303 337.672052 27.401527
vt 0.000000 0.000000
v 285.426809 327.921632 27.401527
vt 0.000000 0.000000
v 298.851940 326.008129 27.401527
vt 0.000000 0.000000
v 299.141371 328.498497 27.401527
vt 0.000000 0.000000
v 300.143246 328.400008 27.401527
vt 0.000000 0.000000
v 301.390024 336.757511 27.401527
vt 0.000000 0.000000
v 300.621920 336.898210 27.401527
vt 0.000000 0.000000
v 301.100594 341.639753 27.401527
vt 0.000000 0.000000
v 299.052315 341.963360 27.401527
vt 0.000000 0.000000
v 299.954003 347.943048 27.401527
vt 0.000000 0.000000
v 291.070708 349.321893 27.401527
vt 0.000000 0.000000
v 289.590158 338.333336 27.401527
vt 0.000000 0.000000
v 287.341505 338.671013 27.401527
vt 0.000000 0.000000
v 328.863675 408.316599 23.462860
vt 0.000000 0.000000
v 337.268296 398.580315 23.462860
vt 0.000000 0.000000
v 327.850667 399.677758 23.462860
vt 0.000000 0.000000
v 337.435275 399.945084 23.462860
vt 0.000000 0.000000
v 354.478290 402.449504 23.462860
vt 0.000000 0.000000
v 353.966220 398.017524 23.462860
vt 0.000000 0.000000
v 356.437513 405.643343 23.462860
vt 0.000000 0.000000
v 356.181478 403.687644 23.462860
vt 0.000000 0.000000
v 355.346582 407.162878 23.462860
vt 0.000000 0.000000
v 348.277794 415.365551 23.462860
vt 0.000000 0.000000
v 356.203742 414.436947 23.462860
vt 0.000000 0.000000
v 344.014257 416.871015 23.462860
vt 0.000000 0.000000
v 348.389113 416.364504 23.462860
vt 0.000000 0.000000
v 343.914070 415.956481 23.462860
vt 0.000000 0.000000
v 337.535463 407.303576 23.462860
vt 0.000000 0.000000
v 338.615262 416.575550 23.462860
vt 0.000000 0.000000
v 328.863675 408.316599 28.493584
vt 0.000000 0.000000
v 327.850667 399.677758 28.493584
vt 0.000000 0.000000
v 337.268296 398.580315 28.493584
vt 0.000000 0.000000
v 337.435275 399.945084 28.493584
vt 0.000000 0.000000
v 353.966220 398.017524 28.493584
vt 0.000000 0.000000
v 354.478290 402.449504 28.493584
vt 0.000000 0.000000
v 356.181478 403.687644 28.493584
vt 0.000000 0.000000
v 356.437513 405.643343 28.493584
vt 0.000000 0.000000
v 355.346582 407.162878 28.493584
vt 0.000000 0.000000
v 356.203742 414.436947 28.493584
vt 0.000000 0.000000
v 348.277794 415.365551 28.493584
vt 0.000000 0.000000
v 348.389113 416.364504 28.493584
vt 0.000000 0.000000
v 344.014257 416.871015 28.493584
vt 0.000000 0.000000
v 343.914070 415.956481 28.493584
vt 0.000000 0.000000
v 338.615262 416.575550 28.493584
vt 0.000000 0.000000
v 337.535463 407.303576 28.493584
vt 0.000000 0.000000
v 330.845162 383.441219 22.990540
vt 0.000000 0.000000
v 330.744974 398.791362 22.990540
vt 0.000000 0.000000
v 340.785992 397.257755 22.990540
vt 0.000000 0.000000
v 340.685805 390.996700 22.990540
vt 0.000000 0.000000
v 354.789984 390.799723 22.990540
vt 0.000000 0.000000
v 354.734324 376.997248 22.990540
vt 0.000000 0.000000
v 330.845162 376.997248 22.990540
vt 0.000000 0.000000
v 328.930466 378.910742 22.990540
vt 0.000000 0.000000
v 328.930466 381.682493 22.990540
vt 0.000000 0.000000
v 330.845162 383.441219 28.356110
vt 0.000000 0.000000
v 340.785992 397.257755 28.356110
vt 0.000000 0.000000
v 330.744974 398.791362 28.356110
vt 0.000000 0.000000
v 340.685805 390.996700 28.356110
vt 0.000000 0.000000
v 354.734324 376.997248 28.356110
vt 0.000000 0.000000
v 354.789984 390.799723 28.356110
vt 0.000000 0.000000
v 328.930466 378.910742 28.356110
vt 0.000000 0.000000
v 330.845162 376.997248 28.356110
vt 0.000000 0.000000
v 328.930466 381.682493 28.356110
vt 0.000000 0.000000
v 328.785751 368.217682 22.990540
vt 0.000000 0.000000
v 328.819147 374.928985 22.990540
vt 0.000000 0.000000
v 355.602616 374.788287 22.990540
vt 0.000000 0.000000
v 355.491297 353.374008 22.990540
vt 0.000000 0.000000
v 346.674793 353.416218 22.990540
vt 0.000000 0.000000
v 341.064291 361.717422 22.990540
vt 0.000000 0.000000
v 341.030895 353.570986 22.990540
vt 0.000000 0.000000
v 331.312704 353.613196 22.990540
vt 0.000000 0.000000
v 331.390627 368.203612 22.990540
vt 0.000000 0.000000
v 346.719321 361.689282 22.990540
vt 0.000000 0.000000
v 328.785751 368.217682 28.377769
vt 0.000000 0.000000
v 355.602616 374.788287 28.377769
vt 0.000000 0.000000
v 328.819147 374.928985 28.377769
vt 0.000000 0.000000
v 346.674793 353.416218 28.377769
vt 0.000000 0.000000
v 355.491297 353.374008 28.377769
vt 0.000000 0.000000
v 341.064291 361.717422 28.377769
vt 0.000000 0.000000
v 331.312704 353.613196 28.377769
vt 0.000000 0.000000
v 341.030895 353.570986 28.377769
vt 0.000000 0.000000
v 331.390627 368.203612 28.377769
vt 0.000000 0.000000
v 346.719321 361.689282 28.377769
vt 0.000000 0.000000
v 274.027694 332.550621 23.304001
vt 0.000000 0.000000
v 267.303996 333.437022 23.304001
vt 0.000000 0.000000
v 268.996053 346.296875 23.304001
vt 0.000000 0.000000
v 277.868216 345.129077 23.304001
vt 0.000000 0.000000
v 278.335758 348.646540 23.304001
vt 0.000000 0.000000
v 285.593789 347.689790 23.304001
vt 0.000000 0.000000
v 284.302483 337.939380 23.304001
vt 0.000000 0.000000
v 285.259830 337.812751 23.304001
vt 0.000000 0.000000
v 283.979656 328.062331 23.304001
vt 0.000000 0.000000
v 276.821813 328.990943 23.304001
vt 0.000000 0.000000
v 276.933132 329.863275 23.304001
vt 0.000000 0.000000
v 273.727131 330.285371 23.304001
vt 0.000000 0.000000
v 274.027694 332.550621 27.421013
vt 0.000000 0.000000
v 268.996053 346.296875 27.421013
vt 0.000000 0.000000
v 267.303996 333.437022 27.421013
vt 0.000000 0.000000
v 277.868216 345.129077 27.421013
vt 0.000000 0.000000
v 285.593789 347.689790 27.421013
vt 0.000000 0.000000
v 278.335758 348.646540 27.421013
vt 0.000000 0.000000
v 284.302483 337.939380 27.421013
vt 0.000000 0.000000
v 283.979656 328.062331 27.421013
vt 0.000000 0.000000
v 285.259830 337.812751 27.421013
vt 0.000000 0.000000
v 276.933132 329.863275 27.421013
vt 0.000000 0.000000
v 276.821813 328.990943 27.421013
vt 0.000000 0.000000
v 273.727131 330.285371 27.421013
vt 0.000000 0.000000
v 281.731002 296.714598 23.359604
vt 0.000000 0.000000
v 285.126247 284.150153 23.359604
vt 0.000000 0.000000
v 280.172529 284.797370 23.359604
vt 0.000000 0.000000
v 293.742375 282.503970 23.359604
vt 0.000000 0.000000
v 285.059455 283.629565 23.359604
vt 0.000000 0.000000
v 294.521612 288.497762 23.359604
vt 0.000000 0.000000
v 296.414043 292.620251 23.359604
vt 0.000000 0.000000
v 295.857446 288.328923 23.359604
vt 0.000000 0.000000
v 298.161759 297.530654 23.359604
vt 0.000000 0.000000
v 297.504974 292.479552 23.359604
vt 0.000000 0.000000
v 297.104224 297.657283 23.359604
vt 0.000000 0.000000
v 286.740379 303.454087 23.359604
vt 0.000000 0.000000
v 297.683085 302.033026 23.359604
vt 0.000000 0.000000
v 285.794164 296.179941 23.359604
vt 0.000000 0.000000
v 281.731002 296.714598 27.976776
vt 0.000000 0.000000
v 280.172529 284.797370 27.976776
vt 0.000000 0.000000
v 285.126247 284.150153 27.976776
vt 0.000000 0.000000
v 285.059455 283.629565 27.976776
vt 0.000000 0.000000
v 293.742375 282.503970 27.976776
vt 0.000000 0.000000
v 294.521612 288.497762 27.976776
vt 0.000000 0.000000
v 295.857446 288.328923 27.976776
vt 0.000000 0.000000
v 296.414043 292.620251 27.976776
vt 0.000000 0.000000
v 297.504974 292.479552 27.976776
vt 0.000000 0.000000
v 298.161759 297.530654 27.976776
vt 0.000000 0.000000
v 297.104224 297.657283 27.976776
vt 0.000000 0.000000
v 297.683085 302.033026 27.976776
vt 0.000000 0.000000
v 286.740379 303.454087 27.976776
vt 0.000000 0.000000
v 285.794164 296.179941 27.976776
vt 0.000000 0.000000
v 264.788176 271.810812 23.601830
vt 0.000000 0.000000
v 290.614298 261.469391 23.601830
vt 0.000000 0.000000
v 263.875356 265.085372 23.601830
vt 0.000000 0.000000
v 284.079844 283.123048 23.601830
vt 0.000000 0.000000
v 293.375021 281.870823 23.601830
vt 0.000000 0.000000
v 282.966649 274.906201 23.601830
vt 0.000000 0.000000
v 268.406059 271.332433 23.601830
vt 0.000000 0.000000
v 269.151900 276.777504 23.601830
vt 0.000000 0.000000
v 264.788176 271.810812 28.752441
vt 0.000000 0.000000
v 263.875356 265.085372 28.752441
vt 0.000000 0.000000
v 290.614298 261.469391 28.752441
vt 0.000000 0.000000
v 293.375021 281.870823 28.752441
vt 0.000000 0.000000
v 284.079844 283.123048 28.752441
vt 0.000000 0.000000
v 282.966649 274.906201 28.752441
vt 0.000000 0.000000
v 269.151900 276.777504 28.752441
vt 0.000000 0.000000
v 268.406059 271.332433 28.752441
vt 0.000000 0.000000
v 273.983166 219.667437 25.816765
vt 0.000000 0.000000
v 275.686354 231.626949 25.816765
vt 0.000000 0.000000
v 278.335758 231.247059 25.816765
vt 0.000000 0.000000
v 279.304237 238.085081 25.816765
vt 0.000000 0.000000
v 286.651324 237.043901 25.816765
vt 0.000000 0.000000
v 287.063206 236.945411 25.816765
vt 0.000000 0.000000
v 286.083594 230.051109 25.816765
vt 0.000000 0.000000
v 286.740379 229.966688 25.816765
vt 0.000000 0.000000
v 286.083594 225.379864 25.816765
vt 0.000000 0.000000
v 287.675463 225.154744 25.816765
vt 0.000000 0.000000
v 287.252449 222.200041 25.816765
vt 0.000000 0.000000
v 285.638316 222.425161 25.816765
vt 0.000000 0.000000
v 284.903608 217.289603 25.816765
vt 0.000000 0.000000
v 279.170654 218.105664 25.816765
vt 0.000000 0.000000
v 279.281974 218.907655 25.816765
vt 0.000000 0.000000
v 273.983166 219.667437 30.211662
vt 0.000000 0.000000
v 278.335758 231.247059 30.211662
vt 0.000000 0.000000
v 275.686354 231.626949 30.211662
vt 0.000000 0.000000
v 286.651324 237.043901 30.211662
vt 0.000000 0.000000
v 279.304237 238.085081 30.211662
vt 0.000000 0.000000
v 286.083594 230.051109 30.211662
vt 0.000000 0.000000
v 287.063206 236.945411 30.211662
vt 0.000000 0.000000
v 286.083594 225.379864 30.211662
vt 0.000000 0.000000
v 286.740379 229.966688 30.211662
vt 0.000000 0.000000
v 287.252449 222.200041 30.211662
vt 0.000000 0.000000
v 287.675463 225.154744 30.211662
vt 0.000000 0.000000
v 285.638316 222.425161 30.211662
vt 0.000000 0.000000
v 279.170654 218.105664 30.211662
vt 0.000000 0.000000
v 284.903608 217.289603 30.211662
vt 0.000000 0.000000
v 279.281974 218.907655 30.211662
vt 0.000000 0.000000
v 266.046086 246.020557 24.630638
vt 0.000000 0.000000
v 267.949649 259.401106 24.630638
vt 0.000000 0.000000
v 290.458450 256.207223 24.630638
vt 0.000000 0.000000
v 289.534499 249.692823 24.630638
vt 0.000000 0.000000
v 287.642067 249.960152 24.630638
vt 0.000000 0.000000
v 286.996414 245.345197 24.630638
vt 0.000000 0.000000
v 287.820178 245.232637 24.630638
vt 0.000000 0.000000
v 286.651324 237.043901 24.630638
vt 0.000000 0.000000
v 279.304237 238.085081 24.630638
vt 0.000000 0.000000
v 278.157647 238.253921 24.630638
vt 0.000000 0.000000
v 274.472972 246.878826 24.630638
vt 0.000000 0.000000
v 274.183541 244.866818 24.630638
vt 0.000000 0.000000
v 279.281974 246.189396 24.630638
vt 0.000000 0.000000
v 266.046086 246.020557 28.630638
vt 0.000000 0.000000
v 290.458450 256.207223 28.630638
vt 0.000000 0.000000
v 267.949649 259.401106 28.630638
vt 0.000000 0.000000
v 287.642067 249.960152 28.630638
vt 0.000000 0.000000
v 289.534499 249.692823 28.630638
vt 0.000000 0.000000
v 286.996414 245.345197 28.630638
vt 0.000000 0.000000
v 286.651324 237.043901 28.630638
vt 0.000000 0.000000
v 287.820178 245.232637 28.630638
vt 0.000000 0.000000
v 278.157647 238.253921 28.630638
vt 0.000000 0.000000
v 279.304237 238.085081 28.630638
vt 0.000000 0.000000
v 274.472972 246.878826 28.630638
vt 0.000000 0.000000
v 274.183541 244.866818 28.630638
vt 0.000000 0.000000
v 279.281974 246.189396 28.630638
vt 0.000000 0.000000
v 341.932583 118.039165 30.447548
vt 0.000000 0.000000
v 328.774619 92.853548 30.447548
vt 0.000000 0.000000
v 331.724586 119.192918 30.447548
vt 0.000000 0.000000
v 336.043782 92.853548 30.447548
vt 0.000000 0.000000
v 335.954726 92.051547 30.447548
vt 0.000000 0.000000
v 341.431645 101.028328 30.447548
vt 0.000000 0.000000
v 340.463166 92.361091 30.447548
vt 0.000000 0.000000
v 340.040152 101.183100 30.447548
vt 0.000000 0.000000
v 341.932583 118.039165 34.482140
vt 0.000000 0.000000
v 331.724586 119.192918 34.482140
vt 0.000000 0.000000
v 328.774619 92.853548 34.482140
vt 0.000000 0.000000
v 335.954726 92.051547 34.482140
vt 0.000000 0.000000
v 336.043782 92.853548 34.482140
vt 0.000000 0.000000
v 340.463166 92.361091 34.482140
vt 0.000000 0.000000
v 341.431645 101.028328 34.482140
vt 0.000000 0.000000
v 340.040152 101.183100 34.482140
vt 0.000000 0.000000
v 316.941357 95.836429 30.299805
vt 0.000000 0.000000
v 316.128725 95.963061 30.299805
vt 0.000000 0.000000
v 319.780004 121.584845 30.299805
vt 0.000000 0.000000
v 328.028779 120.417022 30.299805
vt 0.000000 0.000000
v 327.260674 115.042221 30.299805
vt 0.000000 0.000000
v 329.509328 114.718607 30.299805
vt 0.000000 0.000000
v 327.806140 102.801171 30.299805
vt 0.000000 0.000000
v 328.841411 102.646399 30.299805
vt 0.000000 0.000000
v 327.750480 94.992217 30.299805
vt 0.000000 0.000000
v 323.653923 95.569095 30.299805
vt 0.000000 0.000000
v 323.420152 93.951023 30.299805
vt 0.000000 0.000000
v 316.807774 94.893726 30.299805
vt 0.000000 0.000000
v 316.941357 95.836429 34.610458
vt 0.000000 0.000000
v 319.780004 121.584845 34.610458
vt 0.000000 0.000000
v 316.128725 95.963061 34.610458
vt 0.000000 0.000000
v 327.260674 115.042221 34.610458
vt 0.000000 0.000000
v 328.028779 120.417022 34.610458
vt 0.000000 0.000000
v 327.806140 102.801171 34.610458
vt 0.000000 0.000000
v 329.509328 114.718607 34.610458
vt 0.000000 0.000000
v 327.750480 94.992217 34.610458
vt 0.000000 0.000000
v 328.841411 102.646399 34.610458
vt 0.000000 0.000000
v 323.653923 95.569095 34.610458
vt 0.000000 0.000000
v 316.807774 94.893726 34.610458
vt 0.000000 0.000000
v 323.420152 93.951023 34.610458
vt 0.000000 0.000000
v 292.606917 99.874573 29.507568
vt 0.000000 0.000000
v 293.775771 108.457382 29.507568
vt 0.000000 0.000000
v 313.579509 105.769978 29.507568
vt 0.000000 0.000000
v 312.065564 94.682673 29.507568
vt 0.000000 0.000000
v 308.514472 95.161060 29.507568
vt 0.000000 0.000000
v 308.358624 94.021374 29.507568
vt 0.000000 0.000000
v 295.935369 95.709797 29.507568
vt 0.000000 0.000000
v 294.922362 94.992217 29.507568
vt 0.000000 0.000000
v 291.838812 99.311765 29.507568
vt 0.000000 0.000000
v 292.606917 99.874573 33.510925
vt 0.000000 0.000000
v 313.579509 105.769978 33.510925
vt 0.000000 0.000000
v 293.775771 108.457382 33.510925
vt 0.000000 0.000000
v 308.514472 95.161060 33.510925
vt 0.000000 0.000000
v 312.065564 94.682673 33.510925
vt 0.000000 0.000000
v 295.935369 95.709797 33.510925
vt 0.000000 0.000000
v 308.358624 94.021374 33.510925
vt 0.000000 0.000000
v 291.838812 99.311765 33.510925
vt 0.000000 0.000000
v 294.922362 94.992217 33.510925
vt 0.000000 0.000000
v 297.226675 120.332601 29.414345
vt 0.000000 0.000000
v 306.521853 113.719625 29.414345
vt 0.000000 0.000000
v 296.480835 115.154782 29.414345
vt 0.000000 0.000000
v 314.447801 109.456364 29.414345
vt 0.000000 0.000000
v 306.076575 110.666399 29.414345
vt 0.000000 0.000000
v 314.804023 111.932714 29.414345
vt 0.000000 0.000000
v 318.644545 123.399895 29.414345
vt 0.000000 0.000000
v 316.952489 111.623170 29.414345
vt 0.000000 0.000000
v 296.013293 125.116453 29.414345
vt 0.000000 0.000000
v 297.727613 126.410907 29.414345
vt 0.000000 0.000000
v 295.512355 122.246142 29.414345
vt 0.000000 0.000000
v 297.226675 120.332601 33.617699
vt 0.000000 0.000000
v 296.480835 115.154782 33.617699
vt 0.000000 0.000000
v 306.521853 113.719625 33.617699
vt 0.000000 0.000000
v 306.076575 110.666399 33.617699
vt 0.000000 0.000000
v 314.447801 109.456364 33.617699
vt 0.000000 0.000000
v 314.804023 111.932714 33.617699
vt 0.000000 0.000000
v 316.952489 111.623170 33.617699
vt 0.000000 0.000000
v 318.644545 123.399895 33.617699
vt 0.000000 0.000000
v 297.727613 126.410907 33.617699
vt 0.000000 0.000000
v 296.013293 125.116453 33.617699
vt 0.000000 0.000000
v 295.512355 122.246142 33.617699
vt 0.000000 0.000000
v 305.119227 151.132129 29.313515
vt 0.000000 0.000000
v 326.704077 126.298346 29.313515
vt 0.000000 0.000000
v 302.169261 129.675181 29.313515
vt 0.000000 0.000000
v 323.197513 138.384597 29.313515
vt 0.000000 0.000000
v 328.273681 137.681090 29.313515
vt 0.000000 0.000000
v 322.551860 144.279981 29.313515
vt 0.000000 0.000000
v 323.754110 142.408654 29.313515
vt 0.000000 0.000000
v 318.355115 143.604615 29.313515
vt 0.000000 0.000000
v 320.024907 144.800575 29.313515
vt 0.000000 0.000000
v 313.601773 144.265911 29.313515
vt 0.000000 0.000000
v 314.369877 149.865819 29.313515
vt 0.000000 0.000000
v 305.119227 151.132129 33.313515
vt 0.000000 0.000000
v 302.169261 129.675181 33.313515
vt 0.000000 0.000000
v 326.704077 126.298346 33.313515
vt 0.000000 0.000000
v 328.273681 137.681090 33.313515
vt 0.000000 0.000000
v 323.197513 138.384597 33.313515
vt 0.000000 0.000000
v 323.754110 142.408654 33.313515
vt 0.000000 0.000000
v 322.551860 144.279981 33.313515
vt 0.000000 0.000000
v 320.024907 144.800575 33.313515
vt 0.000000 0.000000
v 318.355115 143.604615 33.313515
vt 0.000000 0.000000
v 313.601773 144.265911 33.313515
vt 0.000000 0.000000
v 314.369877 149.865819 33.313515
vt 0.000000 0.000000
v 310.217660 164.358029 29.274002
vt 0.000000 0.000000
v 334.808136 148.641719 29.274002
vt 0.000000 0.000000
v 308.525604 152.314019 29.274002
vt 0.000000 0.000000
v 331.390627 161.937972 29.274002
vt 0.000000 0.000000
v 336.566983 161.206327 29.274002
vt 0.000000 0.000000
v 326.414646 163.851506 29.274002
vt 0.000000 0.000000
v 331.557606 163.119861 29.274002
vt 0.000000 0.000000
v 316.952489 164.006277 29.274002
vt 0.000000 0.000000
v 317.442295 171.533777 29.274002
vt 0.000000 0.000000
v 317.976629 171.308655 29.274002
vt 0.000000 0.000000
v 308.993146 164.526871 29.274002
vt 0.000000 0.000000
v 310.117472 172.546823 29.274002
vt 0.000000 0.000000
v 326.258799 162.697758 29.274002
vt 0.000000 0.000000
v 310.217660 164.358029 33.473518
vt 0.000000 0.000000
v 308.525604 152.314019 33.473518
vt 0.000000 0.000000
v 334.808136 148.641719 33.473518
vt 0.000000 0.000000
v 336.566983 161.206327 33.473518
vt 0.000000 0.000000
v 331.390627 161.937972 33.473518
vt 0.000000 0.000000
v 331.557606 163.119861 33.473518
vt 0.000000 0.000000
v 326.414646 163.851506 33.473518
vt 0.000000 0.000000
v 316.952489 164.006277 33.473518
vt 0.000000 0.000000
v 317.976629 171.308655 33.473518
vt 0.000000 0.000000
v 317.442295 171.533777 33.473518
vt 0.000000 0.000000
v 310.117472 172.546823 33.473518
vt 0.000000 0.000000
v 308.993146 164.526871 33.473518
vt 0.000000 0.000000
v 326.258799 162.697758 33.473518
vt 0.000000 0.000000
v 310.117472 172.546823 29.349243
vt 0.000000 0.000000
v 308.759375 172.729734 29.349243
vt 0.000000 0.000000
v 310.028417 181.945637 29.349243
vt 0.000000 0.000000
v 310.729730 181.847146 29.349243
vt 0.000000 0.000000
v 311.954244 190.697219 29.349243
vt 0.000000 0.000000
v 318.065684 189.853015 29.349243
vt 0.000000 0.000000
v 318.132476 190.317327 29.349243
vt 0.000000 0.000000
v 323.386756 189.599754 29.349243
vt 0.000000 0.000000
v 333.839656 184.689301 29.349243
vt 0.000000 0.000000
v 334.062295 186.321429 29.349243
vt 0.000000 0.000000
v 335.275677 186.152588 29.349243
vt 0.000000 0.000000
v 335.654164 188.882181 29.349243
vt 0.000000 0.000000
v 342.244277 187.967627 29.349243
vt 0.000000 0.000000
v 341.854659 185.153613 29.349243
vt 0.000000 0.000000
v 342.845403 185.012912 29.349243
vt 0.000000 0.000000
v 340.875048 170.717712 29.349243
vt 0.000000 0.000000
v 317.765121 173.897551 29.349243
vt 0.000000 0.000000
v 317.442295 171.533777 29.349243
vt 0.000000 0.000000
v 322.908082 186.208868 29.349243
vt 0.000000 0.000000
v 310.117472 172.546823 33.415138
vt 0.000000 0.000000
v 310.028417 181.945637 33.415138
vt 0.000000 0.000000
v 308.759375 172.729734 33.415138
vt 0.000000 0.000000
v 310.729730 181.847146 33.415138
vt 0.000000 0.000000
v 318.065684 189.853015 33.415138
vt 0.000000 0.000000
v 311.954244 190.697219 33.415138
vt 0.000000 0.000000
v 323.386756 189.599754 33.415138
vt 0.000000 0.000000
v 318.132476 190.317327 33.415138
vt 0.000000 0.000000
v 333.839656 184.689301 33.415138
vt 0.000000 0.000000
v 335.275677 186.152588 33.415138
vt 0.000000 0.000000
v 334.062295 186.321429 33.415138
vt 0.000000 0.000000
v 342.244277 187.967627 33.415138
vt 0.000000 0.000000
v 335.654164 188.882181 33.415138
vt 0.000000 0.000000
v 341.854659 185.153613 33.415138
vt 0.000000 0.000000
v 340.875048 170.717712 33.415138
vt 0.000000 0.000000
v 342.845403 185.012912 33.415138
vt 0.000000 0.000000
v 317.765121 173.897551 33.415138
vt 0.000000 0.000000
v 317.442295 171.533777 33.415138
vt 0.000000 0.000000
v 322.908082 186.208868 33.415138
vt 0.000000 0.000000
v 314.069314 198.576451 28.172729
vt 0.000000 0.000000
v 343.246153 192.526327 28.172729
vt 0.000000 0.000000
v 315.828162 196.339312 28.172729
vt 0.000000 0.000000
v 327.127091 206.216486 28.172729
vt 0.000000 0.000000
v 344.815758 203.768299 28.172729
vt 0.000000 0.000000
v 318.933976 217.148902 28.172729
vt 0.000000 0.000000
v 328.462925 215.840390 28.172729
vt 0.000000 0.000000
v 316.896829 202.417574 28.172729
vt 0.000000 0.000000
v 314.358745 201.207550 28.172729
vt 0.000000 0.000000
v 316.317968 202.501994 28.172729
vt 0.000000 0.000000
v 314.069314 198.576451 33.305176
vt 0.000000 0.000000
v 315.828162 196.339312 33.305176
vt 0.000000 0.000000
v 343.246153 192.526327 33.305176
vt 0.000000 0.000000
v 344.815758 203.768299 33.305176
vt 0.000000 0.000000
v 327.127091 206.216486 33.305176
vt 0.000000 0.000000
v 328.462925 215.840390 33.305176
vt 0.000000 0.000000
v 318.933976 217.148902 33.305176
vt 0.000000 0.000000
v 316.896829 202.417574 33.305176
vt 0.000000 0.000000
v 316.317968 202.501994 33.305176
vt 0.000000 0.000000
v 314.358745 201.207550 33.305176
vt 0.000000 0.000000
v 319.045296 232.386730 27.138458
vt 0.000000 0.000000
v 341.721076 216.051440 27.138458
vt 0.000000 0.000000
v 317.286448 219.329756 27.138458
vt 0.000000 0.000000
v 336.032650 224.127633 27.138458
vt 0.000000 0.000000
v 342.689555 223.227152 27.138458
vt 0.000000 0.000000
v 332.180996 231.514389 27.138458
vt 0.000000 0.000000
v 336.945470 230.881239 27.138458
vt 0.000000 0.000000
v 328.084438 235.397711 27.138458
vt 0.000000 0.000000
v 332.615142 234.778630 27.138458
vt 0.000000 0.000000
v 319.145483 240.040810 27.138458
vt 0.000000 0.000000
v 328.540848 238.774510 27.138458
vt 0.000000 0.000000
v 318.132476 232.499290 27.138458
vt 0.000000 0.000000
v 319.045296 232.386730 32.172729
vt 0.000000 0.000000
v 317.286448 219.329756 32.172729
vt 0.000000 0.000000
v 341.721076 216.051440 32.172729
vt 0.000000 0.000000
v 342.689555 223.227152 32.172729
vt 0.000000 0.000000
v 336.032650 224.127633 32.172729
vt 0.000000 0.000000
v 336.945470 230.881239 32.172729
vt 0.000000 0.000000
v 332.180996 231.514389 32.172729
vt 0.000000 0.000000
v 332.615142 234.778630 32.172729
vt 0.000000 0.000000
v 328.084438 235.397711 32.172729
vt 0.000000 0.000000
v 328.540848 238.774510 32.172729
vt 0.000000 0.000000
v 319.145483 240.040810 32.172729
vt 0.000000 0.000000
v 318.132476 232.499290 32.172729
vt 0.000000 0.000000
v 320.915463 255.363024 26.290176
vt 0.000000 0.000000
v 321.939602 262.735688 26.290176
vt 0.000000 0.000000
v 330.644787 261.567881 26.290176
vt 0.000000 0.000000
v 331.357231 261.441251 26.290176
vt 0.000000 0.000000
v 330.878557 257.909689 26.290176
vt 0.000000 0.000000
v 335.353601 257.304680 26.290176
vt 0.000000 0.000000
v 334.941719 254.307776 26.290176
vt 0.000000 0.000000
v 340.195999 253.604277 26.290176
vt 0.000000 0.000000
v 339.550346 248.848624 26.290176
vt 0.000000 0.000000
v 344.960473 248.116984 26.290176
vt 0.000000 0.000000
v 343.658035 238.549391 26.290176
vt 0.000000 0.000000
v 321.716963 241.532230 26.290176
vt 0.000000 0.000000
v 321.794887 242.137239 26.290176
vt 0.000000 0.000000
v 320.525845 242.306079 26.290176
vt 0.000000 0.000000
v 321.126970 246.766266 26.290176
vt 0.000000 0.000000
v 319.379254 247.005456 26.290176
vt 0.000000 0.000000
v 319.935852 251.113891 26.290176
vt 0.000000 0.000000
v 322.540728 255.151974 26.290176
vt 0.000000 0.000000
v 321.950734 250.832491 26.290176
vt 0.000000 0.000000
v 320.915463 255.363024 30.290176
vt 0.000000 0.000000
v 330.644787 261.567881 30.290176
vt 0.000000 0.000000
v 321.939602 262.735688 30.290176
vt 0.000000 0.000000
v 330.878557 257.909689 30.290176
vt 0.000000 0.000000
v 331.357231 261.441251 30.290176
vt 0.000000 0.000000
v 334.941719 254.307776 30.290176
vt 0.000000 0.000000
v 335.353601 257.304680 30.290176
vt 0.000000 0.000000
v 339.550346 248.848624 30.290176
vt 0.000000 0.000000
v 340.195999 253.604277 30.290176
vt 0.000000 0.000000
v 343.658035 238.549391 30.290176
vt 0.000000 0.000000
v 344.960473 248.116984 30.290176
vt 0.000000 0.000000
v 321.794887 242.137239 30.290176
vt 0.000000 0.000000
v 321.716963 241.532230 30.290176
vt 0.000000 0.000000
v 321.126970 246.766266 30.290176
vt 0.000000 0.000000
v 320.525845 242.306079 30.290176
vt 0.000000 0.000000
v 319.935852 251.113891 30.290176
vt 0.000000 0.000000
v 319.379254 247.005456 30.290176
vt 0.000000 0.000000
v 322.540728 255.151974 30.290176
vt 0.000000 0.000000
v 321.950734 250.832491 30.290176
vt 0.000000 0.000000
v 330.644787 261.567881 25.214523
vt 0.000000 0.000000
v 321.939602 262.735688 25.214523
vt 0.000000 0.000000
v 322.785631 269.081241 25.214523
vt 0.000000 0.000000
v 321.271685 269.278220 25.214523
vt 0.000000 0.000000
v 322.184505 276.130286 25.214523
vt 0.000000 0.000000
v 339.416762 273.836885 25.214523
vt 0.000000 0.000000
v 338.871297 269.686249 25.214523
vt 0.000000 0.000000
v 346.763849 268.645072 25.214523
vt 0.000000 0.000000
v 345.750841 261.047292 25.214523
vt 0.000000 0.000000
v 330.834030 263.031158 25.214523
vt 0.000000 0.000000
v 322.785631 269.081241 30.290176
vt 0.000000 0.000000
v 322.184505 276.130286 30.290176
vt 0.000000 0.000000
v 321.271685 269.278220 30.290176
vt 0.000000 0.000000
v 338.871297 269.686249 30.290176
vt 0.000000 0.000000
v 339.416762 273.836885 30.290176
vt 0.000000 0.000000
v 345.750841 261.047292 30.290176
vt 0.000000 0.000000
v 346.763849 268.645072 30.290176
vt 0.000000 0.000000
v 330.834030 263.031158 30.290176
vt 0.000000 0.000000
v 323.742978 281.167326 23.950584
vt 0.000000 0.000000
v 333.861920 276.313196 23.950584
vt 0.000000 0.000000
v 323.264304 277.804610 23.950584
vt 0.000000 0.000000
v 333.984371 277.171462 23.950584
vt 0.000000 0.000000
v 348.266662 281.631634 23.950584
vt 0.000000 0.000000
v 347.376106 275.286089 23.950584
vt 0.000000 0.000000
v 340.385242 282.743159 23.950584
vt 0.000000 0.000000
v 337.557727 284.923999 23.950584
vt 0.000000 0.000000
v 340.630145 284.487831 23.950584
vt 0.000000 0.000000
v 334.140219 287.737986 23.950584
vt 0.000000 0.000000
v 337.880553 287.203329 23.950584
vt 0.000000 0.000000
v 325.780125 290.059524 23.950584
vt 0.000000 0.000000
v 334.296066 288.863580 23.950584
vt 0.000000 0.000000
v 324.945229 284.079803 23.950584
vt 0.000000 0.000000
v 322.930346 281.293956 23.950584
vt 0.000000 0.000000
v 323.353360 284.304922 23.950584
vt 0.000000 0.000000
v 323.742978 281.167326 28.771996
vt 0.000000 0.000000
v 323.264304 277.804610 28.771996
vt 0.000000 0.000000
v 333.861920 276.313196 28.771996
vt 0.000000 0.000000
v 333.984371 277.171462 28.771996
vt 0.000000 0.000000
v 347.376106 275.286089 28.771996
vt 0.000000 0.000000
v 348.266662 281.631634 28.771996
vt 0.000000 0.000000
v 340.385242 282.743159 28.771996
vt 0.000000 0.000000
v 340.630145 284.487831 28.771996
vt 0.000000 0.000000
v 337.557727 284.923999 28.771996
vt 0.000000 0.000000
v 337.880553 287.203329 28.771996
vt 0.000000 0.000000
v 334.140219 287.737986 28.771996
vt 0.000000 0.000000
v 334.296066 288.863580 28.771996
vt 0.000000 0.000000
v 325.780125 290.059524 28.771996
vt 0.000000 0.000000
v 324.945229 284.079803 28.771996
vt 0.000000 0.000000
v 323.353360 284.304922 28.771996
vt 0.000000 0.000000
v 322.930346 281.293956 28.771996
vt 0.000000 0.000000
v 327.060299 298.149730 23.422035
vt 0.000000 0.000000
v 335.899067 291.171049 23.422035
vt 0.000000 0.000000
v 326.336722 292.366992 23.422035
vt 0.000000 0.000000
v 336.411136 295.195047 23.422035
vt 0.000000 0.000000
v 351.417004 306.549467 23.422035
vt 0.000000 0.000000
v 349.780607 293.520726 23.422035
vt 0.000000 0.000000
v 327.817271 298.051240 23.422035
vt 0.000000 0.000000
v 329.231029 309.335308 23.422035
vt 0.000000 0.000000
v 327.060299 298.149730 27.950584
vt 0.000000 0.000000
v 326.336722 292.366992 27.950584
vt 0.000000 0.000000
v 335.899067 291.171049 27.950584
vt 0.000000 0.000000
v 336.411136 295.195047 27.950584
vt 0.000000 0.000000
v 349.780607 293.520726 27.950584
vt 0.000000 0.000000
v 351.417004 306.549467 27.950584
vt 0.000000 0.000000
v 329.231029 309.335308 27.950584
vt 0.000000 0.000000
v 327.817271 298.051240 27.950584
vt 0.000000 0.000000
v 339.995624 331.425031 23.338699
vt 0.000000 0.000000
v 329.542724 324.544861 23.338699
vt 0.000000 0.000000
v 330.500071 332.564690 23.338699
vt 0.000000 0.000000
v 330.655919 324.418232 23.338699
vt 0.000000 0.000000
v 353.899428 309.701125 23.338699
vt 0.000000 0.000000
v 329.242161 312.655804 23.338699
vt 0.000000 0.000000
v 349.045898 317.327009 23.338699
vt 0.000000 0.000000
v 354.734324 316.651655 23.338699
vt 0.000000 0.000000
v 339.160728 324.474512 23.338699
vt 0.000000 0.000000
v 349.747211 323.208222 23.338699
vt 0.000000 0.000000
v 339.995624 331.425031 27.469269
vt 0.000000 0.000000
v 330.500071 332.564690 27.469269
vt 0.000000 0.000000
v 329.542724 324.544861 27.469269
vt 0.000000 0.000000
v 330.655919 324.418232 27.469269
vt 0.000000 0.000000
v 329.242161 312.655804 27.469269
vt 0.000000 0.000000
v 353.899428 309.701125 27.469269
vt 0.000000 0.000000
v 354.734324 316.651655 27.469269
vt 0.000000 0.000000
v 349.045898 317.327009 27.469269
vt 0.000000 0.000000
v 349.747211 323.208222 27.469269
vt 0.000000 0.000000
v 339.160728 324.474512 27.469269
vt 0.000000 0.000000
v 807.459561 387.830996 21.029213
vt 0.000000 0.000000
v 791.396159 380.585049 21.029213
vt 0.000000 0.000000
v 792.620673 389.814837 21.029213
vt 0.000000 0.000000
v 796.806286 379.867489 21.029213
vt 0.000000 0.000000
v 811.689702 372.508977 21.029213
vt 0.000000 0.000000
v 796.104973 374.591310 21.029213
vt 0.000000 0.000000
v 812.391015 377.757017 21.029213
vt 0.000000 0.000000
v 813.827036 383.567847 21.029213
vt 0.000000 0.000000
v 813.036668 377.672598 21.029213
vt 0.000000 0.000000
v 807.014284 384.468314 21.029213
vt 0.000000 0.000000
v 807.459561 387.830996 26.673370
vt 0.000000 0.000000
v 792.620673 389.814837 26.673370
vt 0.000000 0.000000
v 791.396159 380.585049 26.673370
vt 0.000000 0.000000
v 796.806286 379.867489 26.673370
vt 0.000000 0.000000
v 796.104973 374.591310 26.673370
vt 0.000000 0.000000
v 811.689702 372.508977 26.673370
vt 0.000000 0.000000
v 812.391015 377.757017 26.673370
vt 0.000000 0.000000
v 813.036668 377.672598 26.673370
vt 0.000000 0.000000
v 813.827036 383.567847 26.673370
vt 0.000000 0.000000
v 807.014284 384.468314 26.673370
vt 0.000000 0.000000
v 803.318476 370.088968 20.368378
vt 0.000000 0.000000
v 793.633681 354.795062 20.368378
vt 0.000000 0.000000
v 795.659695 371.045716 20.368378
vt 0.000000 0.000000
v 810.687827 358.973804 20.368378
vt 0.000000 0.000000
v 809.919722 352.754935 20.368378
vt 0.000000 0.000000
v 808.060687 359.311480 20.368378
vt 0.000000 0.000000
v 803.006782 367.626749 20.368378
vt 0.000000 0.000000
v 808.995770 366.881049 20.368378
vt 0.000000 0.000000
v 803.318476 370.088968 25.668045
vt 0.000000 0.000000
v 795.659695 371.045716 25.668045
vt 0.000000 0.000000
v 793.633681 354.795062 25.668045
vt 0.000000 0.000000
v 809.919722 352.754935 25.668045
vt 0.000000 0.000000
v 810.687827 358.973804 25.668045
vt 0.000000 0.000000
v 808.060687 359.311480 25.668045
vt 0.000000 0.000000
v 808.995770 366.881049 25.668045
vt 0.000000 0.000000
v 803.006782 367.626749 25.668045
vt 0.000000 0.000000
v 808.049555 333.619931 20.317459
vt 0.000000 0.000000
v 786.598289 336.293206 20.317459
vt 0.000000 0.000000
v 788.512984 351.699697 20.317459
vt 0.000000 0.000000
v 795.370265 350.855506 20.317459
vt 0.000000 0.000000
v 794.947251 347.408393 20.317459
vt 0.000000 0.000000
v 802.561504 346.451644 20.317459
vt 0.000000 0.000000
v 802.294337 344.313026 20.317459
vt 0.000000 0.000000
v 807.270318 343.693952 20.317459
vt 0.000000 0.000000
v 806.825040 340.134278 20.317459
vt 0.000000 0.000000
v 808.828791 339.881021 20.317459
vt 0.000000 0.000000
v 808.049555 333.619931 24.380692
vt 0.000000 0.000000
v 788.512984 351.699697 24.380692
vt 0.000000 0.000000
v 786.598289 336.293206 24.380692
vt 0.000000 0.000000
v 794.947251 347.408393 24.380692
vt 0.000000 0.000000
v 795.370265 350.855506 24.380692
vt 0.000000 0.000000
v 802.294337 344.313026 24.380692
vt 0.000000 0.000000
v 802.561504 346.451644 24.380692
vt 0.000000 0.000000
v 806.825040 340.134278 24.380692
vt 0.000000 0.000000
v 807.270318 343.693952 24.380692
vt 0.000000 0.000000
v 808.828791 339.881021 24.380692
vt 0.000000 0.000000
v 778.616681 327.119649 20.352402
vt 0.000000 0.000000
v 803.674699 316.933052 20.352402
vt 0.000000 0.000000
v 777.737257 320.281686 20.352402
vt 0.000000 0.000000
v 794.156882 332.677249 20.352402
vt 0.000000 0.000000
v 805.511470 331.213983 20.352402
vt 0.000000 0.000000
v 793.199535 325.234285 20.352402
vt 0.000000 0.000000
v 778.616681 327.119649 24.556816
vt 0.000000 0.000000
v 777.737257 320.281686 24.556816
vt 0.000000 0.000000
v 803.674699 316.933052 24.556816
vt 0.000000 0.000000
v 805.511470 331.213983 24.556816
vt 0.000000 0.000000
v 794.156882 332.677249 24.556816
vt 0.000000 0.000000
v 793.199535 325.234285 24.556816
vt 0.000000 0.000000
v 793.956507 315.146176 20.398018
vt 0.000000 0.000000
v 774.130506 312.782433 20.398018
vt 0.000000 0.000000
v 774.720499 317.538058 20.398018
vt 0.000000 0.000000
v 787.666956 311.094046 20.398018
vt 0.000000 0.000000
v 790.728242 298.093450 20.398018
vt 0.000000 0.000000
v 786.119615 298.670317 20.398018
vt 0.000000 0.000000
v 803.296213 295.687494 20.398018
vt 0.000000 0.000000
v 790.616923 297.263325 20.398018
vt 0.000000 0.000000
v 799.221919 306.957494 20.398018
vt 0.000000 0.000000
v 804.609783 306.282139 20.398018
vt 0.000000 0.000000
v 793.622549 312.444756 20.398018
vt 0.000000 0.000000
v 799.800781 311.670911 20.398018
vt 0.000000 0.000000
v 793.956507 315.146176 24.577049
vt 0.000000 0.000000
v 774.720499 317.538058 24.577049
vt 0.000000 0.000000
v 774.130506 312.782433 24.577049
vt 0.000000 0.000000
v 787.666956 311.094046 24.577049
vt 0.000000 0.000000
v 786.119615 298.670317 24.577049
vt 0.000000 0.000000
v 790.728242 298.093450 24.577049
vt 0.000000 0.000000
v 790.616923 297.263325 24.577049
vt 0.000000 0.000000
v 803.296213 295.687494 24.577049
vt 0.000000 0.000000
v 804.609783 306.282139 24.577049
vt 0.000000 0.000000
v 799.221919 306.957494 24.577049
vt 0.000000 0.000000
v 799.800781 311.670911 24.577049
vt 0.000000 0.000000
v 793.622549 312.444756 24.577049
vt 0.000000 0.000000
v 780.887599 294.139803 20.401459
vt 0.000000 0.000000
v 775.444076 282.363271 20.401459
vt 0.000000 0.000000
v 776.924625 294.618180 20.401459
vt 0.000000 0.000000
v 792.308979 283.545146 20.401459
vt 0.000000 0.000000
v 791.930493 280.379409 20.401459
vt 0.000000 0.000000
v 802.628296 293.577006 20.401459
vt 0.000000 0.000000
v 801.281330 282.461760 20.401459
vt 0.000000 0.000000
v 792.331243 291.466517 20.401459
vt 0.000000 0.000000
v 792.731993 294.772949 20.401459
vt 0.000000 0.000000
v 780.731752 292.859440 20.401459
vt 0.000000 0.000000
v 780.887599 294.139803 24.517853
vt 0.000000 0.000000
v 776.924625 294.618180 24.517853
vt 0.000000 0.000000
v 775.444076 282.363271 24.517853
vt 0.000000 0.000000
v 791.930493 280.379409 24.517853
vt 0.000000 0.000000
v 792.308979 283.545146 24.517853
vt 0.000000 0.000000
v 801.281330 282.461760 24.517853
vt 0.000000 0.000000
v 802.628296 293.577006 24.517853
vt 0.000000 0.000000
v 792.731993 294.772949 24.517853
vt 0.000000 0.000000
v 792.331243 291.466517 24.517853
vt 0.000000 0.000000
v 780.731752 292.859440 24.517853
vt 0.000000 0.000000
v 763.265724 245.401477 20.370651
vt 0.000000 0.000000
v 775.822562 245.626597 20.370651
vt 0.000000 0.000000
v 768.174913 239.365450 20.370651
vt 0.000000 0.000000
v 770.679602 251.732970 20.370651
vt 0.000000 0.000000
v 775.599923 262.313589 20.370651
vt 0.000000 0.000000
v 774.753895 251.282731 20.370651
vt 0.000000 0.000000
v 789.236561 272.331400 20.370651
vt 0.000000 0.000000
v 789.748630 263.101507 20.370651
vt 0.000000 0.000000
v 783.069461 272.106281 20.370651
vt 0.000000 0.000000
v 766.549649 271.937441 20.370651
vt 0.000000 0.000000
v 783.069461 272.781638 20.370651
vt 0.000000 0.000000
v 763.265724 245.401477 24.595680
vt 0.000000 0.000000
v 768.174913 239.365450 24.595680
vt 0.000000 0.000000
v 775.822562 245.626597 24.595680
vt 0.000000 0.000000
v 770.679602 251.732970 24.595680
vt 0.000000 0.000000
v 774.753895 251.282731 24.595680
vt 0.000000 0.000000
v 775.599923 262.313589 24.595680
vt 0.000000 0.000000
v 789.748630 263.101507 24.595680
vt 0.000000 0.000000
v 789.236561 272.331400 24.595680
vt 0.000000 0.000000
v 783.069461 272.106281 24.595680
vt 0.000000 0.000000
v 783.069461 272.781638 24.595680
vt 0.000000 0.000000
v 766.549649 271.937441 24.595680
vt 0.000000 0.000000
v 786.308858 249.720963 20.399071
vt 0.000000 0.000000
v 780.141758 225.084394 20.399071
vt 0.000000 0.000000
v 770.534886 236.860991 20.399071
vt 0.000000 0.000000
v 783.292100 231.739509 20.399071
vt 0.000000 0.000000
v 785.295851 229.291328 20.399071
vt 0.000000 0.000000
v 787.544505 238.352411 20.399071
vt 0.000000 0.000000
v 789.091845 236.467031 20.399071
vt 0.000000 0.000000
v 788.546380 243.670868 20.399071
vt 0.000000 0.000000
v 790.750506 240.969430 20.399071
vt 0.000000 0.000000
v 790.160513 244.993447 20.399071
vt 0.000000 0.000000
v 786.308858 249.720963 24.399071
vt 0.000000 0.000000
v 770.534886 236.860991 24.399071
vt 0.000000 0.000000
v 780.141758 225.084394 24.399071
vt 0.000000 0.000000
v 785.295851 229.291328 24.399071
vt 0.000000 0.000000
v 783.292100 231.739509 24.399071
vt 0.000000 0.000000
v 789.091845 236.467031 24.399071
vt 0.000000 0.000000
v 787.544505 238.352411 24.399071
vt 0.000000 0.000000
v 790.750506 240.969430 24.399071
vt 0.000000 0.000000
v 788.546380 243.670868 24.399071
vt 0.000000 0.000000
v 790.160513 244.993447 24.399071
vt 0.000000 0.000000
v 798.097592 228.897368 19.373352
vt 0.000000 0.000000
v 792.553882 221.412119 19.373352
vt 0.000000 0.000000
v 793.422174 229.417958 19.373352
vt 0.000000 0.000000
v 797.307224 220.891529 19.373352
vt 0.000000 0.000000
v 807.615409 213.546975 19.373352
vt 0.000000 0.000000
v 796.639307 214.742927 19.373352
vt 0.000000 0.000000
v 809.151618 227.616997 19.373352
vt 0.000000 0.000000
v 810.966125 233.850010 19.373352
vt 0.000000 0.000000
v 810.264813 227.504437 19.373352
vt 0.000000 0.000000
v 798.776641 235.186661 19.373352
vt 0.000000 0.000000
v 798.097592 228.897368 24.181465
vt 0.000000 0.000000
v 793.422174 229.417958 24.181465
vt 0.000000 0.000000
v 792.553882 221.412119 24.181465
vt 0.000000 0.000000
v 797.307224 220.891529 24.181465
vt 0.000000 0.000000
v 796.639307 214.742927 24.181465
vt 0.000000 0.000000
v 807.615409 213.546975 24.181465
vt 0.000000 0.000000
v 809.151618 227.616997 24.181465
vt 0.000000 0.000000
v 810.264813 227.504437 24.181465
vt 0.000000 0.000000
v 810.966125 233.850010 24.181465
vt 0.000000 0.000000
v 798.776641 235.186661 24.181465
vt 0.000000 0.000000
v 818.335476 230.219949 19.306229
vt 0.000000 0.000000
v 832.951725 217.655423 19.306229
vt 0.000000 0.000000
v 817.021906 219.639297 19.306229
vt 0.000000 0.000000
v 830.925710 228.601898 19.306229
vt 0.000000 0.000000
v 834.265295 228.179797 19.306229
vt 0.000000 0.000000
v 826.684438 236.452961 19.306229
vt 0.000000 0.000000
v 831.827398 235.805741 19.306229
vt 0.000000 0.000000
v 821.407894 238.549391 19.306229
vt 0.000000 0.000000
v 826.862549 237.874031 19.306229
vt 0.000000 0.000000
v 820.339227 229.966688 19.306229
vt 0.000000 0.000000
v 818.335476 230.219949 23.362381
vt 0.000000 0.000000
v 817.021906 219.639297 23.362381
vt 0.000000 0.000000
v 832.951725 217.655423 23.362381
vt 0.000000 0.000000
v 834.265295 228.179797 23.362381
vt 0.000000 0.000000
v 830.925710 228.601898 23.362381
vt 0.000000 0.000000
v 831.827398 235.805741 23.362381
vt 0.000000 0.000000
v 826.684438 236.452961 23.362381
vt 0.000000 0.000000
v 826.862549 237.874031 23.362381
vt 0.000000 0.000000
v 821.407894 238.549391 23.362381
vt 0.000000 0.000000
v 820.339227 229.966688 23.362381
vt 0.000000 0.000000
v 841.489930 238.267991 18.789818
vt 0.000000 0.000000
v 854.703553 219.723717 18.789818
vt 0.000000 0.000000
v 839.052033 222.073410 18.789818
vt 0.000000 0.000000
v 854.224880 227.799907 18.789818
vt 0.000000 0.000000
v 855.883540 227.560717 18.789818
vt 0.000000 0.000000
v 849.204371 234.370600 18.789818
vt 0.000000 0.000000
v 855.082040 233.484190 18.789818
vt 0.000000 0.000000
v 849.605121 237.043901 18.789818
vt 0.000000 0.000000
v 841.489930 238.267991 23.615601
vt 0.000000 0.000000
v 839.052033 222.073410 23.615601
vt 0.000000 0.000000
v 854.703553 219.723717 23.615601
vt 0.000000 0.000000
v 855.883540 227.560717 23.615601
vt 0.000000 0.000000
v 854.224880 227.799907 23.615601
vt 0.000000 0.000000
v 855.082040 233.484190 23.615601
vt 0.000000 0.000000
v 849.204371 234.370600 23.615601
vt 0.000000 0.000000
v 849.605121 237.043901 23.615601
vt 0.000000 0.000000
v 872.614859 216.431331 18.312782
vt 0.000000 0.000000
v 857.909555 218.372995 18.312782
vt 0.000000 0.000000
v 860.280660 236.340401 18.312782
vt 0.000000 0.000000
v 868.117552 235.313291 18.312782
vt 0.000000 0.000000
v 868.006233 234.440950 18.312782
vt 0.000000 0.000000
v 871.646380 233.962570 18.312782
vt 0.000000 0.000000
v 870.789220 227.462227 18.312782
vt 0.000000 0.000000
v 874.017485 227.040126 18.312782
vt 0.000000 0.000000
v 872.614859 216.431331 22.917740
vt 0.000000 0.000000
v 860.280660 236.340401 22.917740
vt 0.000000 0.000000
v 857.909555 218.372995 22.917740
vt 0.000000 0.000000
v 868.006233 234.440950 22.917740
vt 0.000000 0.000000
v 868.117552 235.313291 22.917740
vt 0.000000 0.000000
v 870.789220 227.462227 22.917740
vt 0.000000 0.000000
v 871.646380 233.962570 22.917740
vt 0.000000 0.000000
v 874.017485 227.040126 22.917740
vt 0.000000 0.000000
v 892.073506 214.363037 17.397308
vt 0.000000 0.000000
v 878.191966 216.318771 17.397308
vt 0.000000 0.000000
v 878.971202 221.862360 17.397308
vt 0.000000 0.000000
v 878.325549 221.946780 17.397308
vt 0.000000 0.000000
v 879.984210 233.737450 17.397308
vt 0.000000 0.000000
v 891.038235 232.175680 17.397308
vt 0.000000 0.000000
v 890.303527 226.997916 17.397308
vt 0.000000 0.000000
v 893.787827 226.505466 17.397308
vt 0.000000 0.000000
v 892.073506 214.363037 22.157959
vt 0.000000 0.000000
v 878.971202 221.862360 22.157959
vt 0.000000 0.000000
v 878.191966 216.318771 22.157959
vt 0.000000 0.000000
v 879.984210 233.737450 22.157959
vt 0.000000 0.000000
v 878.325549 221.946780 22.157959
vt 0.000000 0.000000
v 890.303527 226.997916 22.157959
vt 0.000000 0.000000
v 891.038235 232.175680 22.157959
vt 0.000000 0.000000
v 893.787827 226.505466 22.157959
vt 0.000000 0.000000
v 903.773185 229.629008 16.568527
vt 0.000000 0.000000
v 896.181196 214.433387 16.568527
vt 0.000000 0.000000
v 898.351926 230.360649 16.568527
vt 0.000000 0.000000
v 912.934779 217.922754 16.568527
vt 0.000000 0.000000
v 912.155543 212.252532 16.568527
vt 0.000000 0.000000
v 911.264987 218.147874 16.568527
vt 0.000000 0.000000
v 909.127652 222.903542 16.568527
vt 0.000000 0.000000
v 911.854980 222.537721 16.568527
vt 0.000000 0.000000
v 903.917900 230.642049 16.568527
vt 0.000000 0.000000
v 910.073868 229.797848 16.568527
vt 0.000000 0.000000
v 903.773185 229.629008 21.761826
vt 0.000000 0.000000
v 898.351926 230.360649 21.761826
vt 0.000000 0.000000
v 896.181196 214.433387 21.761826
vt 0.000000 0.000000
v 912.155543 212.252532 21.761826
vt 0.000000 0.000000
v 912.934779 217.922754 21.761826
vt 0.000000 0.000000
v 911.264987 218.147874 21.761826
vt 0.000000 0.000000
v 911.854980 222.537721 21.761826
vt 0.000000 0.000000
v 909.127652 222.903542 21.761826
vt 0.000000 0.000000
v 910.073868 229.797848 21.761826
vt 0.000000 0.000000
v 903.917900 230.642049 21.761826
vt 0.000000 0.000000
v 930.334015 208.777233 16.192307
vt 0.000000 0.000000
v 915.372676 210.803318 16.192307
vt 0.000000 0.000000
v 917.832837 229.023998 16.192307
vt 0.000000 0.000000
v 924.589930 228.123517 16.192307
vt 0.000000 0.000000
v 924.378423 226.519536 16.192307
vt 0.000000 0.000000
v 928.653091 225.942665 16.192307
vt 0.000000 0.000000
v 927.773667 219.470456 16.192307
vt 0.000000 0.000000
v 931.703245 218.935795 16.192307
vt 0.000000 0.000000
v 930.334015 208.777233 20.510201
vt 0.000000 0.000000
v 917.832837 229.023998 20.510201
vt 0.000000 0.000000
v 915.372676 210.803318 20.510201
vt 0.000000 0.000000
v 924.378423 226.519536 20.510201
vt 0.000000 0.000000
v 924.589930 228.123517 20.510201
vt 0.000000 0.000000
v 927.773667 219.470456 20.510201
vt 0.000000 0.000000
v 928.653091 225.942665 20.510201
vt 0.000000 0.000000
v 931.703245 218.935795 20.510201
vt 0.000000 0.000000
v 936.746018 226.364766 15.475365
vt 0.000000 0.000000
v 950.215676 208.411412 15.475365
vt 0.000000 0.000000
v 934.530760 210.634478 15.475365
vt 0.000000 0.000000
v 949.191537 215.643409 15.475365
vt 0.000000 0.000000
v 951.195288 215.362009 15.475365
vt 0.000000 0.000000
v 942.234069 222.467371 15.475365
vt 0.000000 0.000000
v 950.004169 221.383979 15.475365
vt 0.000000 0.000000
v 942.657083 225.520565 15.475365
vt 0.000000 0.000000
v 936.746018 226.364766 19.894318
vt 0.000000 0.000000
v 934.530760 210.634478 19.894318
vt 0.000000 0.000000
v 950.215676 208.411412 19.894318
vt 0.000000 0.000000
v 951.195288 215.362009 19.894318
vt 0.000000 0.000000
v 949.191537 215.643409 19.894318
vt 0.000000 0.000000
v 950.004169 221.383979 19.894318
vt 0.000000 0.000000
v 942.234069 222.467371 19.894318
vt 0.000000 0.000000
v 942.657083 225.520565 19.894318
vt 0.000000 0.000000
v 970.319976 200.560328 14.537872
vt 0.000000 0.000000
v 959.032180 202.065823 14.537872
vt 0.000000 0.000000
v 959.945000 208.932004 14.537872
vt 0.000000 0.000000
v 957.874457 209.199334 14.537872
vt 0.000000 0.000000
v 958.787277 216.065510 14.537872
vt 0.000000 0.000000
v 961.603660 215.685619 14.537872
vt 0.000000 0.000000
v 962.583272 223.086452 14.537872
vt 0.000000 0.000000
v 973.114096 221.679450 14.537872
vt 0.000000 0.000000
v 970.319976 200.560328 19.344658
vt 0.000000 0.000000
v 959.945000 208.932004 19.344658
vt 0.000000 0.000000
v 959.032180 202.065823 19.344658
vt 0.000000 0.000000
v 958.787277 216.065510 19.344658
vt 0.000000 0.000000
v 957.874457 209.199334 19.344658
vt 0.000000 0.000000
v 961.603660 215.685619 19.344658
vt 0.000000 0.000000
v 973.114096 221.679450 19.344658
vt 0.000000 0.000000
v 962.583272 223.086452 19.344658
vt 0.000000 0.000000
v 257.352034 399.466711 23.301811
vt 0.000000 0.000000
v 258.943903 411.088343 23.301811
vt 0.000000 0.000000
v 282.410051 407.866367 23.301811
vt 0.000000 0.000000
v 278.925751 382.400053 23.301811
vt 0.000000 0.000000
v 267.404184 383.975871 23.301811
vt 0.000000 0.000000
v 267.949649 387.957624 23.301811
vt 0.000000 0.000000
v 260.981049 388.914370 23.301811
vt 0.000000 0.000000
v 262.339147 398.791362 23.301811
vt 0.000000 0.000000
v 257.352034 399.466711 28.120911
vt 0.000000 0.000000
v 282.410051 407.866367 28.120911
vt 0.000000 0.000000
v 258.943903 411.088343 28.120911
vt 0.000000 0.000000
v 267.404184 383.975871 28.120911
vt 0.000000 0.000000
v 278.925751 382.400053 28.120911
vt 0.000000 0.000000
v 267.949649 387.957624 28.120911
vt 0.000000 0.000000
v 262.339147 398.791362 28.120911
vt 0.000000 0.000000
v 260.981049 388.914370 28.120911
vt 0.000000 0.000000
v 256.650721 195.635810 27.022232
vt 0.000000 0.000000
v 248.168176 188.586710 27.022232
vt 0.000000 0.000000
v 249.236843 196.620714 27.022232
vt 0.000000 0.000000
v 251.051351 188.192748 27.022232
vt 0.000000 0.000000
v 279.961022 174.727686 27.022232
vt 0.000000 0.000000
v 249.793440 178.723589 27.022232
vt 0.000000 0.000000
v 271.745644 194.425785 27.022232
vt 0.000000 0.000000
v 282.376655 193.018779 27.022232
vt 0.000000 0.000000
v 256.038464 190.964550 27.022232
vt 0.000000 0.000000
v 271.022067 188.980671 27.022232
vt 0.000000 0.000000
v 256.650721 195.635810 31.069313
vt 0.000000 0.000000
v 249.236843 196.620714 31.069313
vt 0.000000 0.000000
v 248.168176 188.586710 31.069313
vt 0.000000 0.000000
v 251.051351 188.192748 31.069313
vt 0.000000 0.000000
v 249.793440 178.723589 31.069313
vt 0.000000 0.000000
v 279.961022 174.727686 31.069313
vt 0.000000 0.000000
v 282.376655 193.018779 31.069313
vt 0.000000 0.000000
v 271.745644 194.425785 31.069313
vt 0.000000 0.000000
v 256.038464 190.964550 31.069313
vt 0.000000 0.000000
v 271.022067 188.980671 31.069313
vt 0.000000 0.000000
v 249.281371 169.578034 28.041260
vt 0.000000 0.000000
v 270.654713 157.027506 28.041260
vt 0.000000 0.000000
v 247.978933 160.179210 28.041260
vt 0.000000 0.000000
v 271.879227 165.877600 28.041260
vt 0.000000 0.000000
v 277.768028 172.448333 28.041260
vt 0.000000 0.000000
v 276.766153 165.202235 28.041260
vt 0.000000 0.000000
v 269.274351 171.069464 28.041260
vt 0.000000 0.000000
v 269.630574 173.573939 28.041260
vt 0.000000 0.000000
v 259.355785 170.520730 28.041260
vt 0.000000 0.000000
v 259.622951 172.406122 28.041260
vt 0.000000 0.000000
v 252.754539 169.085581 28.041260
vt 0.000000 0.000000
v 253.077365 171.393076 28.041260
vt 0.000000 0.000000
v 249.281371 169.578034 32.879066
vt 0.000000 0.000000
v 247.978933 160.179210 32.879066
vt 0.000000 0.000000
v 270.654713 157.027506 32.879066
vt 0.000000 0.000000
v 271.879227 165.877600 32.879066
vt 0.000000 0.000000
v 276.766153 165.202235 32.879066
vt 0.000000 0.000000
v 277.768028 172.448333 32.879066
vt 0.000000 0.000000
v 269.630574 173.573939 32.879066
vt 0.000000 0.000000
v 269.274351 171.069464 32.879066
vt 0.000000 0.000000
v 259.622951 172.406122 32.879066
vt 0.000000 0.000000
v 259.355785 170.520730 32.879066
vt 0.000000 0.000000
v 253.077365 171.393076 32.879066
vt 0.000000 0.000000
v 252.754539 169.085581 32.879066
vt 0.000000 0.000000
v 261.760286 139.411717 29.100410
vt 0.000000 0.000000
v 246.854606 141.395605 29.100410
vt 0.000000 0.000000
v 245.563300 143.027740 29.100410
vt 0.000000 0.000000
v 245.708015 144.983487 29.100410
vt 0.000000 0.000000
v 247.422335 146.277938 29.100410
vt 0.000000 0.000000
v 248.212704 146.165377 29.100410
vt 0.000000 0.000000
v 249.203447 153.566259 29.100410
vt 0.000000 0.000000
v 263.919884 151.596443 29.100410
vt 0.000000 0.000000
v 263.341022 147.262847 29.100410
vt 0.000000 0.000000
v 264.521009 147.094005 29.100410
vt 0.000000 0.000000
v 263.953280 142.901109 29.100410
vt 0.000000 0.000000
v 270.309623 142.042831 29.100410
vt 0.000000 0.000000
v 269.318879 134.613801 29.100410
vt 0.000000 0.000000
v 261.270480 135.683131 29.100410
vt 0.000000 0.000000
v 261.760286 139.411717 33.189499
vt 0.000000 0.000000
v 245.563300 143.027740 33.189499
vt 0.000000 0.000000
v 246.854606 141.395605 33.189499
vt 0.000000 0.000000
v 247.422335 146.277938 33.189499
vt 0.000000 0.000000
v 245.708015 144.983487 33.189499
vt 0.000000 0.000000
v 248.212704 146.165377 33.189499
vt 0.000000 0.000000
v 263.919884 151.596443 33.189499
vt 0.000000 0.000000
v 249.203447 153.566259 33.189499
vt 0.000000 0.000000
v 263.341022 147.262847 33.189499
vt 0.000000 0.000000
v 263.953280 142.901109 33.189499
vt 0.000000 0.000000
v 264.521009 147.094005 33.189499
vt 0.000000 0.000000
v 269.318879 134.613801 33.189499
vt 0.000000 0.000000
v 270.309623 142.042831 33.189499
vt 0.000000 0.000000
v 261.270480 135.683131 33.189499
vt 0.000000 0.000000
v 259.912382 118.419059 28.450249
vt 0.000000 0.000000
v 261.604438 131.827913 28.450249
vt 0.000000 0.000000
v 270.142643 130.744512 28.450249
vt 0.000000 0.000000
v 269.096240 122.400914 28.450249
vt 0.000000 0.000000
v 266.513628 122.724527 28.450249
vt 0.000000 0.000000
v 265.567412 115.239203 28.450249
vt 0.000000 0.000000
v 268.806809 114.817098 28.450249
vt 0.000000 0.000000
v 267.526635 104.686575 28.450249
vt 0.000000 0.000000
v 262.294619 105.347873 28.450249
vt 0.000000 0.000000
v 261.871605 101.956960 28.450249
vt 0.000000 0.000000
v 258.253722 102.407206 28.450249
vt 0.000000 0.000000
v 258.576548 104.996119 28.450249
vt 0.000000 0.000000
v 254.157164 105.544855 28.450249
vt 0.000000 0.000000
v 255.838089 118.925585 28.450249
vt 0.000000 0.000000
v 259.912382 118.419059 33.542923
vt 0.000000 0.000000
v 270.142643 130.744512 33.542923
vt 0.000000 0.000000
v 261.604438 131.827913 33.542923
vt 0.000000 0.000000
v 266.513628 122.724527 33.542923
vt 0.000000 0.000000
v 269.096240 122.400914 33.542923
vt 0.000000 0.000000
v 265.567412 115.239203 33.542923
vt 0.000000 0.000000
v 267.526635 104.686575 33.542923
vt 0.000000 0.000000
v 268.806809 114.817098 33.542923
vt 0.000000 0.000000
v 262.294619 105.347873 33.542923
vt 0.000000 0.000000
v 258.253722 102.407206 33.542923
vt 0.000000 0.000000
v 261.871605 101.956960 33.542923
vt 0.000000 0.000000
v 258.576548 104.996119 33.542923
vt 0.000000 0.000000
v 255.838089 118.925585 33.542923
vt 0.000000 0.000000
v 254.157164 105.544855 33.542923
vt 0.000000 0.000000
v 262.194432 348.154096 23.794121
vt 0.000000 0.000000
v 248.357419 349.997246 23.794121
vt 0.000000 0.000000
v 250.539281 366.430814 23.794121
vt 0.000000 0.000000
v 255.014325 365.825812 23.794121
vt 0.000000 0.000000
v 255.181304 367.021747 23.794121
vt 0.000000 0.000000
v 256.795436 368.428729 23.794121
vt 0.000000 0.000000
v 259.589556 368.147333 23.794121
vt 0.000000 0.000000
v 261.170292 366.388605 23.794121
vt 0.000000 0.000000
v 260.958785 364.869064 23.794121
vt 0.000000 0.000000
v 264.365162 364.418829 23.794121
vt 0.000000 0.000000
v 262.194432 348.154096 28.555145
vt 0.000000 0.000000
v 250.539281 366.430814 28.555145
vt 0.000000 0.000000
v 248.357419 349.997246 28.555145
vt 0.000000 0.000000
v 255.014325 365.825812 28.555145
vt 0.000000 0.000000
v 256.795436 368.428729 28.555145
vt 0.000000 0.000000
v 255.181304 367.021747 28.555145
vt 0.000000 0.000000
v 261.170292 366.388605 28.555145
vt 0.000000 0.000000
v 259.589556 368.147333 28.555145
vt 0.000000 0.000000
v 260.958785 364.869064 28.555145
vt 0.000000 0.000000
v 264.365162 364.418829 28.555145
vt 0.000000 0.000000
v 269.797553 303.679206 23.976776
vt 0.000000 0.000000
v 262.572918 295.124697 23.976776
vt 0.000000 0.000000
v 263.730641 304.424911 23.976776
vt 0.000000 0.000000
v 268.628698 294.378991 23.976776
vt 0.000000 0.000000
v 277.545389 286.288783 23.976776
vt 0.000000 0.000000
v 267.782670 287.498797 23.976776
vt 0.000000 0.000000
v 278.758772 296.095522 23.976776
vt 0.000000 0.000000
v 280.918370 304.312352 23.976776
vt 0.000000 0.000000
v 279.883099 295.954823 23.976776
vt 0.000000 0.000000
v 273.359777 304.298282 23.976776
vt 0.000000 0.000000
v 273.471096 305.226896 23.976776
vt 0.000000 0.000000
v 269.931136 304.720379 23.976776
vt 0.000000 0.000000
v 269.797553 303.679206 28.807655
vt 0.000000 0.000000
v 263.730641 304.424911 28.807655
vt 0.000000 0.000000
v 262.572918 295.124697 28.807655
vt 0.000000 0.000000
v 268.628698 294.378991 28.807655
vt 0.000000 0.000000
v 267.782670 287.498797 28.807655
vt 0.000000 0.000000
v 277.545389 286.288783 28.807655
vt 0.000000 0.000000
v 278.758772 296.095522 28.807655
vt 0.000000 0.000000
v 279.883099 295.954823 28.807655
vt 0.000000 0.000000
v 280.918370 304.312352 28.807655
vt 0.000000 0.000000
v 273.471096 305.226896 28.807655
vt 0.000000 0.000000
v 273.359777 304.298282 28.807655
vt 0.000000 0.000000
v 269.931136 304.720379 28.807655
vt 0.000000 0.000000
v 253.400192 230.234019 25.868805
vt 0.000000 0.000000
v 253.656227 232.147540 25.868805
vt 0.000000 0.000000
v 255.069984 231.964630 25.868805
vt 0.000000 0.000000
v 255.604318 235.932371 25.868805
vt 0.000000 0.000000
v 265.111002 234.666070 25.868805
vt 0.000000 0.000000
v 265.433829 237.057971 25.868805
vt 0.000000 0.000000
v 271.678852 236.213771 25.868805
vt 0.000000 0.000000
v 270.420942 226.885356 25.868805
vt 0.000000 0.000000
v 271.467345 226.744656 25.868805
vt 0.000000 0.000000
v 270.420942 218.893585 25.868805
vt 0.000000 0.000000
v 262.450466 219.948837 25.868805
vt 0.000000 0.000000
v 262.650842 221.440259 25.868805
vt 0.000000 0.000000
v 259.411444 221.876430 25.868805
vt 0.000000 0.000000
v 259.567292 223.030172 25.868805
vt 0.000000 0.000000
v 252.565296 223.972863 25.868805
vt 0.000000 0.000000
v 253.400192 230.234019 30.179131
vt 0.000000 0.000000
v 255.069984 231.964630 30.179131
vt 0.000000 0.000000
v 253.656227 232.147540 30.179131
vt 0.000000 0.000000
v 265.111002 234.666070 30.179131
vt 0.000000 0.000000
v 255.604318 235.932371 30.179131
vt 0.000000 0.000000
v 271.678852 236.213771 30.179131
vt 0.000000 0.000000
v 265.433829 237.057971 30.179131
vt 0.000000 0.000000
v 270.420942 226.885356 30.179131
vt 0.000000 0.000000
v 270.420942 218.893585 30.179131
vt 0.000000 0.000000
v 271.467345 226.744656 30.179131
vt 0.000000 0.000000
v 262.650842 221.440259 30.179131
vt 0.000000 0.000000
v 262.450466 219.948837 30.179131
vt 0.000000 0.000000
v 259.567292 223.030172 30.179131
vt 0.000000 0.000000
v 259.411444 221.876430 30.179131
vt 0.000000 0.000000
v 252.565296 223.972863 30.179131
vt 0.000000 0.000000
v 1045.627612 443.758286 16.066368
vt 0.000000 0.000000
v 1015.137203 447.725946 16.066368
vt 0.000000 0.000000
v 1016.350586 457.419976 16.066368
vt 0.000000 0.000000
v 1046.774203 453.593016 16.066368
vt 0.000000 0.000000
v 1045.627612 443.758286 20.354706
vt 0.000000 0.000000
v 1016.350586 457.419976 20.354706
vt 0.000000 0.000000
v 1015.137203 447.725946 20.354706
vt 0.000000 0.000000
v 1046.774203 453.593016 20.354706
vt 0.000000 0.000000
v 1048.655502 484.771441 15.228371
vt 0.000000 0.000000
v 1047.186085 473.515703 15.228371
vt 0.000000 0.000000
v 1046.106286 473.656400 15.228371
vt 0.000000 0.000000
v 1031.211738 475.583946 15.228371
vt 0.000000 0.000000
v 1018.443392 477.244168 15.228371
vt 0.000000 0.000000
v 1019.423004 484.841790 15.228371
vt 0.000000 0.000000
v 1014.647398 485.460855 15.228371
vt 0.000000 0.000000
v 1016.272662 497.954709 15.228371
vt 0.000000 0.000000
v 1028.907425 496.308560 15.228371
vt 0.000000 0.000000
v 1029.063272 497.546690 15.228371
vt 0.000000 0.000000
v 1040.228617 496.097516 15.228371
vt 0.000000 0.000000
v 1038.915047 486.037711 15.228371
vt 0.000000 0.000000
v 1048.655502 484.771441 20.623047
vt 0.000000 0.000000
v 1046.106286 473.656400 20.623047
vt 0.000000 0.000000
v 1047.186085 473.515703 20.623047
vt 0.000000 0.000000
v 1018.443392 477.244168 20.623047
vt 0.000000 0.000000
v 1031.211738 475.583946 20.623047
vt 0.000000 0.000000
v 1019.423004 484.841790 20.623047
vt 0.000000 0.000000
v 1016.272662 497.954709 20.623047
vt 0.000000 0.000000
v 1014.647398 485.460855 20.623047
vt 0.000000 0.000000
v 1028.907425 496.308560 20.623047
vt 0.000000 0.000000
v 1040.228617 496.097516 20.623047
vt 0.000000 0.000000
v 1029.063272 497.546690 20.623047
vt 0.000000 0.000000
v 1038.915047 486.037711 20.623047
vt 0.000000 0.000000
v 1031.211738 475.583946 15.508774
vt 0.000000 0.000000
v 1046.106286 473.656400 15.508774
vt 0.000000 0.000000
v 1045.382709 468.098874 15.508774
vt 0.000000 0.000000
v 1030.488161 470.026421 15.508774
vt 0.000000 0.000000
v 1031.211738 475.583946 19.508774
vt 0.000000 0.000000
v 1045.382709 468.098874 19.508774
vt 0.000000 0.000000
v 1046.106286 473.656400 19.508774
vt 0.000000 0.000000
v 1030.488161 470.026421 19.508774
vt 0.000000 0.000000
v 1074.592944 428.309721 10.478081
vt 0.000000 0.000000
v 1083.843593 495.478451 10.478081
vt 0.000000 0.000000
v 1139.392019 487.655722 10.478081
vt 0.000000 0.000000
v 1128.004035 413.831947 10.478081
vt 0.000000 0.000000
v 1078.856480 420.712058 10.478081
vt 0.000000 0.000000
v 1074.592944 428.309721 16.983047
vt 0.000000 0.000000
v 1139.392019 487.655722 16.983047
vt 0.000000 0.000000
v 1083.843593 495.478451 16.983047
vt 0.000000 0.000000
v 1078.856480 420.712058 16.983047
vt 0.000000 0.000000
v 1128.004035 413.831947 16.983047
vt 0.000000 0.000000
g terrain
usemtl terrain_material
f 1/1 2/2 3/3
f 4/4 5/5 6/6
f 7/7 8/8 9/9
f 10/10 11/11 12/12
f 10/10 13/13 14/14
f 15/15 16/16 17/17
f 18/18 19/19 20/20
f 5/5 4/4 21/21
f 22/22 23/23 24/24
f 25/25 26/26 27/27
f 28/28 29/29 30/30
f 31/31 32/32 33/33
f 34/34 35/35 36/36
f 37/37 38/38 39/39
f 40/40 41/41 42/42
f 43/43 44/44 45/45
f 46/46 47/47 48/48
f 49/49 24/24 23/23
f 1/1 3/3 40/40
f 50/50 51/51 52/52
f 53/53 54/54 55/55
f 22/22 41/41 56/56
f 18/18 57/57 58/58
f 59/59 60/60 61/61
f 39/39 62/62 37/37
f 63/63 64/64 65/65
f 66/66 67/67 68/68
f 69/69 70/70 31/31
f 71/71 72/72 73/73
f 74/74 75/75 76/76
f 77/77 78/78 59/59
f 38/38 79/79 80/80
f 81/81 24/24 82/82
f 83/83 84/84 85/85
f 86/86 87/87 88/88
f 89/89 90/90 91/91
f 92/92 83/83 85/85
f 92/92 93/93 83/83
f 94/94 95/95 96/96
f 97/97 98/98 99/99
f 100/100 101/101 102/102
f 43/43 45/45 103/103
f 50/50 52/52 104/104
f 47/47 46/46 4/4
f 105/105 106/106 107/107
f 108/108 109/109 110/110
f 111/111 112/112 113/113
f 114/114 115/115 66/66
f 116/116 117/117 118/118
f 119/119 120/120 63/63
f 121/121 122/122 123/123
f 124/124 125/125 126/126
f 127/127 58/58 57/57
f 128/128 129/129 130/130
f 119/119 131/131 132/132
f 133/133 134/134 39/39
f 135/135 136/136 6/6
f 37/37 137/137 79/79
f 138/138 8/8 93/93
f 84/84 139/139 140/140
f 141/141 108/108 48/48
f 142/142 143/143 144/144
f 121/121 145/145 146/146
f 147/147 148/148 149/149
f 150/150 151/151 152/152
f 153/153 154/154 155/155
f 156/156 157/157 158/158
f 89/89 159/159 90/90
f 160/160 161/161 114/114
f 162/162 163/163 148/148
f 164/164 165/165 62/62
f 166/166 96/96 28/28
f 70/70 167/167 168/168
f 169/169 170/170 18/18
f 138/138 101/101 9/9
f 171/171 172/172 173/173
f 174/174 175/175 176/176
f 2/2 1/1 177/177
f 57/57 18/18 20/20
f 176/176 175/175 178/178
f 58/58 127/127 171/171
f 179/179 180/180 181/181
f 182/182 89/89 183/183
f 184/184 185/185 97/97
f 75/75 186/186 187/187
f 70/70 15/15 188/188
f 70/70 189/189 96/96
f 190/190 95/95 74/74
f 54/54 53/53 191/191
f 76/76 29/29 190/190
f 53/53 192/192 193/193
f 194/194 195/195 196/196
f 197/197 198/198 199/199
f 200/200 201/201 202/202
f 203/203 204/204 11/11
f 44/44 43/43 204/204
f 205/205 206/206 199/199
f 207/207 208/208 209/209
f 201/201 200/200 210/210
f 211/211 61/61 212/212
f 159/159 89/89 66/66
f 213/213 61/61 60/60
f 214/214 215/215 216/216
f 217/217 218/218 219/219
f 59/59 220/220 221/221
f 222/222 198/198 197/197
f 172/172 223/223 173/173
f 224/224 225/225 226/226
f 227/227 103/103 228/228
f 229/229 224/224 226/226
f 230/230 231/231 232/232
f 233/233 47/47 4/4
f 76/76 190/190 74/74
f 190/190 28/28 95/95
f 76/76 30/30 29/29
f 71/71 234/234 235/235
f 236/236 72/72 237/237
f 223/223 172/172 238/238
f 224/224 229/229 228/228
f 114/114 66/66 182/182
f 183/183 239/239 240/240
f 52/52 241/241 242/242
f 243/243 244/244 245/245
f 28/28 190/190 29/29
f 242/242 104/104 52/52
f 32/32 31/31 188/188
f 31/31 218/218 69/69
f 246/246 247/247 60/60
f 206/206 205/205 248/248
f 192/192 249/249 250/250
f 251/251 252/252 253/253
f 156/156 158/158 193/193
f 157/157 98/98 254/254
f 255/255 203/203 11/11
f 101/101 256/256 14/14
f 199/199 257/257 258/258
f 259/259 179/179 260/260
f 202/202 261/261 209/209
f 260/260 262/262 263/263
f 103/103 225/225 224/224
f 103/103 45/45 40/40
f 24/24 42/42 264/264
f 24/24 81/81 42/42
f 110/110 265/265 266/266
f 23/23 22/22 267/267
f 268/268 54/54 269/269
f 51/51 50/50 244/244
f 260/260 263/263 270/270
f 12/12 271/271 272/272
f 265/265 267/267 22/22
f 170/170 19/19 18/18
f 19/19 170/170 273/273
f 31/31 70/70 188/188
f 15/15 70/70 96/96
f 205/205 262/262 274/274
f 262/262 260/260 275/275
f 276/276 163/163 277/277
f 79/79 38/38 37/37
f 182/182 160/160 114/114
f 161/161 160/160 278/278
f 55/55 192/192 53/53
f 184/184 111/111 185/185
f 98/98 97/97 279/279
f 254/254 280/280 157/157
f 76/76 241/241 30/30
f 241/241 52/52 51/51
f 173/173 150/150 171/171
f 150/150 58/58 171/171
f 269/269 191/191 281/281
f 53/53 193/193 102/102
f 189/189 70/70 168/168
f 107/107 111/111 282/282
f 94/94 283/283 284/284
f 94/94 284/284 187/187
f 250/250 285/285 99/99
f 283/283 94/94 286/286
f 287/287 288/288 132/132
f 80/80 287/287 132/132
f 234/234 77/77 289/289
f 290/290 291/291 292/292
f 287/287 80/80 79/79
f 122/122 215/215 292/292
f 293/293 294/294 295/295
f 181/181 296/296 179/179
f 158/158 203/203 255/255
f 100/100 255/255 256/256
f 207/207 274/274 275/275
f 297/297 261/261 298/298
f 299/299 164/164 231/231
f 4/4 113/113 21/21
f 300/300 7/7 129/129
f 8/8 138/138 9/9
f 301/301 302/302 303/303
f 304/304 305/305 306/306
f 301/301 13/13 302/302
f 307/307 152/152 308/308
f 93/93 92/92 309/309
f 233/233 136/136 164/164
f 136/136 233/233 6/6
f 83/83 8/8 310/310
f 7/7 300/300 8/8
f 246/246 221/221 311/311
f 312/312 236/236 313/313
f 174/174 176/176 307/307
f 314/314 304/304 315/315
f 272/272 315/315 302/302
f 271/271 12/12 11/11
f 81/81 134/134 316/316
f 81/81 317/317 177/177
f 40/40 42/42 1/1
f 42/42 81/81 1/1
f 318/318 121/121 319/319
f 215/215 320/320 162/162
f 116/116 118/118 321/321
f 121/121 318/318 320/320
f 292/292 214/214 290/290
f 320/320 215/215 121/121
f 215/215 214/214 292/292
f 215/215 122/122 121/121
f 216/216 126/126 214/214
f 322/322 323/323 124/124
f 148/148 135/135 149/149
f 216/216 215/215 162/162
f 134/134 81/81 324/324
f 62/62 232/232 231/231
f 325/325 161/161 278/278
f 326/326 161/161 325/325
f 195/195 327/327 328/328
f 219/219 329/329 330/330
f 69/69 331/331 167/167
f 59/59 78/78 194/194
f 196/196 59/59 194/194
f 78/78 77/77 332/332
f 33/33 327/327 31/31
f 333/333 334/334 335/335
f 334/334 333/333 328/328
f 336/336 337/337 338/338
f 221/221 246/246 60/60
f 339/339 311/311 221/221
f 161/161 326/326 114/114
f 109/109 141/141 340/340
f 108/108 110/110 252/252
f 46/46 108/108 251/251
f 251/251 4/4 46/46
f 269/269 281/281 154/154
f 154/154 153/153 269/269
f 114/114 326/326 341/341
f 267/267 265/265 110/110
f 109/109 108/108 141/141
f 192/192 99/99 156/156
f 51/51 268/268 153/153
f 244/244 50/50 250/250
f 285/285 284/284 342/342
f 55/55 343/343 344/344
f 268/268 269/269 153/153
f 98/98 157/157 156/156
f 252/252 345/345 185/185
f 212/212 235/235 289/289
f 346/346 213/213 347/347
f 294/294 348/348 349/349
f 346/346 237/237 235/235
f 295/295 350/350 293/293
f 239/239 294/294 351/351
f 350/350 295/295 352/352
f 236/236 353/353 313/313
f 354/354 181/181 180/180
f 295/295 349/349 355/355
f 315/315 304/304 356/356
f 303/303 357/357 7/7
f 303/303 7/7 301/301
f 7/7 9/9 301/301
f 99/99 192/192 250/250
f 99/99 98/98 156/156
f 1/1 81/81 177/177
f 317/317 81/81 316/316
f 177/177 317/317 2/2
f 40/40 225/225 103/103
f 358/358 3/3 2/2
f 40/40 358/358 359/359
f 359/359 358/358 225/225
f 358/358 40/40 3/3
f 360/360 297/297 336/336
f 337/337 257/257 338/338
f 231/231 361/361 299/299
f 134/134 133/133 316/316
f 362/362 360/360 338/338
f 261/261 247/247 298/298
f 163/163 162/162 320/320
f 6/6 233/233 4/4
f 5/5 27/27 147/147
f 5/5 149/149 6/6
f 302/302 356/356 303/303
f 315/315 272/272 169/169
f 240/240 182/182 183/183
f 182/182 240/240 160/160
f 349/349 295/295 294/294
f 183/183 363/363 239/239
f 43/43 273/273 204/204
f 103/103 227/227 364/364
f 228/228 103/103 224/224
f 238/238 127/127 57/57
f 209/209 179/179 296/296
f 202/202 181/181 293/293
f 188/188 365/365 32/32
f 366/366 15/15 166/166
f 267/267 367/367 23/23
f 24/24 49/49 82/82
f 144/144 143/143 368/368
f 164/164 299/299 233/233
f 142/142 144/144 367/367
f 47/47 233/233 299/299
f 117/117 116/116 120/120
f 369/369 118/118 117/117
f 323/323 78/78 332/332
f 126/126 216/216 147/147
f 290/290 214/214 126/126
f 126/126 370/370 322/322
f 27/27 371/371 147/147
f 371/371 27/27 26/26
f 219/219 330/330 217/217
f 217/217 25/25 372/372
f 118/118 369/369 115/115
f 71/71 291/291 290/290
f 97/97 345/345 279/279
f 111/111 184/184 282/282
f 373/373 34/34 36/36
f 111/111 107/107 106/106
f 252/252 110/110 373/373
f 373/373 266/266 374/374
f 252/252 251/251 108/108
f 108/108 46/46 48/48
f 253/253 252/252 185/185
f 345/345 252/252 373/373
f 113/113 4/4 251/251
f 251/251 253/253 113/113
f 353/353 236/236 347/347
f 352/352 295/295 375/375
f 35/35 376/376 203/203
f 373/373 36/36 377/377
f 22/22 56/56 265/265
f 266/266 378/378 376/376
f 379/379 222/222 380/380
f 311/311 222/222 258/258
f 195/195 78/78 219/219
f 381/381 333/333 339/339
f 8/8 83/83 93/93
f 155/155 382/382 383/383
f 85/85 86/86 88/88
f 87/87 92/92 88/88
f 383/383 384/384 155/155
f 382/382 155/155 154/154
f 383/383 382/382 385/385
f 138/138 93/93 309/309
f 80/80 133/133 38/38
f 133/133 39/39 38/38
f 45/45 44/44 56/56
f 203/203 44/44 204/204
f 386/386 287/287 79/79
f 319/319 132/132 288/288
f 199/199 258/258 197/197
f 380/380 222/222 335/335
f 98/98 279/279 254/254
f 254/254 36/36 35/35
f 128/128 130/130 387/387
f 356/356 387/387 357/357
f 222/222 379/379 198/198
f 379/379 334/334 33/33
f 385/385 87/87 388/388
f 384/384 383/383 388/388
f 87/87 385/385 309/309
f 87/87 389/389 388/388
f 291/291 71/71 117/117
f 390/390 117/117 120/120
f 321/321 115/115 341/341
f 341/341 65/65 64/64
f 225/225 40/40 359/359
f 181/181 354/354 351/351
f 180/180 391/391 354/354
f 294/294 293/293 181/181
f 181/181 351/351 294/294
f 365/365 17/17 16/16
f 15/15 366/366 16/16
f 36/36 254/254 279/279
f 279/279 345/345 377/377
f 363/363 183/183 89/89
f 91/91 348/348 363/363
f 209/209 297/297 207/207
f 261/261 202/202 201/201
f 246/246 336/336 298/298
f 261/261 297/297 209/209
f 78/78 323/323 219/219
f 78/78 195/195 194/194
f 286/286 105/105 107/107
f 189/189 94/94 96/96
f 286/286 94/94 189/189
f 392/392 168/168 393/393
f 238/238 229/229 223/223
f 238/238 57/57 228/228
f 229/229 238/238 228/228
f 394/394 368/368 324/324
f 324/324 368/368 134/134
f 23/23 367/367 49/49
f 367/367 144/144 49/49
f 324/324 82/82 394/394
f 324/324 81/81 82/82
f 266/266 376/376 374/374
f 266/266 373/373 110/110
f 43/43 103/103 364/364
f 364/364 227/227 20/20
f 271/271 11/11 204/204
f 273/273 43/43 364/364
f 239/239 278/278 240/240
f 278/278 160/160 240/240
f 365/365 188/188 17/17
f 327/327 195/195 218/218
f 328/328 196/196 195/195
f 195/195 219/219 218/218
f 218/218 217/217 69/69
f 170/170 169/169 272/272
f 170/170 271/271 273/273
f 379/379 33/33 198/198
f 33/33 199/199 198/198
f 165/165 37/37 62/62
f 62/62 231/231 164/164
f 85/85 88/88 92/92
f 92/92 87/87 309/309
f 388/388 383/383 385/385
f 309/309 382/382 138/138
f 127/127 238/238 172/172
f 172/172 171/171 127/127
f 270/270 239/239 391/391
f 351/351 395/395 239/239
f 395/395 351/351 354/354
f 354/354 391/391 395/395
f 235/235 212/212 346/346
f 332/332 125/125 124/124
f 77/77 396/396 332/332
f 289/289 211/211 212/212
f 289/289 235/235 234/234
f 234/234 71/71 290/290
f 179/179 209/209 208/208
f 274/274 207/207 397/397
f 387/387 305/305 128/128
f 84/84 300/300 139/139
f 7/7 130/130 129/129
f 7/7 357/357 130/130
f 130/130 357/357 387/387
f 387/387 356/356 306/306
f 247/247 246/246 298/298
f 213/213 346/346 61/61
f 60/60 59/59 221/221
f 311/311 339/339 333/333
f 220/220 59/59 196/196
f 333/333 381/381 328/328
f 381/381 220/220 196/196
f 196/196 328/328 381/381
f 334/334 379/379 380/380
f 333/333 222/222 311/311
f 334/334 327/327 33/33
f 334/334 380/380 335/335
f 336/336 246/246 337/337
f 246/246 311/311 337/337
f 337/337 311/311 257/257
f 311/311 258/258 257/257
f 63/63 398/398 119/119
f 399/399 122/122 291/291
f 116/116 64/64 63/63
f 63/63 120/120 116/116
f 120/120 123/123 390/390
f 123/123 122/122 390/390
f 400/400 365/365 16/16
f 32/32 400/400 33/33
f 204/204 273/273 271/271
f 271/271 170/170 272/272
f 179/179 259/259 180/180
f 260/260 208/208 275/275
f 260/260 270/270 259/259
f 270/270 180/180 259/259
f 122/122 399/399 390/390
f 122/122 292/292 291/291
f 135/135 6/6 149/149
f 149/149 5/5 147/147
f 148/148 147/147 216/216
f 216/216 162/162 148/148
f 272/272 302/302 12/12
f 11/11 10/10 255/255
f 13/13 10/10 12/12
f 255/255 14/14 256/256
f 89/89 182/182 66/66
f 369/369 117/117 71/71
f 115/115 114/114 341/341
f 115/115 321/321 118/118
f 71/71 73/73 369/369
f 67/67 73/73 68/68
f 73/73 67/67 369/369
f 401/401 312/312 402/402
f 280/280 254/254 35/35
f 203/203 158/158 157/157
f 96/96 166/166 15/15
f 15/15 17/17 188/188
f 210/210 403/403 353/353
f 350/350 200/200 293/293
f 320/320 277/277 163/163
f 288/288 287/287 386/386
f 137/137 37/37 165/165
f 404/404 137/137 277/277
f 128/128 305/305 140/140
f 140/140 139/139 128/128
f 265/265 378/378 266/266
f 41/41 264/264 42/42
f 41/41 40/40 45/45
f 45/45 56/56 41/41
f 104/104 75/75 50/50
f 104/104 242/242 76/76
f 197/197 258/258 222/222
f 222/222 333/333 335/335
f 277/277 320/320 404/404
f 135/135 148/148 163/163
f 276/276 277/277 137/137
f 163/163 276/276 135/135
f 255/255 100/100 158/158
f 14/14 255/255 10/10
f 100/100 102/102 193/193
f 193/193 158/158 100/100
f 13/13 12/12 302/302
f 101/101 100/100 256/256
f 13/13 301/301 9/9
f 9/9 14/14 13/13
f 14/14 9/9 101/101
f 101/101 138/138 102/102
f 400/400 32/32 365/365
f 220/220 381/381 339/339
f 339/339 221/221 220/220
f 218/218 31/31 327/327
f 327/327 334/334 328/328
f 112/112 111/111 106/106
f 112/112 106/106 105/105
f 111/111 113/113 253/253
f 253/253 185/185 111/111
f 203/203 378/378 44/44
f 378/378 265/265 56/56
f 56/56 44/44 378/378
f 378/378 203/203 376/376
f 388/388 389/389 384/384
f 86/86 155/155 389/389
f 155/155 384/384 389/389
f 389/389 87/87 86/86
f 120/120 119/119 145/145
f 132/132 131/131 80/80
f 145/145 121/121 123/123
f 123/123 120/120 145/145
f 119/119 132/132 146/146
f 146/146 145/145 119/119
f 291/291 117/117 399/399
f 117/117 390/390 399/399
f 275/275 274/274 262/262
f 262/262 205/205 263/263
f 61/61 211/211 59/59
f 61/61 346/346 212/212
f 329/329 370/370 371/371
f 126/126 322/322 124/124
f 323/323 332/332 124/124
f 125/125 332/332 396/396
f 95/95 186/186 74/74
f 28/28 30/30 366/366
f 96/96 95/95 28/28
f 28/28 366/366 166/166
f 199/199 338/338 257/257
f 199/199 206/206 362/362
f 91/91 363/363 89/89
f 375/375 295/295 355/355
f 348/348 294/294 239/239
f 348/348 91/91 355/355
f 396/396 77/77 234/234
f 405/405 290/290 125/125
f 290/290 405/405 234/234
f 290/290 126/126 125/125
f 284/284 250/250 50/50
f 186/186 75/75 74/74
f 50/50 187/187 284/284
f 406/406 284/284 283/283
f 286/286 107/107 283/283
f 284/284 406/406 342/342
f 283/283 107/107 406/406
f 107/107 342/342 406/406
f 296/296 181/181 202/202
f 202/202 209/209 296/296
f 239/239 363/363 348/348
f 348/348 355/355 349/349
f 138/138 191/191 102/102
f 281/281 382/382 154/154
f 53/53 102/102 191/191
f 191/191 138/138 281/281
f 167/167 70/70 69/69
f 189/189 392/392 286/286
f 331/331 69/69 217/217
f 393/393 167/167 331/331
f 217/217 372/372 331/331
f 167/167 393/393 168/168
f 84/84 83/83 310/310
f 398/398 63/63 65/65
f 131/131 398/398 65/65
f 373/373 377/377 345/345
f 345/345 97/97 185/185
f 202/202 293/293 200/200
f 200/200 350/350 210/210
f 382/382 281/281 138/138
f 382/382 309/309 385/385
f 82/82 49/49 394/394
f 49/49 144/144 394/394
f 353/353 213/213 210/210
f 313/313 352/352 375/375
f 342/342 107/107 282/282
f 284/284 285/285 250/250
f 273/273 364/364 19/19
f 364/364 20/20 19/19
f 342/342 282/282 285/285
f 285/285 184/184 99/99
f 338/338 199/199 362/362
f 338/338 360/360 336/336
f 241/241 76/76 242/242
f 187/187 50/50 75/75
f 75/75 104/104 76/76
f 35/35 34/34 376/376
f 36/36 279/279 377/377
f 34/34 373/373 374/374
f 374/374 376/376 34/34
f 125/125 396/396 405/405
f 396/396 234/234 405/405
f 35/35 203/203 280/280
f 203/203 157/157 280/280
f 211/211 289/289 77/77
f 77/77 59/59 211/211
f 386/386 404/404 288/288
f 132/132 319/319 146/146
f 288/288 318/318 319/319
f 319/319 121/121 146/146
f 318/318 288/288 404/404
f 404/404 320/320 318/318
f 64/64 116/116 321/321
f 321/321 341/341 64/64
f 304/304 306/306 356/356
f 150/150 152/152 407/407
f 150/150 140/140 305/305
f 305/305 387/387 306/306
f 131/131 119/119 398/398
f 27/27 105/105 372/372
f 25/25 217/217 330/330
f 27/27 5/5 21/21
f 27/27 372/372 25/25
f 375/375 402/402 313/313
f 236/236 312/312 72/72
f 39/39 408/408 232/232
f 368/368 394/394 144/144
f 232/232 62/62 39/39
f 408/408 39/39 134/134
f 143/143 408/408 368/368
f 231/231 230/230 361/361
f 134/134 368/368 408/408
f 408/408 143/143 232/232
f 247/247 261/261 201/201
f 201/201 60/60 247/247
f 48/48 409/409 141/141
f 409/409 367/367 340/340
f 367/367 409/409 142/142
f 367/367 109/109 340/340
f 109/109 367/367 267/267
f 267/267 110/110 109/109
f 236/236 346/346 347/347
f 213/213 60/60 201/201
f 403/403 210/210 350/350
f 352/352 313/313 353/353
f 350/350 352/352 403/403
f 352/352 353/353 403/403
f 201/201 210/210 213/213
f 213/213 353/353 347/347
f 129/129 128/128 139/139
f 139/139 300/300 129/129
f 300/300 84/84 310/310
f 310/310 8/8 300/300
f 317/317 316/316 133/133
f 133/133 358/358 317/317
f 2/2 317/317 358/358
f 358/358 133/133 225/225
f 136/136 135/135 165/165
f 165/165 164/164 136/136
f 356/356 357/357 303/303
f 356/356 302/302 315/315
f 228/228 57/57 227/227
f 57/57 20/20 227/227
f 105/105 286/286 372/372
f 105/105 27/27 21/21
f 105/105 21/21 112/112
f 21/21 113/113 112/112
f 248/248 205/205 397/397
f 205/205 274/274 397/397
f 58/58 150/150 178/178
f 150/150 407/407 178/178
f 169/169 18/18 174/174
f 175/175 174/174 410/410
f 169/169 307/307 308/308
f 169/169 174/174 307/307
f 314/314 151/151 304/304
f 315/315 169/169 308/308
f 178/178 407/407 176/176
f 176/176 152/152 307/307
f 152/152 176/176 407/407
f 151/151 150/150 305/305
f 315/315 308/308 314/314
f 308/308 152/152 314/314
f 360/360 362/362 206/206
f 206/206 248/248 360/360
f 245/245 250/250 249/249
f 250/250 245/245 244/244
f 156/156 193/193 192/192
f 192/192 55/55 344/344
f 249/249 192/192 344/344
f 249/249 411/411 245/245
f 249/249 344/344 343/343
f 343/343 55/55 268/268
f 264/264 41/41 22/22
f 22/22 24/24 264/264
f 248/248 297/297 360/360
f 248/248 397/397 207/207
f 298/298 336/336 297/297
f 297/297 248/248 207/207
f 174/174 18/18 410/410
f 18/18 58/58 410/410
f 410/410 58/58 175/175
f 58/58 178/178 175/175
f 137/137 404/404 386/386
f 386/386 79/79 137/137
f 137/137 165/165 276/276
f 165/165 135/135 276/276
f 159/159 66/66 68/68
f 355/355 90/90 375/375
f 402/402 375/375 90/90
f 90/90 355/355 91/91
f 159/159 401/401 402/402
f 402/402 90/90 159/159
f 25/25 371/371 26/26
f 371/371 25/25 330/330
f 322/322 329/329 323/323
f 370/370 126/126 147/147
f 371/371 330/330 329/329
f 329/329 219/219 323/323
f 245/245 411/411 243/243
f 244/244 243/243 51/51
f 411/411 249/249 343/343
f 412/412 243/243 411/411
f 343/343 268/268 411/411
f 243/243 412/412 51/51
f 411/411 268/268 412/412
f 268/268 51/51 412/412
f 97/97 99/99 184/184
f 184/184 285/285 282/282
f 72/72 71/71 235/235
f 237/237 346/346 236/236
f 401/401 159/159 68/68
f 72/72 235/235 237/237
f 68/68 73/73 401/401
f 73/73 72/72 401/401
f 313/313 402/402 312/312
f 312/312 401/401 72/72
f 147/147 371/371 370/370
f 370/370 329/329 322/322
f 239/239 395/395 391/391
f 391/391 180/180 270/270
f 305/305 304/304 151/151
f 151/151 314/314 152/152
f 67/67 66/66 115/115
f 115/115 369/369 67/67
f 208/208 207/207 275/275
f 208/208 260/260 179/179
f 186/186 95/95 94/94
f 94/94 187/187 186/186
f 191/191 269/269 54/54
f 54/54 268/268 55/55
f 143/143 142/142 230/230
f 299/299 142/142 47/47
f 232/232 143/143 230/230
f 230/230 142/142 361/361
f 47/47 142/142 409/409
f 142/142 299/299 361/361
f 340/340 141/141 409/409
f 409/409 48/48 47/47
f 331/331 392/392 393/393
f 392/392 189/189 168/168
f 392/392 331/331 372/372
f 372/372 286/286 392/392
f 413 173 414
f 415/414 416/415 417/416
f 417/416 418/417 419/418
f 419/418 420/419 421/420
f 422/421 423/422 424/423
f 424/423 425/424 426/425
f 426/425 427/426 428/427
f 428/427 429/428 430/429
f 430/429 431/430 432/431
f 432/431 433/432 434/433
f 435/434 436/435 437/436
f 437/436 438/437 439/438
f 440/439 441/440 442/441
f 442/441 443/442 444/443
f 444/443 445/444 446/445
f 447/446 448/447 449/448
f 449/448 450/449 451/450
f 451/450 452/451 453/452
f 453/452 454/453 455/454
f 455/454 456/455 457/456
f 458/457 223/223 459/458
f 459/458 460/459 461/460
f 461/460 462/461 463/462
f 464/463 465/464 466/465
f 466/465 467/466 468/467
f 469/468 470/469 471/470
f 471/470 472/471 473/472
f 473/472 474/473 475/474
f 476/475 477/476 478/477
f 478/477 479/478 480/479
f 481/480 482/481 483/482
f 483/482 484/483 485/484
f 485/484 486/485 487/486
f 487/486 488/487 489/488
f 490/489 491/490 492/491
f 493/492 494/493 495/494
f 495/494 496/495 497/496
f 497/496 498/497 499/498
f 499/498 500/499 501/500
f 502/501 503/502 504/503
f 504/503 505/504 229/229
f 506/505 507/506 508/507
f 508/507 509/508 510/509
f 510/509 511/510 512/511
f 513/512 514/513 515/514
f 515/514 516/515 226/226
f 517/516 518/517 519/518
f 520/519 521/520 522/521
f 523/522 524/523 525/524
f 525/524 526/525 527/526
f 527/526 528/527 529/528
f 530/529 531/530 532/531
f 533/532 534/533 535/534
f 535/534 536/535 537/536
f 537/536 538/537 539/538
f 540/539 541/540 542/541
f 542/541 543/542 544/543
f 545/544 546/545 547/546
f 548/547 549/548 550/549
f 550/549 551/550 552/551
f 553/552 554/553 555/554
f 556/555 557/556 558/557
f 558/557 559/558 225/225
f 560/559 561/560 562/561
f 563/562 564/563 565/564
f 565/564 566/565 567/566
f 567/566 568/567 569/568
f 569/568 570/569 571/570
f 572/571 573/572 574/573
f 575/574 576/575 577/576
f 577/576 578/577 579/578
f 579/578 580/579 581/580
f 581/580 582/581 583/582
f 584/583 585/584 586/585
f 587/586 588/587 589/588
f 589/588 590/589 591/590
f 591/590 592/591 593/592
f 594/593 595/594 596/595
f 596/595 597/596 598/597
f 598/597 599/598 600/599
f 601/600 602/601 603/602
f 603/602 604/603 605/604
f 606/605 607/606 608/607
f 609/608 610/609 611/610
f 611/610 612/611 613/612
f 614/613 615/614 616/615
f 617/616 618/617 619/618
f 619/618 620/619 621/620
f 621/620 622/621 623/622
f 624/623 625/624 626/625
f 626/625 627/626 628/627
f 629/628 630/629 631/630
f 631/630 632/631 633/632
f 633/632 634/633 635/634
f 636/635 637/636 133/133
f 133/133 638/637 639/638
f 640/639 641/640 642/641
f 643/642 644/643 645/644
f 645/644 646/645 647/646
f 647/646 648/647 649/648
f 649/648 650/649 651/650
f 651/650 652/651 653/652
f 653/652 654/653 655/654
f 655/654 656/655 657/656
f 657/656 658/657 659/658
f 660/659 661/660 662/661
f 662/661 663/662 664/663
f 664/663 665/664 666/665
f 667/666 668/667 669/668
f 670/669 671/670 672/671
f 673/672 674/673 675/674
f 675/674 676/675 677/676
f 678/677 679/678 680/679
f 681/680 682/681 683/682
f 683/682 684/683 685/684
f 686/685 687/686 688/687
f 688/687 689/688 690/689
f 691/690 692/691 693/692
f 693/692 694/693 695/694
f 695/694 696/695 697/696
f 698/697 699/698 700/699
f 700/699 701/700 702/701
f 703/702 704/703 705/704
f 706/705 707/706 708/707
f 708/707 709/708 710/709
f 711/710 712/711 713/712
f 714/713 715/714 716/715
f 717/716 718/717 719/718
f 719/718 720/719 721/720
f 722/721 723/722 724/723
f 725/724 726/725 727/726
f 728/727 80/80 729/728
f 729/728 730/729 731/730
f 732/731 733/732 734/733
f 734/733 735/734 736/735
f 736/735 737/736 738/737
f 739/738 740/739 741/740
f 741/740 742/741 743/742
f 743/742 744/743 745/744
f 746/745 747/746 748/747
f 748/747 749/748 750/749
f 751/750 752/751 753/752
f 753/752 754/753 755/754
f 755/754 756/755 757/756
f 758/757 759/758 760/759
f 760/759 761/760 762/761
f 763/762 764/763 765/764
f 765/764 766/765 767/766
f 767/766 768/767 769/768
f 770/769 771/770 772/771
f 772/771 773/772 774/773
f 775/774 776/775 777/776
f 777/776 778/777 779/778
f 779/778 780/779 781/780
f 781/780 782/781 783/782
f 784/783 785/784 786/785
f 787/786 788/787 789/788
f 789/788 790/789 791/790
f 791/790 792/791 793/792
f 793/792 794/793 795/794
f 796/795 797/796 798/797
f 798/797 799/798 800/799
f 801/800 802/801 803/802
f 803/802 804/803 131/131
f 131/131 805/804 806/805
f 807/806 808/807 809/808
f 810/809 811/810 812/811
f 813/812 814/813 815/814
f 815/814 816/815 817/816
f 817/816 818/817 819/818
f 819/818 820/819 821/820
f 821/820 822/821 823/822
f 65/65 824/823 825/824
f 825/824 826/825 827/826
f 828/827 829/828 830/829
f 830/829 831/830 832/831
f 832/831 833/832 834/833
f 835/834 836/835 837/836
f 837/836 838/837 839/838
f 839/838 840/839 841/840
f 842/841 843/842 844/843
f 844/843 845/844 846/845
f 847/846 848/847 849/848
f 849/848 850/849 851/850
f 851/850 852/851 853/852
f 854/853 855/854 856/855
f 856/855 857/856 858/857
f 859/858 860/859 861/860
f 861/860 862/861 863/862
f 863/862 864/863 865/864
f 866/865 867/866 868/867
f 869/868 341/341 870/869
f 870/869 871/870 872/871
f 872/871 873/872 874/873
f 875/874 876/875 877/876
f 877/876 878/877 879/878
f 879/878 880/879 881/880
f 882/881 883/882 884/883
f 884/883 885/884 886/885
f 887/886 888/887 889/888
f 889/888 890/889 891/890
f 891/890 892/891 893/892
f 893/892 894/893 895/894
f 895/894 896/895 897/896
f 898/897 899/898 900/899
f 900/899 901/900 902/901
f 902/901 903/902 904/903
f 904/903 905/904 906/905
f 907/906 908/907 909/908
f 910/909 911/910 912/911
f 912/911 913/912 914/913
f 914/913 915/914 916/915
f 917/916 918/917 919/918
f 919/918 920/919 921/920
f 921/920 922/921 923/922
f 924/923 326/326 925/924
f 925/924 926/925 927/926
f 928/927 929/928 930/929
f 930/929 931/930 932/931
f 932/931 933/932 934/933
f 935/934 936/935 937/936
f 937/936 938/937 939/938
f 940/939 941/940 942/941
f 942/941 943/942 944/943
f 944/943 945/944 946/945
f 947/946 948/947 949/948
f 949/948 950/949 325/325
f 951/950 952/951 953/952
f 954/953 955/954 956/955
f 956/955 957/956 958/957
f 959/958 960/959 961/960
f 961/960 962/961 963/962
f 963/962 964/963 965/964
f 965/964 966/965 967/966
f 967/966 968/967 969/968
f 970/969 971/970 972/971
f 973 278 974
f 413 414 415
f 419/418 421/420 422/421
f 422/421 424/423 426/425
f 426/425 428/427 430/429
f 430/429 432/431 434/433
f 434/433 435/434 437/436
f 439/438 440/439 442/441
f 447/446 449/448 451/450
f 451/450 453/452 455/454
f 457/456 458/457 459/458
f 461/460 463/462 464/463
f 464/463 466/465 468/467
f 468/467 469/468 471/470
f 475/474 476/475 478/477
f 480/479 481/480 483/482
f 483/482 485/484 487/486
f 487/486 489/488 490/489
f 492/491 493/492 495/494
f 499/498 501/500 502/501
f 504/503 229/229 506/505
f 506/505 508/507 510/509
f 510/509 512/511 513/512
f 226/226 517/516 519/518
f 520/519 522/521 523/522
f 525/524 527/526 529/528
f 530/529 532/531 975/973
f 975/973 533/532 535/534
f 535/534 537/536 539/538
f 539/538 540/539 542/541
f 544/543 545/544 547/546
f 550/549 552/551 553/552
f 553/552 555/554 556/555
f 558/557 225/225 560/559
f 562/561 563/562 565/564
f 565/564 567/566 569/568
f 569/568 571/570 572/571
f 574/573 575/574 577/576
f 581/580 583/582 584/583
f 586/585 587/586 589/588
f 589/588 591/590 593/592
f 593/592 594/593 596/595
f 603/602 605/604 606/605
f 606/605 608/607 609/608
f 611/610 613/612 614/613
f 616/615 617/616 619/618
f 619/618 621/620 623/622
f 623/622 624/623 626/625
f 628/627 629/628 631/630
f 635/634 636/635 133/133
f 640/639 642/641 643/642
f 643/642 645/644 647/646
f 647/646 649/648 651/650
f 657/656 659/658 660/659
f 660/659 662/661 664/663
f 664/663 666/665 667/666
f 667/666 669/668 670/669
f 670/669 672/671 673/672
f 677/676 678/677 680/679
f 683/682 685/684 686/685
f 688/687 690/689 691/690
f 691/690 693/692 695/694
f 695/694 697/696 698/697
f 698/697 700/699 702/701
f 703/702 705/704 706/705
f 708/707 710/709 711/710
f 714/713 716/715 717/716
f 719/718 721/720 722/721
f 722/721 724/723 725/724
f 727/726 728/727 729/728
f 731/730 732/731 734/733
f 734/733 736/735 738/737
f 738/737 739/738 741/740
f 743/742 745/744 746/745
f 746/745 748/747 750/749
f 750/749 751/750 753/752
f 757/756 758/757 760/759
f 762/761 763/762 765/764
f 769/768 770/769 772/771
f 774/773 775/774 777/776
f 777/776 779/778 781/780
f 781/780 783/782 784/783
f 786/785 787/786 789/788
f 793/792 795/794 796/795
f 796/795 798/797 800/799
f 800/799 801/800 803/802
f 131/131 806/805 807/806
f 810/809 812/811 813/812
f 813/812 815/814 817/816
f 817/816 819/818 821/820
f 825/824 827/826 828/827
f 830/829 832/831 834/833
f 835/834 837/836 839/838
f 839/838 841/840 842/841
f 844/843 846/845 847/846
f 851/850 853/852 854/853
f 854/853 856/855 858/857
f 859/858 861/860 863/862
f 863/862 865/864 866/865
f 866/865 868/867 976/974
f 976/974 869/868 870/869
f 870/869 872/871 874/873
f 874/873 875/874 877/876
f 884/883 886/885 887/886
f 889/888 891/890 893/892
f 893/892 895/894 897/896
f 897/896 898/897 900/899
f 900/899 902/901 904/903
f 904/903 906/905 907/906
f 909/908 910/909 912/911
f 916/915 917/916 919/918
f 919/918 921/920 923/922
f 923/922 924/923 925/924
f 927/926 928/927 930/929
f 934/933 935/934 937/936
f 939/938 940/939 942/941
f 942/941 944/943 946/945
f 946/945 947/946 949/948
f 325/325 951/950 953/952
f 956/955 958/957 959/958
f 959/958 961/960 963/962
f 963/962 965/964 967/966
f 969/968 970/969 972/971
f 972 973 974
f 413 415 417
f 422/421 426/425 430/429
f 434/433 437/436 439/438
f 447/446 451/450 455/454
f 457/456 459/458 461/460
f 461/460 464/463 468/467
f 468/467 471/470 473/472
f 475/474 478/477 480/479
f 480/479 483/482 487/486
f 487/486 490/489 492/491
f 492/491 495/494 497/496
f 499/498 502/501 504/503
f 504/503 506/505 510/509
f 510/509 513/512 515/514
f 523/522 525/524 529/528
f 530/529 975/973 535/534
f 550/549 553/552 556/555
f 558/557 560/559 562/561
f 562/561 565/564 569/568
f 569/568 572/571 574/573
f 574/573 577/576 579/578
f 586/585 589/588 593/592
f 593/592 596/595 598/597
f 603/602 606/605 609/608
f 611/610 614/613 616/615
f 616/615 619/618 623/622
f 623/622 626/625 628/627
f 628/627 631/630 633/632
f 640/639 643/642 647/646
f 660/659 664/663 667/666
f 667/666 670/669 673/672
f 686/685 688/687 691/690
f 691/690 695/694 698/697
f 698/697 702/701 703/702
f 703/702 706/705 708/707
f 717/716 719/718 722/721
f 722/721 725/724 727/726
f 727/726 729/728 731/730
f 731/730 734/733 738/737
f 738/737 741/740 743/742
f 743/742 746/745 750/749
f 750/749 753/752 755/754
f 757/756 760/759 762/761
f 762/761 765/764 767/766
f 769/768 772/771 774/773
f 774/773 777/776 781/780
f 781/780 784/783 786/785
f 786/785 789/788 791/790
f 793/792 796/795 800/799
f 800/799 803/802 131/131
f 813/812 817/816 821/820
f 830/829 834/833 835/834
f 835/834 839/838 842/841
f 842/841 844/843 847/846
f 849/848 851/850 854/853
f 854/853 858/857 859/858
f 859/858 863/862 866/865
f 866/865 976/974 870/869
f 874/873 877/876 879/878
f 887/886 889/888 893/892
f 893/892 897/896 900/899
f 904/903 907/906 909/908
f 909/908 912/911 914/913
f 916/915 919/918 923/922
f 923/922 925/924 927/926
f 927/926 930/929 932/931
f 934/933 937/936 939/938
f 939/938 942/941 946/945
f 946/945 949/948 325/325
f 959/958 963/962 967/966
f 969 972 974
f 413 417 419
f 419/418 422/421 430/429
f 430/429 434/433 439/438
f 977/975 447/446 455/454
f 455/454 457/456 461/460
f 461/460 468/467 473/472
f 475/474 480/479 487/486
f 499/498 504/503 510/509
f 523/522 529/528 530/529
f 530/529 535/534 539/538
f 548/547 550/549 556/555
f 556/555 558/557 562/561
f 562/561 569/568 574/573
f 584/583 586/585 593/592
f 603/602 609/608 611/610
f 616/615 623/622 628/627
f 628/627 633/632 635/634
f 640/639 647/646 651/650
f 660/659 667/666 673/672
f 691/690 698/697 703/702
f 703/702 708/707 711/710
f 717/716 722/721 727/726
f 727/726 731/730 738/737
f 738/737 743/742 750/749
f 750/749 755/754 757/756
f 769/768 774/773 781/780
f 791/790 793/792 800/799
f 810/809 813/812 821/820
f 828/827 830/829 835/834
f 835/834 842/841 847/846
f 847/846 849/848 854/853
f 854/853 859/858 866/865
f 866/865 870/869 874/873
f 887/886 893/892 900/899
f 916/915 923/922 927/926
f 927/926 932/931 934/933
f 934/933 939/938 946/945
f 956/955 959/958 967/966
f 967 969 974
f 413 419 430
f 446/445 977/975 455/454
f 455/454 461/460 473/472
f 475/474 487/486 492/491
f 497/496 499/498 510/509
f 523/522 530/529 539/538
f 548/547 556/555 562/561
f 581/580 584/583 593/592
f 601/600 603/602 611/610
f 616/615 628/627 635/634
f 639/638 640/639 651/650
f 657/656 660/659 673/672
f 686/685 691/690 703/702
f 703/702 711/710 713/712
f 717/716 727/726 738/737
f 738/737 750/749 757/756
f 767/766 769/768 781/780
f 786/785 791/790 800/799
f 810/809 821/820 823/822
f 828/827 835/834 847/846
f 847/846 854/853 866/865
f 866/865 874/873 879/878
f 884/883 887/886 900/899
f 914/913 916/915 927/926
f 934/933 946/945 325/325
f 954/953 956/955 967/966
f 413 430 439
f 446/445 455/454 473/472
f 492/491 497/496 510/509
f 520/519 523/522 539/538
f 547/546 548/547 562/561
f 581/580 593/592 598/597
f 978/976 601/600 611/610
f 611/610 616/615 635/634
f 639/638 651/650 653/652
f 657/656 673/672 675/674
f 686/685 703/702 713/712
f 714/713 717/716 738/737
f 738/737 757/756 762/761
f 762/761 767/766 781/780
f 786/785 800/799 131/131
f 809/808 810/809 823/822
f 828/827 847/846 866/865
f 882/881 884/883 900/899
f 909/908 914/913 927/926
f 954 967 974
f 413 439 442
f 444/443 446/445 473/472
f 475/474 492/491 510/509
f 519/518 520/519 539/538
f 544/543 547/546 562/561
f 600/599 978/976 611/610
f 655/654 657/656 675/674
f 686/685 713/712 714/713
f 714/713 738/737 762/761
f 762/761 781/780 786/785
f 828/827 866/865 879/878
f 979/977 882/881 900/899
f 909/908 927/926 934/933
f 953 954 974
f 413 442 444
f 444/443 473/472 475/474
f 475/474 510/509 515/514
f 519/518 539/538 542/541
f 544/543 562/561 574/573
f 600/599 611/610 635/634
f 655/654 675/674 677/676
f 686/685 714/713 762/761
f 762/761 786/785 131/131
f 825/824 828/827 879/878
f 881/880 979/977 900/899
f 909/908 934/933 325/325
f 325 953 974
f 413 444 475
f 475/474 515/514 226/226
f 519/518 542/541 544/543
f 544/543 574/573 579/578
f 598/597 600/599 635/634
f 655/654 677/676 680/679
f 683/682 686/685 762/761
f 825/824 879/878 881/880
f 881/880 900/899 904/903
f 904/903 909/908 325/325
f 325 974 413
f 413 475 226
f 519/518 544/543 579/578
f 581/580 598/597 635/634
f 655/654 680/679 681/680
f 681/680 683/682 762/761
f 825/824 881/880 904/903
f 904 325 413
f 413 226 519
f 519/518 579/578 581/580
f 655/654 681/680 762/761
f 65/65 825/824 904/903
f 413 519 581
f 655/654 762/761 131/131
f 65 904 413
f 413 581 635
f 653/652 655/654 131/131
f 980 65 413
f 413 635 133
f 639/638 653/652 131/131
f 823 980 413
f 413 133 639
f 639/638 131/131 807/806
f 809 823 413
f 413 639 807
f 807 809 413
f 981 86 982
f 86/86 983/979 984/980
f 985/981 986/982 987/983
f 986/982 988/984 989/985
f 988/984 990/986 991/987
f 990/986 992/988 993/989
f 992/988 994/990 995/991
f 994/990 996/992 997/993
f 998/994 999/995 1000/996
f 999/995 1001/997 1002/998
f 1001/997 1003/999 1004/1000
f 1005/1001 1006/1002 1007/1003
f 1006/1002 1008/1004 1009/1005
f 1008/1004 1010/1006 1011/1007
f 1010/1006 1012/1008 1013/1009
f 1012/1008 1014/1010 1015/1011
f 1014/1010 1016/1012 1017/1013
f 1018/1014 1019/1015 1020/1016
f 1021/1017 1022/1018 1023/1019
f 1022/1018 1024/1020 1025/1021
f 1024/1020 1026/1022 1027/1023
f 1028/1024 1029/1025 1030/1026
f 1029/1025 1031/1027 1032/1028
f 1033/1029 1034/1030 1035/1031
f 1034/1030 1036/1032 1037/1033
f 1036/1032 1038/1034 1039/1035
f 1040/1036 1041/1037 1042/1038
f 1041/1037 1043/1039 1044/1040
f 1045/1041 1046/1042 155/155
f 1046/1042 1047/1043 1048/1044
f 1047/1043 1049/1045 1050/1046
f 1051/1047 1052/1048 1053/1049
f 1052/1048 1054/1050 1055/1051
f 1054/1050 1056/1052 1057/1053
f 1058/1054 1059/1055 1060/1056
f 1059/1055 1061/1057 1062/1058
f 1063/1059 1064/1060 1065/1061
f 1064/1060 1066/1062 1067/1063
f 1066/1062 1068/1064 1069/1065
f 1070/1066 1071/1067 1072/1068
f 1071/1067 1073/1069 1074/1070
f 1075/1071 153/153 1076/1072
f 153/153 1077/1073 1078/1074
f 1079/1075 1080/1076 1081/1077
f 1082/1078 1083/1079 1084/1080
f 1083/1079 1085/1081 1086/1082
f 1087/1083 1088/1084 1089/1085
f 1088/1084 1090/1086 1091/1087
f 1090/1086 1092/1088 1093/1089
f 1092/1088 1094/1090 1095/1091
f 1094/1090 1096/1092 1097/1093
f 1098/1094 1099/1095 1100/1096
f 1101/1097 1102/1098 1103/1099
f 1104/1100 1105/1101 1106/1102
f 1105/1101 1107/1103 1108/1104
f 1107/1103 1109/1105 1110/1106
f 1109/1105 1111/1107 1112/1108
f 1111/1107 1113/1109 1114/1110
f 1113/1109 1115/1111 1116/1112
f 1117/1113 1118/1114 1119/1115
f 1118/1114 1120/1116 1121/1117
f 1122/1118 1123/1119 1124/1120
f 1125/1121 1126/1122 1127/1123
f 1126/1122 1128/1124 1129/1125
f 1130/1126 1131/1127 1132/1128
f 1133/1129 1134/1130 1135/1131
f 1136/1132 1137/1133 1138/1134
f 1139/1135 1140/1136 1141/1137
f 1142/1138 1143/1139 1144/1140
f 1143/1139 1145/1141 1146/1142
f 1147/1143 1148/1144 1149/1145
f 1150/1146 1151/1147 1152/1148
f 1153/1149 1154/1150 1155/1151
f 1154/1150 1156/1152 1157/1153
f 1158/1154 1159/1155 1160/1156
f 1159/1155 1161/1157 1162/1158
f 1161/1157 1163/1159 1164/1160
f 1165/1161 1166/1162 1167/1163
f 1166/1162 1168/1164 1169/1165
f 1168/1164 1170/1166 1171/1167
f 1170/1166 1172/1168 1173/1169
f 1172/1168 1174/1170 1175/1171
f 1176/1172 1177/1173 1178/1174
f 1179/1175 1180/1176 1181/1177
f 1180/1176 1182/1178 1183/1179
f 1184/1180 1185/1181 1186/1182
f 1187/1183 51/51 1188/1184
f 1189/1185 1190/1186 1191/1187
f 1190/1186 1192/1188 1193/1189
f 1192/1188 1194/1190 1195/1191
f 1196/1192 1197/1193 1198/1194
f 1199/1195 1200/1196 1201/1197
f 1200/1196 1202/1198 1203/1199
f 1204/1200 241/241 1205/1201
f 1206/1202 1207/1203 1208/1204
f 1207/1203 1209/1205 1210/1206
f 1209/1205 1211/1207 1212/1208
f 1213/1209 1214/1210 1215/1211
f 1216/1212 1217/1213 1218/1214
f 1217/1213 1219/1215 1220/1216
f 1219/1215 1221/1217 1222/1218
f 1223/1219 1224/1220 1225/1221
f 1224/1220 1226/1222 1227/1223
f 1228/1224 1229/1225 1230/1226
f 1229/1225 1231/1227 1232/1228
f 1231/1227 30/30 1233/1229
f 1234/1230 1235/1231 1236/1232
f 1237/1233 1238/1234 1239/1235
f 1240/1236 1241/1237 1242/1238
f 1241/1237 1243/1239 1244/1240
f 1245/1241 1246/1242 1247/1243
f 1248/1244 1249/1245 1250/1246
f 1249/1245 1251/1247 1252/1248
f 1253/1249 1254/1250 1255/1251
f 1254/1250 1256/1252 1257/1253
f 1258/1254 1259/1255 1260/1256
f 1259/1255 1261/1257 1262/1258
f 1261/1257 1263/1259 1264/1260
f 1265/1261 1266/1262 1267/1263
f 1268/1264 366/366 1269/1265
f 1270/1266 1271/1267 1272/1268
f 1271/1267 1273/1269 1274/1270
f 1275/1271 1276/1272 1277/1273
f 1276/1272 1278/1274 1279/1275
f 1278/1274 1280/1276 1281/1277
f 1280/1276 1282/1278 1283/1279
f 1284/1280 1285/1281 1286/1282
f 1287/1283 1288/1284 1289/1285
f 1288/1284 1290/1286 1291/1287
f 1290/1286 1292/1288 1293/1289
f 1294/1290 1295/1291 1296/1292
f 1295/1291 1297/1293 1298/1294
f 1299/1295 1300/1296 1301/1297
f 1300/1296 16/16 1302/1298
f 16/16 1303/1299 1304/1300
f 1305/1301 1306/1302 1307/1303
f 1308/1304 1309/1305 1310/1306
f 1311/1307 1312/1308 1313/1309
f 1312/1308 1314/1310 1315/1311
f 1316/1312 1317/1313 400/400
f 1317/1313 1318/1314 1319/1315
f 1318/1314 1320/1316 1321/1317
f 1320/1316 1322/1318 1323/1319
f 1324/1320 1325/1321 1326/1322
f 1325/1321 1327/1323 1328/1324
f 1329/1325 1330/1326 1331/1327
f 1330/1326 1332/1328 1333/1329
f 1332/1328 1334/1330 1335/1331
f 1336/1332 1337/1333 1338/1334
f 1337/1333 1339/1335 1340/1336
f 1341/1337 1342/1338 1343/1339
f 1342/1338 1344/1340 1345/1341
f 1344/1340 1346/1342 1347/1343
f 1348/1344 1349/1345 1350/1346
f 1351/1347 1352/1348 1353/1349
f 1352/1348 1354/1350 1355/1351
f 1354/1350 1356/1352 1357/1353
f 1358/1354 1359/1355 1360/1356
f 1359/1355 1361/1357 1362/1358
f 1361/1357 1363/1359 1364/1360
f 1365/1361 1366/1362 1367/1363
f 1366/1362 33/33 1368/1364
f 1369/1365 1370/1366 1371/1367
f 1370/1366 1372/1368 1373/1369
f 1374/1370 1375/1371 1376/1372
f 1377/1373 1378/1374 1379/1375
f 1380/1376 1381/1377 1382/1378
f 1383/1379 1384/1380 1385/1381
f 1384/1380 1386/1382 1387/1383
f 1386/1382 1388/1384 1389/1385
f 1390/1386 1391/1387 1392/1388
f 1391/1387 1393/1389 1394/1390
f 1395/1391 1396/1392 1397/1393
f 1396/1392 1398/1394 1399/1395
f 1400/1396 1401/1397 1402/1398
f 1401/1397 1403/1399 1404/1400
f 1403/1399 1405/1401 1406/1402
f 1407/1403 1408/1404 1409/1405
f 1410/1406 1411/1407 1412/1408
f 1411/1407 1413/1409 1414/1410
f 1413/1409 1415/1411 1416/1412
f 1415/1411 1417/1413 1418/1414
f 1419/1415 1420/1416 1421/1417
f 1422/1418 1423/1419 1424/1420
f 1425/1421 1426/1422 1427/1423
f 1428/1424 1429/1425 199/199
f 1429/1425 1430/1426 1431/1427
f 1432/1428 1433/1429 1434/1430
f 1433/1429 1435/1431 1436/1432
f 1435/1431 1437/1433 1438/1434
f 1439/1435 1440/1436 1441/1437
f 1440/1436 1442/1438 1443/1439
f 1442/1438 1444/1440 1445/1441
f 1446/1442 1447/1443 1448/1444
f 1447/1443 1449/1445 1450/1446
f 1451/1447 1452/1448 1453/1449
f 1452/1448 1454/1450 1455/1451
f 1454/1450 1456/1452 1457/1453
f 1456/1452 1458/1454 1459/1455
f 1460/1456 1461/1457 1462/1458
f 1461/1457 1463/1459 1464/1460
f 1465/1461 1466/1462 1467/1463
f 1466/1462 1468/1464 1469/1465
f 1468/1464 1470/1466 1471/1467
f 1472/1468 1473/1469 1474/1470
f 1475/1471 1476/1472 1477/1473
f 1476/1472 205/205 1478/1474
f 205/205 1479/1475 1480/1476
f 1479/1475 1481/1477 1482/1478
f 1483/1479 1484/1480 1485/1481
f 1484/1480 1486/1482 1487/1483
f 1486/1482 1488/1484 1489/1485
f 1488/1484 1490/1486 1491/1487
f 1492/1488 1493/1489 1494/1490
f 1493/1489 1495/1491 1496/1492
f 1495/1491 1497/1493 1498/1494
f 1499/1495 1500/1496 1501/1497
f 1500/1496 1502/1498 1503/1499
f 1504/1500 1505/1501 1506/1502
f 1505/1501 1507/1503 1508/1504
f 1507/1503 1509/1505 1510/1506
f 1509/1505 1511/1507 1512/1508
f 1511/1507 1513/1509 1514/1510
f 1513/1509 1515/1511 1516/1512
f 1517/1513 1518/1514 1519/1515
f 1518/1514 1520/1516 1521/1517
f 1520/1516 1522/1518 1523/1519
f 1522/1518 1524/1520 1525/1521
f 1524/1520 1526/1522 1527/1523
f 1526/1522 1528/1524 1529/1525
f 1530/1526 1531/1527 1532/1528
f 1531/1527 1533/1529 1534/1530
f 1535/1531 263/263 1536/1532
f 981 983 86
f 983/979 986/982 985/981
f 994/990 998/994 996/992
f 998/994 1001/997 999/995
f 1001/997 1005/1001 1003/999
f 1005/1001 1008/1004 1006/1002
f 1008/1004 1012/1008 1010/1006
f 1014/1010 1537/1533 1016/1012
f 1018/1014 1021/1017 1019/1015
f 1024/1020 1028/1024 1026/1022
f 1028/1024 1031/1027 1029/1025
f 1033/1029 1036/1032 1034/1030
f 1036/1032 1040/1036 1038/1034
f 1040/1036 1043/1039 1041/1037
f 1538/1534 1046/1042 1045/1041
f 1047/1043 1051/1047 1049/1045
f 1051/1047 1054/1050 1052/1048
f 1054/1050 1058/1054 1056/1052
f 1059/1055 1063/1059 1061/1057
f 1066/1062 1070/1066 1068/1064
f 1071/1067 1075/1071 1073/1069
f 1077/1073 1080/1076 1079/1075
f 1083/1079 1087/1083 1085/1081
f 1087/1083 1090/1086 1088/1084
f 1090/1086 1094/1090 1092/1088
f 1096/1092 1099/1095 1098/1094
f 1101/1097 1104/1100 1102/1098
f 1105/1101 1109/1105 1107/1103
f 1109/1105 1113/1109 1111/1107
f 1113/1109 1117/1113 1115/1111
f 1120/1116 1123/1119 1122/1118
f 1126/1122 1130/1126 1128/1124
f 1130/1126 1133/1129 1131/1127
f 1133/1129 1136/1132 1134/1130
f 1139/1135 1142/1138 1140/1136
f 1143/1139 1147/1143 1145/1141
f 1147/1143 1150/1146 1148/1144
f 1151/1147 1154/1150 1153/1149
f 1156/1152 1159/1155 1158/1154
f 1166/1162 1170/1166 1168/1164
f 1170/1166 1174/1170 1172/1168
f 1174/1170 1177/1173 1176/1172
f 1180/1176 1184/1180 1182/1178
f 1184/1180 1187/1183 1185/1181
f 1187/1183 1189/1185 51/51
f 1189/1185 1192/1188 1190/1186
f 1192/1188 1196/1192 1194/1190
f 1200/1196 1204/1200 1202/1198
f 1204/1200 1206/1202 241/241
f 1206/1202 1209/1205 1207/1203
f 1209/1205 1213/1209 1211/1207
f 1214/1210 1217/1213 1216/1212
f 1221/1217 1224/1220 1223/1219
f 1226/1222 1229/1225 1228/1224
f 30/30 1235/1231 1234/1230
f 1237/1233 1240/1236 1238/1234
f 1240/1236 1243/1239 1241/1237
f 1245/1241 1539/1535 1246/1242
f 1249/1245 1253/1249 1251/1247
f 1254/1250 1258/1254 1256/1252
f 1258/1254 1261/1257 1259/1255
f 1261/1257 1265/1261 1263/1259
f 1265/1261 1268/1264 1266/1262
f 1268/1264 1270/1266 366/366
f 1270/1266 1273/1269 1271/1267
f 1273/1269 1276/1272 1275/1271
f 1280/1276 1284/1280 1282/1278
f 1285/1281 1288/1284 1287/1283
f 1288/1284 1292/1288 1290/1286
f 1292/1288 1295/1291 1294/1290
f 1297/1293 1300/1296 1299/1295
f 1303/1299 1306/1302 1305/1301
f 1308/1304 1311/1307 1309/1305
f 1311/1307 1314/1310 1312/1308
f 1540/1536 1317/1313 1316/1312
f 1317/1313 1320/1316 1318/1314
f 1320/1316 1324/1320 1322/1318
f 1325/1321 1329/1325 1327/1323
f 1329/1325 1332/1328 1330/1326
f 1332/1328 1336/1332 1334/1330
f 1337/1333 1341/1337 1339/1335
f 1344/1340 1348/1344 1346/1342
f 1349/1345 1352/1348 1351/1347
f 1352/1348 1356/1352 1354/1350
f 1356/1352 1359/1355 1358/1354
f 1359/1355 1363/1359 1361/1357
f 1363/1359 1366/1362 1365/1361
f 33/33 1370/1366 1369/1365
f 1374/1370 1377/1373 1375/1371
f 1377/1373 1380/1376 1378/1374
f 1380/1376 1383/1379 1381/1377
f 1383/1379 1386/1382 1384/1380
f 1386/1382 1390/1386 1388/1384
f 1391/1387 1541/1537 1393/1389
f 1396/1392 1400/1396 1398/1394
f 1401/1397 1405/1401 1403/1399
f 1407/1403 1542/1538 1408/1404
f 1542/1538 1411/1407 1410/1406
f 1415/1411 1543/1539 1417/1413
f 1419/1415 1422/1418 1420/1416
f 1422/1418 1425/1421 1423/1419
f 1426/1422 1429/1425 1428/1424
f 1430/1426 1433/1429 1432/1428
f 1433/1429 1437/1433 1435/1431
f 1437/1433 1440/1436 1439/1435
f 1444/1440 1447/1443 1446/1442
f 1449/1445 1452/1448 1451/1447
f 1452/1448 1456/1452 1454/1450
f 1456/1452 1460/1456 1458/1454
f 1461/1457 1465/1461 1463/1459
f 1465/1461 1468/1464 1466/1462
f 1468/1464 1472/1468 1470/1466
f 1473/1469 1476/1472 1475/1471
f 1479/1475 1544/1540 1481/1477
f 1483/1479 1486/1482 1484/1480
f 1486/1482 1490/1486 1488/1484
f 1490/1486 1493/1489 1492/1488
f 1497/1493 1500/1496 1499/1495
f 1504/1500 1507/1503 1505/1501
f 1507/1503 1511/1507 1509/1505
f 1513/1509 1545/1541 1515/1511
f 1517/1513 1520/1516 1518/1514
f 1520/1516 1524/1520 1522/1518
f 1526/1522 1530/1526 1528/1524
f 1531/1527 1535/1531 1533/1529
f 1535 981 263
f 981 986 983
f 998/994 1005/1001 1001/997
f 1005/1001 1012/1008 1008/1004
f 1022/1018 1028/1024 1024/1020
f 1028/1024 1033/1029 1031/1027
f 1033/1029 1040/1036 1036/1032
f 1040/1036 1538/1534 1043/1039
f 1538/1534 1047/1043 1046/1042
f 1047/1043 1054/1050 1051/1047
f 1054/1050 1059/1055 1058/1054
f 1059/1055 1064/1060 1063/1059
f 1066/1062 1071/1067 1070/1066
f 1082/1078 1087/1083 1083/1079
f 1087/1083 1094/1090 1090/1086
f 1104/1100 1109/1105 1105/1101
f 1109/1105 1117/1113 1113/1109
f 1126/1122 1133/1129 1130/1126
f 1142/1138 1147/1143 1143/1139
f 1147/1143 1151/1147 1150/1146
f 1151/1147 1156/1152 1154/1150
f 1166/1162 1174/1170 1170/1166
f 1180/1176 1187/1183 1184/1180
f 1187/1183 1192/1188 1189/1185
f 1199/1195 1204/1200 1200/1196
f 1204/1200 1209/1205 1206/1202
f 1209/1205 1214/1210 1213/1209
f 1214/1210 1219/1215 1217/1213
f 1221/1217 1226/1222 1224/1220
f 1226/1222 1231/1227 1229/1225
f 1240/1236 1245/1241 1243/1239
f 1253/1249 1258/1254 1254/1250
f 1258/1254 1265/1261 1261/1257
f 1265/1261 1270/1266 1268/1264
f 1273/1269 1278/1274 1276/1272
f 1280/1276 1285/1281 1284/1280
f 1285/1281 1292/1288 1288/1284
f 1292/1288 1297/1293 1295/1291
f 1297/1293 16/16 1300/1296
f 1311/1307 1540/1536 1314/1310
f 1540/1536 1320/1316 1317/1313
f 1320/1316 1325/1321 1324/1320
f 1325/1321 1332/1328 1329/1325
f 1332/1328 1337/1333 1336/1332
f 1337/1333 1342/1338 1341/1337
f 1344/1340 1349/1345 1348/1344
f 1349/1345 1356/1352 1352/1348
f 1356/1352 1363/1359 1359/1355
f 1363/1359 33/33 1366/1362
f 1374/1370 1380/1376 1377/1373
f 1380/1376 1386/1382 1383/1379
f 1400/1396 1405/1401 1401/1397
f 1405/1401 1542/1538 1407/1403
f 1542/1538 1413/1409 1411/1407
f 1419/1415 1425/1421 1422/1418
f 1425/1421 1429/1425 1426/1422
f 1430/1426 1437/1433 1433/1429
f 1437/1433 1442/1438 1440/1436
f 1444/1440 1449/1445 1447/1443
f 1449/1445 1456/1452 1452/1448
f 1456/1452 1461/1457 1460/1456
f 1461/1457 1468/1464 1465/1461
f 1468/1464 1473/1469 1472/1468
f 1473/1469 205/205 1476/1472
f 1483/1479 1490/1486 1486/1482
f 1490/1486 1495/1491 1493/1489
f 1504/1500 1511/1507 1507/1503
f 1517/1513 1524/1520 1520/1516
f 1526/1522 1531/1527 1530/1526
f 1531 981 1535
f 981 988 986
f 998/994 1012/1008 1005/1001
f 1028/1024 1040/1036 1033/1029
f 1040/1036 1047/1043 1538/1534
f 1047/1043 1059/1055 1054/1050
f 1059/1055 1066/1062 1064/1060
f 1082/1078 1094/1090 1087/1083
f 1104/1100 1117/1113 1109/1105
f 1126/1122 1136/1132 1133/1129
f 1142/1138 1151/1147 1147/1143
f 1165/1161 1174/1170 1166/1162
f 1180/1176 1192/1188 1187/1183
f 1199/1195 1209/1205 1204/1200
f 1219/1215 1226/1222 1221/1217
f 1237/1233 1245/1241 1240/1236
f 1253/1249 1265/1261 1258/1254
f 1265/1261 1273/1269 1270/1266
f 1280/1276 1292/1288 1285/1281
f 1308/1304 1540/1536 1311/1307
f 1540/1536 1325/1321 1320/1316
f 1332/1328 1342/1338 1337/1333
f 1344/1340 1356/1352 1349/1345
f 1372/1368 1380/1376 1374/1370
f 1400/1396 1542/1538 1405/1401
f 1419/1415 1429/1425 1425/1421
f 1429/1425 1437/1433 1430/1426
f 1444/1440 1456/1452 1449/1445
f 1461/1457 1473/1469 1468/1464
f 1544/1540 1490/1486 1483/1479
f 1504/1500 1513/1509 1511/1507
f 1545/1541 1524/1520 1517/1513
f 1524/1520 1531/1527 1526/1522
f 981 990 988
f 994/990 1012/1008 998/994
f 1028/1024 1047/1043 1040/1036
f 1047/1043 1066/1062 1059/1055
f 1082/1078 1096/1092 1094/1090
f 1101/1097 1117/1113 1104/1100
f 1125/1121 1136/1132 1126/1122
f 1139/1135 1151/1147 1142/1138
f 1165/1161 1177/1173 1174/1170
f 1179/1175 1192/1188 1180/1176
f 1546/1542 1209/1205 1199/1195
f 1219/1215 1231/1227 1226/1222
f 1237/1233 1539/1535 1245/1241
f 1253/1249 1273/1269 1265/1261
f 1278/1274 1292/1288 1280/1276
f 1306/1302 1540/1536 1308/1304
f 1332/1328 1344/1340 1342/1338
f 1344/1340 1363/1359 1356/1352
f 1370/1366 1380/1376 1372/1368
f 1400/1396 1413/1409 1542/1538
f 1543/1539 1429/1425 1419/1415
f 1456/1452 1473/1469 1461/1457
f 1479/1475 1490/1486 1544/1540
f 1504/1500 1545/1541 1513/1509
f 1545/1541 1531/1527 1524/1520
f 981 992 990
f 992/988 1012/1008 994/990
f 1022/1018 1047/1043 1028/1024
f 1082/1078 1099/1095 1096/1092
f 1099/1095 1117/1113 1101/1097
f 1125/1121 1137/1133 1136/1132
f 1137/1133 1151/1147 1139/1135
f 1165/1161 1179/1175 1177/1173
f 1179/1175 1196/1192 1192/1188
f 1197/1193 1209/1205 1546/1542
f 1235/1231 1539/1535 1237/1233
f 1249/1245 1273/1269 1253/1249
f 1273/1269 1292/1288 1278/1274
f 1306/1302 1325/1321 1540/1536
f 1325/1321 1344/1340 1332/1328
f 1370/1366 1386/1382 1380/1376
f 1396/1392 1413/1409 1400/1396
f 1415/1411 1429/1425 1543/1539
f 1444/1440 1473/1469 1456/1452
f 1479/1475 1495/1491 1490/1486
f 1504/1500 1531/1527 1545/1541
f 981 1012 992
f 1021/1017 1047/1043 1022/1018
f 1082/1078 1117/1113 1099/1095
f 1123/1119 1137/1133 1125/1121
f 1137/1133 1156/1152 1151/1147
f 1165/1161 1196/1192 1179/1175
f 1196/1192 1209/1205 1197/1193
f 1249/1245 1292/1288 1273/1269
f 1303/1299 1325/1321 1306/1302
f 1325/1321 1363/1359 1344/1340
f 33/33 1386/1382 1370/1366
f 1395/1391 1413/1409 1396/1392
f 1415/1411 1437/1433 1429/1425
f 1444/1440 205/205 1473/1469
f 1479/1475 1497/1493 1495/1491
f 1547/1543 1531/1527 1504/1500
f 981 1014 1012
f 1021/1017 1066/1062 1047/1043
f 1082/1078 1118/1114 1117/1113
f 1123/1119 1156/1152 1137/1133
f 1548/1544 1196/1192 1165/1161
f 1196/1192 1214/1210 1209/1205
f 1248/1244 1292/1288 1249/1245
f 1303/1299 1363/1359 1325/1321
f 33/33 1390/1386 1386/1382
f 1395/1391 1415/1411 1413/1409
f 1415/1411 1442/1438 1437/1433
f 1502/1498 1531/1527 1547/1543
f 981 1537 1014
f 1018/1014 1066/1062 1021/1017
f 1080/1076 1118/1114 1082/1078
f 1120/1116 1156/1152 1123/1119
f 1163/1159 1196/1192 1548/1544
f 1539/1535 1292/1288 1248/1244
f 16/16 1363/1359 1303/1299
f 33/33 1391/1387 1390/1386
f 1395/1391 1442/1438 1415/1411
f 1500/1496 1531/1527 1502/1498
f 981 1018 1537
f 1018/1014 1071/1067 1066/1062
f 1080/1076 1120/1116 1118/1114
f 1120/1116 1159/1155 1156/1152
f 1163/1159 1214/1210 1196/1192
f 1235/1231 1292/1288 1539/1535
f 16/16 33/33 1363/1359
f 1541/1537 1442/1438 1395/1391
f 1500 981 1531
f 981 1071 1018
f 1077/1073 1120/1116 1080/1076
f 1120/1116 1161/1157 1159/1155
f 1161/1157 1214/1210 1163/1159
f 30/30 1292/1288 1235/1231
f 1391/1387 1442/1438 1541/1537
f 1497 981 1500
f 981 1075 1071
f 1077/1073 1161/1157 1120/1116
f 1161/1157 1219/1215 1214/1210
f 30/30 1297/1293 1292/1288
f 1391/1387 1444/1440 1442/1438
f 1479 981 1497
f 981 153 1075
f 1077/1073 1219/1215 1161/1157
f 30/30 16/16 1297/1293
f 1391/1387 205/205 1444/1440
f 205 981 1479
f 981 1077 153
f 1077/1073 1231/1227 1219/1215
f 30/30 33/33 16/16
f 33/33 205/205 1391/1387
f 205 1077 981
f 1077/1073 30/30 1231/1227
f 33/33 1077/1073 205/205
f 1077/1073 33/33 30/30
f 981 974 278
f 278/278 1549/1545 1550/1546
f 1551/1547 1552/1548 1553/1549
f 1553/1549 1554/1550 1555/1551
f 1556/1552 1557/1553 1558/1554
f 1558/1554 1559/1555 1560/1556
f 1560/1556 1561/1557 1562/1558
f 1563/1559 1564/1560 1565/1561
f 1566/1562 1567/1563 1568/1564
f 1569/1565 1570/1566 1571/1567
f 1572/1568 1573/1569 1574/1570
f 1575/1571 1576/1572 1577/1573
f 1577/1573 1578/1574 1579/1575
f 1579/1575 1580/1576 1581/1577
f 1582/1578 1583/1579 1584/1580
f 1584/1580 1585/1581 1586/1582
f 1586/1582 1587/1583 1588/1584
f 1588/1584 1589/1585 1590/1586
f 1590/1586 1591/1587 1592/1588
f 1593/1589 1594/1590 1595/1591
f 1595/1591 1596/1592 1597/1593
f 1597/1593 1598/1594 1599/1595
f 1600/1596 1601/1597 1602/1598
f 1602/1598 1603/1599 1604/1600
f 1605/1601 1606/1602 1607/1603
f 1608/1604 1609/1605 1610/1606
f 1610/1606 1611/1607 1612/1608
f 1613/1609 1614/1610 1615/1611
f 1615/1611 1616/1612 1617/1613
f 1617/1613 1618/1614 1619/1615
f 1619/1615 1620/1616 1621/1617
f 1621/1617 1622/1618 1623/1619
f 1624/1620 1625/1621 1626/1622
f 1627/1623 1628/1624 1629/1625
f 1630/1626 1631/1627 1632/1628
f 1632/1628 1633/1629 1634/1630
f 1634/1630 1635/1631 1636/1632
f 1636/1632 1637/1633 1638/1634
f 1638/1634 1639/1635 1640/1636
f 1640/1636 1641/1637 1642/1638
f 1643/1639 1644/1640 1645/1641
f 1645/1641 1646/1642 1647/1643
f 1648/1644 1649/1645 1650/1646
f 1650/1646 1651/1647 1652/1648
f 1652/1648 1653/1649 1654/1650
f 1655/1651 1656/1652 1657/1653
f 1657/1653 1658/1654 1659/1655
f 1659/1655 1660/1656 1661/1657
f 1661/1657 1662/1658 1663/1659
f 1664/1660 1665/1661 1666/1662
f 1667/1663 1668/1664 1669/1665
f 1669/1665 1670/1666 1671/1667
f 1671/1667 1672/1668 1673/1669
f 1673/1669 1674/1670 1675/1671
f 1675/1671 239/239 1676/1672
f 1677/1673 1678/1674 1679/1675
f 1679/1675 1680/1676 1681/1677
f 1681/1677 1682/1678 1683/1679
f 1684/1680 1685/1681 1686/1682
f 1686/1682 1687/1683 1688/1684
f 1689/1685 1690/1686 1691/1687
f 1691/1687 1692/1688 1693/1689
f 1693/1689 1694/1690 1695/1691
f 1696/1692 1697/1693 1698/1694
f 1698/1694 1699/1695 1700/1696
f 1700/1696 1701/1697 1702/1698
f 1703/1699 1704/1700 1705/1701
f 1705/1701 1706/1702 1707/1703
f 1708/1704 1709/1705 1710/1706
f 1710/1706 1711/1707 1712/1708
f 1712/1708 1713/1709 1714/1710
f 1715/1711 1716/1712 1717/1713
f 1717/1713 1718/1714 1719/1715
f 1720/1716 1721/1717 1722/1718
f 1722/1718 1723/1719 1724/1720
f 1724/1720 1725/1721 1726/1722
f 1727/1723 1728/1724 1729/1725
f 1729/1725 1730/1726 1731/1727
f 1731/1727 1732/1728 1733/1729
f 1734/1730 1735/1731 1736/1732
f 1736/1732 1737/1733 1738/1734
f 1739/1735 1740/1736 1741/1737
f 1741/1737 1742/1738 1743/1739
f 1743/1739 1744/1740 1745/1741
f 1746/1742 1747/1743 1748/1744
f 1748/1744 1749/1745 1750/1746
f 1751/1747 1752/1748 1753/1749
f 1753/1749 1754/1750 1755/1751
f 1755/1751 1756/1752 1757/1753
f 1758/1754 1759/1755 1760/1756
f 1760/1756 1761/1757 1762/1758
f 1763/1759 1764/1760 1765/1761
f 1765/1761 1766/1762 1767/1763
f 1767/1763 1768/1764 270/270
f 1769/1765 1770/1766 1771/1767
f 1771/1767 1772/1768 1773/1769
f 1774/1770 1775/1771 1776/1772
f 1777/1773 1778/1774 1779/1775
f 1779/1775 1780/1776 1781/1777
f 1781/1777 1782/1778 1783/1779
f 1783/1779 1784/1780 1785/1781
f 1785/1781 1786/1782 1787/1783
f 1788/1784 1789/1785 1790/1786
f 1790/1786 1791/1787 1792/1788
f 1793/1789 1794/1790 1795/1791
f 1795/1791 1796/1792 1797/1793
f 1797/1793 1798/1794 1799/1795
f 1800/1796 1801/1797 1802/1798
f 1802/1798 1803/1799 1804/1800
f 1804/1800 1805/1801 1806/1802
f 1807/1803 1808/1804 1809/1805
f 1810/1806 1811/1807 1812/1808
f 1812/1808 1813/1809 263/263
f 981 278 1550
f 1550/1546 1551/1547 1553/1549
f 1558/1554 1560/1556 1562/1558
f 1563/1559 1565/1561 1566/1562
f 1568/1564 1569/1565 1571/1567
f 1572/1568 1574/1570 1575/1571
f 1577/1573 1579/1575 1581/1577
f 1582/1578 1584/1580 1586/1582
f 1586/1582 1588/1584 1590/1586
f 1592/1588 1593/1589 1595/1591
f 1599/1595 1600/1596 1602/1598
f 1604/1600 1605/1601 1607/1603
f 1610/1606 1612/1608 1613/1609
f 1613/1609 1615/1611 1617/1613
f 1617/1613 1619/1615 1621/1617
f 1623/1619 1624/1620 1626/1622
f 1627/1623 1629/1625 1630/1626
f 1632/1628 1634/1630 1636/1632
f 1636/1632 1638/1634 1640/1636
f 1642/1638 1643/1639 1645/1641
f 1652/1648 1654/1650 1655/1651
f 1655/1651 1657/1653 1659/1655
f 1659/1655 1661/1657 1663/1659
f 1664/1660 1666/1662 1667/1663
f 1669/1665 1671/1667 1673/1669
f 1673/1669 1675/1671 1676/1672
f 1676/1672 1677/1673 1679/1675
f 1683/1679 1684/1680 1686/1682
f 1688/1684 1689/1685 1691/1687
f 1691/1687 1693/1689 1695/1691
f 1695/1691 1696/1692 1698/1694
f 1698/1694 1700/1696 1702/1698
f 1702/1698 1703/1699 1705/1701
f 1707/1703 1708/1704 1710/1706
f 1710/1706 1712/1708 1714/1710
f 1714/1710 1715/1711 1717/1713
f 1719/1715 1720/1716 1722/1718
f 1726/1722 1727/1723 1729/1725
f 1729/1725 1731/1727 1733/1729
f 1733/1729 1734/1730 1736/1732
f 1738/1734 1739/1735 1741/1737
f 1741/1737 1743/1739 1745/1741
f 1745/1741 1746/1742 1748/1744
f 1750/1746 1751/1747 1753/1749
f 1753/1749 1755/1751 1757/1753
f 1757/1753 1758/1754 1760/1756
f 1762/1758 1763/1759 1765/1761
f 270/270 1769/1765 1771/1767
f 1774/1770 1776/1772 1777/1773
f 1777/1773 1779/1775 1781/1777
f 1781/1777 1783/1779 1785/1781
f 1787/1783 1788/1784 1790/1786
f 1792/1788 1793/1789 1795/1791
f 1802/1798 1804/1800 1806/1802
f 1807/1803 1809/1805 1814/1810
f 1814/1810 1810/1806 1812/1808
f 1812 263 981
f 981 1550 1553
f 1558/1554 1562/1558 1563/1559
f 1563/1559 1566/1562 1568/1564
f 1577/1573 1581/1577 1582/1578
f 1582/1578 1586/1582 1590/1586
f 1592/1588 1595/1591 1597/1593
f 1613/1609 1617/1613 1621/1617
f 1632/1628 1636/1632 1640/1636
f 1650/1646 1652/1648 1655/1651
f 1655/1651 1659/1655 1663/1659
f 1669/1665 1673/1669 1676/1672
f 1676/1672 1679/1675 1681/1677
f 1683/1679 1686/1682 1688/1684
f 1688/1684 1691/1687 1695/1691
f 1695/1691 1698/1694 1702/1698
f 1702/1698 1705/1701 1707/1703
f 1707/1703 1710/1706 1714/1710
f 1714/1710 1717/1713 1719/1715
f 1726/1722 1729/1725 1733/1729
f 1733/1729 1736/1732 1738/1734
f 1738/1734 1741/1737 1745/1741
f 1745/1741 1748/1744 1750/1746
f 1750/1746 1753/1749 1757/1753
f 1757/1753 1760/1756 1762/1758
f 1762/1758 1765/1761 1767/1763
f 1777/1773 1781/1777 1785/1781
f 1785/1781 1787/1783 1790/1786
f 1792/1788 1795/1791 1797/1793
f 1802/1798 1806/1802 1807/1803
f 1807/1803 1814/1810 1812/1808
f 981 1553 1555
f 1558/1554 1563/1559 1568/1564
f 1575/1571 1577/1573 1582/1578
f 1582/1578 1590/1586 1592/1588
f 1592/1588 1597/1593 1599/1595
f 1610/1606 1613/1609 1621/1617
f 1630/1626 1632/1628 1640/1636
f 1650/1646 1655/1651 1663/1659
f 1667/1663 1669/1665 1676/1672
f 1676/1672 1681/1677 1683/1679
f 1688/1684 1695/1691 1702/1698
f 1702/1698 1707/1703 1714/1710
f 1726/1722 1733/1729 1738/1734
f 1750/1746 1757/1753 1762/1758
f 1774/1770 1777/1773 1785/1781
f 1785/1781 1790/1786 1792/1788
f 1802/1798 1807/1803 1812/1808
f 981 1555 1815
f 1558/1554 1568/1564 1571/1567
f 1575/1571 1582/1578 1592/1588
f 1608/1604 1610/1606 1621/1617
f 1627/1623 1630/1626 1640/1636
f 1650/1646 1663/1659 1664/1660
f 1664/1660 1667/1663 1676/1672
f 1688/1684 1702/1698 1714/1710
f 1724/1720 1726/1722 1738/1734
f 1750/1746 1762/1758 1767/1763
f 1774/1770 1785/1781 1792/1788
f 1800/1796 1802/1798 1812/1808
f 981 1815 1556
f 1556/1552 1558/1554 1571/1567
f 1572/1568 1575/1571 1592/1588
f 1607/1603 1608/1604 1621/1617
f 1627/1623 1640/1636 1642/1638
f 1650/1646 1664/1660 1676/1672
f 1688/1684 1714/1710 1719/1715
f 1724/1720 1738/1734 1745/1741
f 1750/1746 1767/1763 270/270
f 1773/1769 1774/1770 1792/1788
f 1800 1812 981
f 981 1556 1571
f 1572/1568 1592/1588 1599/1595
f 1607/1603 1621/1617 1623/1619
f 1626/1622 1627/1623 1642/1638
f 1648/1644 1650/1646 1676/1672
f 1724/1720 1745/1741 1750/1746
f 1771/1767 1773/1769 1792/1788
f 1816 1800 981
f 981 1571 1572
f 1572/1568 1599/1595 1602/1598
f 1604/1600 1607/1603 1623/1619
f 1623/1619 1626/1622 1642/1638
f 1648/1644 1676/1672 1683/1679
f 1722/1718 1724/1720 1750/1746
f 1771/1767 1792/1788 1797/1793
f 1799 1816 981
f 981 1572 1602
f 1604/1600 1623/1619 1642/1638
f 1817/1813 1648/1644 1683/1679
f 1719/1715 1722/1718 1750/1746
f 1771/1767 1797/1793 1799/1795
f 981 1602 1604
f 1604/1600 1642/1638 1645/1641
f 1647/1643 1817/1813 1683/1679
f 1719/1715 1750/1746 270/270
f 1771 1799 981
f 981 1604 1645
f 1647/1643 1683/1679 1688/1684
f 270 1771 981
f 981 1645 1647
f 1647/1643 1688/1684 1719/1715
f 1719 270 981
f 981 1647 1719
f 982 173 413
f 1818/1814 1819/1815 1820/1816
f 1821/1817 1822/1818 1823/1819
f 1822/1818 1824/1820 1825/1821
f 1826/1822 1827/1823 1828/1824
f 1827/1823 1829/1825 1830/1826
f 1829/1825 1831/1827 1832/1828
f 1833/1829 1834/1830 1835/1831
f 1834/1830 1836/1832 1837/1833
f 1836/1832 1838/1834 1839/1835
f 1840/1836 1841/1837 1842/1838
f 1841/1837 1843/1839 1844/1840
f 1845/1841 1846/1842 1847/1843
f 1846/1842 1848/1844 1849/1845
f 1848/1844 1850/1846 1851/1847
f 1852/1848 1853/1849 1854/1850
f 1853/1849 1855/1851 1856/1852
f 1857/1853 1858/1854 1859/1855
f 1858/1854 1860/1856 1861/1857
f 1860/1856 1862/1858 1863/1859
f 1864/1860 1865/1861 1866/1862
f 1865/1861 1867/1863 1868/1864
f 1867/1863 1869/1865 1870/1866
f 1871/1867 1872/1868 1873/1869
f 1872/1868 1874/1870 1875/1871
f 1876/1872 1877/1873 1878/1874
f 1877/1873 1879/1875 1880/1876
f 1879/1875 1881/1877 1882/1878
f 1883/1879 1884/1880 1885/1881
f 1884/1880 1886/1882 1887/1883
f 1888/1884 1889/1885 1890/1886
f 1889/1885 1891/1887 1892/1888
f 1891/1887 1893/1889 1894/1890
f 1895/1891 1896/1892 1897/1893
f 1896/1892 1898/1894 1899/1895
f 1900/1896 1901/1897 1902/1898
f 1901/1897 1903/1899 1904/1900
f 1903/1899 1905/1901 1906/1902
f 1907/1903 1908/1904 150/150
f 1908/1904 1909/1905 1910/1906
f 1911/1907 1912/1908 1913/1909
f 1912/1908 1914/1910 1915/1911
f 1916/1912 1917/1913 1918/1914
f 1919/1915 1920/1916 1921/1917
f 1920/1916 1922/1918 1923/1919
f 1924/1920 1925/1921 1926/1922
f 1925/1921 1927/1923 1928/1924
f 1929/1925 1930/1926 1931/1927
f 1932/1928 1933/1929 1934/1930
f 1935/1931 1936/1932 1937/1933
f 1936/1932 1938/1934 1939/1935
f 1938/1934 1940/1936 1941/1937
f 1942/1938 1943/1939 1944/1940
f 1943/1939 1945/1941 1946/1942
f 1947/1943 1948/1944 1949/1945
f 1948/1944 1950/1946 1951/1947
f 1950/1946 1952/1948 1953/1949
f 1954/1950 1955/1951 1956/1952
f 1955/1951 1957/1953 1958/1954
f 1957/1953 1959/1955 1960/1956
f 1959/1955 1961/1957 140/140
f 1961/1957 1962/1958 1963/1959
f 1964/1960 1965/1961 1966/1962
f 1965/1961 1967/1963 1968/1964
f 1967/1963 1969/1965 1970/1966
f 1971/1967 1972/1968 1973/1969
f 1972/1968 1974/1970 1975/1971
f 1976/1972 1977/1973 1978/1974
f 1977/1973 1979/1975 1980/1976
f 1979/1975 1981/1977 1982/1978
f 1983/1979 1984/1980 1985/1981
f 1984/1980 84/84 1986/1982
f 1987/1983 1988/1984 1989/1985
f 1988/1984 1990/1986 1991/1987
f 1992/1988 1993/1989 1994/1990
f 1995/1991 1996/1992 1997/1993
f 1998/1994 1999/1995 2000/1996
f 2001/1997 2002/1998 2003/1999
f 2002/1998 2004/2000 2005/2001
f 2006/2002 2007/2003 2008/2004
f 2007/2003 2009/2005 2010/2006
f 2011/2007 2012/2008 2013/2009
f 2014/2010 2015/2011 2016/2012
f 2017/2013 2018/2014 2019/2015
f 2018/2014 2020/2016 2021/2017
f 2020/2016 2022/2018 2023/2019
f 2024/2020 2025/2021 2026/2022
f 2025/2021 2027/2023 2028/2024
f 2029/2025 2030/2026 2031/2027
f 2030/2026 2032/2028 2033/2029
f 2032/2028 2034/2030 2035/2031
f 2034/2030 2036/2032 2037/2033
f 2036/2032 2038/2034 85/85
f 2038/2034 2039/2035 2040/2036
f 2041/2037 2042/2038 2043/2039
f 2042/2038 2044/2040 2045/2041
f 2046/2042 2047/2043 2048/2044
f 2047/2043 2049/2045 2050/2046
f 2049/2045 2051/2047 2052/2048
f 2053/2049 2054/2050 2055/2051
f 2054/2050 2056/2052 2057/2053
f 2058/2054 2059/2055 2060/2056
f 2059/2055 2061/2057 2062/2058
f 2061/2057 2063/2059 2064/2060
f 2065/2061 2066/2062 2067/2063
f 2066/2062 2068/2064 2069/2065
f 2068/2064 2070/2066 2071/2067
f 2072/2068 2073/2069 2074/2070
f 2073/2069 2075/2071 2076/2072
f 2077/2073 2078/2074 2079/2075
f 2078/2074 86/86 2080/2076
f 86 173 982
f 1818/1814 1821/1817 1819/1815
f 1821/1817 1824/1820 1822/1818
f 1826/1822 1829/1825 1827/1823
f 1829/1825 1833/1829 1831/1827
f 1836/1832 1840/1836 1838/1834
f 1840/1836 1843/1839 1841/1837
f 1845/1841 1848/1844 1846/1842
f 1848/1844 1852/1848 1850/1846
f 1853/1849 1857/1853 1855/1851
f 1860/1856 1864/1860 1862/1858
f 1865/1861 1869/1865 1867/1863
f 1871/1867 1874/1870 1872/1868
f 1879/1875 1883/1879 1881/1877
f 1883/1879 1886/1882 1884/1880
f 1888/1884 1891/1887 1889/1885
f 1891/1887 1895/1891 1893/1889
f 1896/1892 1900/1896 1898/1894
f 1901/1897 1905/1901 1903/1899
f 1907/1903 1909/1905 1908/1904
f 2081/2077 1912/1908 1911/1907
f 1914/1910 1917/1913 1916/1912
f 1920/1916 1924/1920 1922/1918
f 1924/1920 1927/1923 1925/1921
f 1929/1925 1932/1928 1930/1926
f 1933/1929 1936/1932 1935/1931
f 1943/1939 1947/1943 1945/1941
f 1950/1946 1954/1950 1952/1948
f 1954/1950 1957/1953 1955/1951
f 1957/1953 1961/1957 1959/1955
f 1962/1958 1965/1961 1964/1960
f 1965/1961 1969/1965 1967/1963
f 1969/1965 1972/1968 1971/1967
f 1974/1970 1977/1973 1976/1972
f 1977/1973 1981/1977 1979/1975
f 1981/1977 1984/1980 1983/1979
f 84/84 1988/1984 1987/1983
f 1992/1988 1995/1991 1993/1989
f 1995/1991 1998/1994 1996/1992
f 1999/1995 2002/1998 2001/1997
f 2004/2000 2007/2003 2006/2002
f 2011/2007 2014/2010 2012/2008
f 2014/2010 2082/2078 2015/2011
f 2082/2078 2018/2014 2017/2013
f 2018/2014 2022/2018 2020/2016
f 2022/2018 2025/2021 2024/2020
f 2030/2026 2034/2030 2032/2028
f 2034/2030 2038/2034 2036/2032
f 2039/2035 2042/2038 2041/2037
f 2044/2040 2047/2043 2046/2042
f 2051/2047 2054/2050 2053/2049
f 2056/2052 2059/2055 2058/2054
f 2059/2055 2063/2059 2061/2057
f 2063/2059 2066/2062 2065/2061
f 2070/2066 2073/2069 2072/2068
f 2075/2071 2078/2074 2077/2073
f 2078/2074 173/173 86/86
f 1821/1817 1826/1822 1824/1820
f 1826/1822 1833/1829 1829/1825
f 1834/1830 1840/1836 1836/1832
f 1840/1836 1845/1841 1843/1839
f 1845/1841 1852/1848 1848/1844
f 1852/1848 1857/1853 1853/1849
f 1858/1854 1864/1860 1860/1856
f 1864/1860 1869/1865 1865/1861
f 1871/1867 1876/1872 1874/1870
f 1877/1873 1883/1879 1879/1875
f 1883/1879 1888/1884 1886/1882
f 1888/1884 1895/1891 1891/1887
f 1895/1891 1900/1896 1896/1892
f 1901/1897 1907/1903 1905/1901
f 1907/1903 2081/2077 1909/1905
f 2081/2077 1914/1910 1912/1908
f 1924/1920 1929/1925 1927/1923
f 1929/1925 1933/1929 1932/1928
f 1954/1950 1961/1957 1957/1953
f 1962/1958 1969/1965 1965/1961
f 1969/1965 1974/1970 1972/1968
f 1974/1970 1981/1977 1977/1973
f 1981/1977 84/84 1984/1980
f 1992/1988 1998/1994 1995/1991
f 1998/1994 2002/1998 1999/1995
f 2014/2010 2018/2014 2082/2078
f 2030/2026 2038/2034 2034/2030
f 2039/2035 2044/2040 2042/2038
f 2044/2040 2049/2045 2047/2043
f 2051/2047 2056/2052 2054/2050
f 2056/2052 2063/2059 2059/2055
f 2063/2059 2068/2064 2066/2062
f 2070/2066 2075/2071 2073/2069
f 2075/2071 173/173 2078/2074
f 1821/1817 1833/1829 1826/1822
f 1833/1829 1840/1836 1834/1830
f 1840/1836 1852/1848 1845/1841
f 1857/1853 1864/1860 1858/1854
f 1864/1860 1871/1867 1869/1865
f 1876/1872 1883/1879 1877/1873
f 1883/1879 1895/1891 1888/1884
f 1900/1896 1907/1903 1901/1897
f 1907/1903 1914/1910 2081/2077
f 1920/1916 1929/1925 1924/1920
f 1950/1946 1961/1957 1954/1950
f 1961/1957 1969/1965 1962/1958
f 1969/1965 1981/1977 1974/1970
f 1992/1988 2002/1998 1998/1994
f 2011/2007 2018/2014 2014/2010
f 2029/2025 2038/2034 2030/2026
f 2044/2040 2051/2047 2049/2045
f 2051/2047 2063/2059 2056/2052
f 2063/2059 2070/2066 2068/2064
f 2070/2066 173/173 2075/2071
f 1833/1829 1852/1848 1840/1836
f 1864/1860 1876/1872 1871/1867
f 1876/1872 1895/1891 1883/1879
f 1900/1896 1914/1910 1907/1903
f 1920/1916 1933/1929 1929/1925
f 1948/1944 1961/1957 1950/1946
f 1969/1965 84/84 1981/1977
f 1990/1986 2002/1998 1992/1988
f 2009/2005 2018/2014 2011/2007
f 2083/2079 2038/2034 2029/2025
f 2044/2040 2063/2059 2051/2047
f 2070/2066 1818/1814 173/173
f 1821/1817 1852/1848 1833/1829
f 1864/1860 1895/1891 1876/1872
f 1895/1891 1914/1910 1900/1896
f 1919/1915 1933/1929 1920/1916
f 1947/1943 1961/1957 1948/1944
f 1961/1957 84/84 1969/1965
f 1988/1984 2002/1998 1990/1986
f 2009/2005 2022/2018 2018/2014
f 2027/2023 2038/2034 2083/2079
f 2044/2040 2070/2066 2063/2059
f 2070/2066 1821/1817 1818/1814
f 1821/1817 1857/1853 1852/1848
f 1857/1853 1895/1891 1864/1860
f 1895/1891 1917/1913 1914/1910
f 1919/1915 1936/1932 1933/1929
f 1947/1943 84/84 1961/1957
f 1988/1984 2004/2000 2002/1998
f 2007/2003 2022/2018 2009/2005
f 2027/2023 2039/2035 2038/2034
f 2039/2035 2070/2066 2044/2040
f 2070/2066 1857/1853 1821/1817
f 1857/1853 1917/1913 1895/1891
f 1919/1915 1938/1934 1936/1932
f 1943/1939 84/84 1947/1943
f 1988/1984 2007/2003 2004/2000
f 2007/2003 2025/2021 2022/2018
f 2027/2023 2070/2066 2039/2035
f 2070/2066 1917/1913 1857/1853
f 1919/1915 1940/1936 1938/1934
f 1942/1938 84/84 1943/1939
f 1988/1984 2025/2021 2007/2003
f 2025/2021 2070/2066 2027/2023
f 2070/2066 1919/1915 1917/1913
f 1919/1915 2084/2080 1940/1936
f 2084/2080 84/84 1942/1938
f 1988/1984 2070/2066 2025/2021
f 2070/2066 2084/2080 1919/1915
f 2084/2080 1988/1984 84/84
f 1988/1984 2084/2080 2070/2066
f 981 982 413
f 413 974 981
g buildings
usemtl buildings_material
f 2085/2081 2086/2082 2087/2083
f 2088/2084 2089/2085 2090/2086
f 2089/2085 2085/2081 2091/2087
f 2085/2081 2092/2088 2086/2082
f 2088/2084 2085/2081 2089/2085
f 2085/2081 2088/2084 2092/2088
f 2093/2089 2094/2090 2095/2091
f 2096/2092 2097/2093 2098/2094
f 2098/2094 2099/2095 2093/2089
f 2093/2089 2095/2091 2100/2096
f 2096/2092 2098/2094 2093/2089
f 2093/2089 2100/2096 2096/2092
f 2094/2090 2086/2082 2095/2091
f 2086/2082 2094/2090 2087/2083
f 2095/2091 2092/2088 2100/2096
f 2092/2088 2095/2091 2086/2082
f 2100/2096 2088/2084 2096/2092
f 2088/2084 2100/2096 2092/2088
f 2096/2092 2090/2086 2097/2093
f 2090/2086 2096/2092 2088/2084
f 2097/2093 2089/2085 2098/2094
f 2089/2085 2097/2093 2090/2086
f 2098/2094 2091/2087 2099/2095
f 2091/2087 2098/2094 2089/2085
f 2099/2095 2085/2081 2093/2089
f 2085/2081 2099/2095 2091/2087
f 2093/2089 2087/2083 2094/2090
f 2087/2083 2093/2089 2085/2081
f 2101/2097 2102/2098 2103/2099
f 2102/2098 2104/2100 2105/2101
f 2104/2100 2106/2102 2107/2103
f 2106/2102 2108/2104 2109/2105
f 2108/2104 2101/2097 2110/2106
f 2101/2097 2104/2100 2102/2098
f 2104/2100 2108/2104 2106/2102
f 2108/2104 2104/2100 2101/2097
f 2111/2107 2112/2108 2113/2109
f 2113/2109 2114/2110 2115/2111
f 2115/2111 2116/2112 2117/2113
f 2117/2113 2118/2114 2119/2115
f 2119/2115 2120/2116 2111/2107
f 2111/2107 2113/2109 2115/2111
f 2115/2111 2117/2113 2119/2115
f 2119/2115 2111/2107 2115/2111
f 2112/2108 2102/2098 2113/2109
f 2102/2098 2112/2108 2103/2099
f 2113/2109 2105/2101 2114/2110
f 2105/2101 2113/2109 2102/2098
f 2114/2110 2104/2100 2115/2111
f 2104/2100 2114/2110 2105/2101
f 2115/2111 2107/2103 2116/2112
f 2107/2103 2115/2111 2104/2100
f 2116/2112 2106/2102 2117/2113
f 2106/2102 2116/2112 2107/2103
f 2117/2113 2109/2105 2118/2114
f 2109/2105 2117/2113 2106/2102
f 2118/2114 2108/2104 2119/2115
f 2108/2104 2118/2114 2109/2105
f 2119/2115 2110/2106 2120/2116
f 2110/2106 2119/2115 2108/2104
f 2120/2116 2101/2097 2111/2107
f 2101/2097 2120/2116 2110/2106
f 2111/2107 2103/2099 2112/2108
f 2103/2099 2111/2107 2101/2097
f 2121/2117 2122/2118 2123/2119
f 2123/2119 2124/2120 2125/2121
f 2125/2121 2126/2122 2121/2117
f 2121/2117 2123/2119 2125/2121
f 2127/2123 2128/2124 2129/2125
f 2128/2124 2130/2126 2131/2127
f 2130/2126 2127/2123 2132/2128
f 2127/2123 2130/2126 2128/2124
f 2129/2125 2128/2124 2123/2119
f 2123/2119 2122/2118 2129/2125
f 2128/2124 2131/2127 2124/2120
f 2124/2120 2123/2119 2128/2124
f 2131/2127 2130/2126 2125/2121
f 2125/2121 2124/2120 2131/2127
f 2130/2126 2132/2128 2126/2122
f 2126/2122 2125/2121 2130/2126
f 2132/2128 2127/2123 2121/2117
f 2121/2117 2126/2122 2132/2128
f 2127/2123 2129/2125 2122/2118
f 2122/2118 2121/2117 2127/2123
f 2133/2129 2134/2130 2135/2131
f 2134/2130 2136/2132 2137/2133
f 2136/2132 2133/2129 2138/2134
f 2133/2129 2136/2132 2134/2130
f 2139/2135 2140/2136 2141/2137
f 2141/2137 2142/2138 2143/2139
f 2143/2139 2144/2140 2139/2135
f 2139/2135 2141/2137 2143/2139
f 2140/2136 2134/2130 2141/2137
f 2134/2130 2140/2136 2135/2131
f 2141/2137 2137/2133 2142/2138
f 2137/2133 2141/2137 2134/2130
f 2142/2138 2136/2132 2143/2139
f 2136/2132 2142/2138 2137/2133
f 2143/2139 2138/2134 2144/2140
f 2138/2134 2143/2139 2136/2132
f 2144/2140 2133/2129 2139/2135
f 2133/2129 2144/2140 2138/2134
f 2139/2135 2135/2131 2140/2136
f 2135/2131 2139/2135 2133/2129
f 2145/2141 2146/2142 2147/2143
f 2146/2142 2148/2144 2149/2145
f 2148/2144 2150/2146 2151/2147
f 2152/2148 2146/2142 2145/2141
f 2146/2142 2150/2146 2148/2144
f 2150/2146 2146/2142 2152/2148
f 2153/2149 2154/2150 2155/2151
f 2155/2151 2156/2152 2157/2153
f 2157/2153 2158/2154 2159/2155
f 2160/2156 2153/2149 2155/2151
f 2155/2151 2157/2153 2159/2155
f 2159/2155 2160/2156 2155/2151
f 2154/2150 2146/2142 2155/2151
f 2146/2142 2154/2150 2147/2143
f 2155/2151 2149/2145 2156/2152
f 2149/2145 2155/2151 2146/2142
f 2156/2152 2148/2144 2157/2153
f 2148/2144 2156/2152 2149/2145
f 2157/2153 2151/2147 2158/2154
f 2151/2147 2157/2153 2148/2144
f 2158/2154 2150/2146 2159/2155
f 2150/2146 2158/2154 2151/2147
f 2159/2155 2152/2148 2160/2156
f 2152/2148 2159/2155 2150/2146
f 2160/2156 2145/2141 2153/2149
f 2145/2141 2160/2156 2152/2148
f 2153/2149 2147/2143 2154/2150
f 2147/2143 2153/2149 2145/2141
f 2161/2157 2162/2158 2163/2159
f 2164/2160 2165/2161 2166/2162
f 2167/2163 2168/2164 2169/2165
f 2168/2164 2161/2157 2170/2166
f 2161/2157 2164/2160 2162/2158
f 2164/2160 2167/2163 2165/2161
f 2168/2164 2164/2160 2161/2157
f 2164/2160 2168/2164 2167/2163
f 2171/2167 2172/2168 2173/2169
f 2174/2170 2175/2171 2176/2172
f 2177/2173 2178/2174 2179/2175
f 2179/2175 2180/2176 2171/2167
f 2171/2167 2173/2169 2174/2170
f 2174/2170 2176/2172 2177/2173
f 2179/2175 2171/2167 2174/2170
f 2174/2170 2177/2173 2179/2175
f 2172/2168 2162/2158 2173/2169
f 2162/2158 2172/2168 2163/2159
f 2173/2169 2164/2160 2174/2170
f 2164/2160 2173/2169 2162/2158
f 2174/2170 2166/2162 2175/2171
f 2166/2162 2174/2170 2164/2160
f 2175/2171 2165/2161 2176/2172
f 2165/2161 2175/2171 2166/2162
f 2176/2172 2167/2163 2177/2173
f 2167/2163 2176/2172 2165/2161
f 2177/2173 2169/2165 2178/2174
f 2169/2165 2177/2173 2167/2163
f 2178/2174 2168/2164 2179/2175
f 2168/2164 2178/2174 2169/2165
f 2179/2175 2170/2166 2180/2176
f 2170/2166 2179/2175 2168/2164
f 2180/2176 2161/2157 2171/2167
f 2161/2157 2180/2176 2170/2166
f 2171/2167 2163/2159 2172/2168
f 2163/2159 2171/2167 2161/2157
f 2181/2177 2182/2178 2183/2179
f 2182/2178 2184/2180 2185/2181
f 2184/2180 2186/2182 2187/2183
f 2188/2184 2182/2178 2181/2177
f 2182/2178 2186/2182 2184/2180
f 2186/2182 2182/2178 2188/2184
f 2189/2185 2190/2186 2191/2187
f 2191/2187 2192/2188 2193/2189
f 2193/2189 2194/2190 2195/2191
f 2196/2192 2189/2185 2191/2187
f 2191/2187 2193/2189 2195/2191
f 2195/2191 2196/2192 2191/2187
f 2190/2186 2182/2178 2191/2187
f 2182/2178 2190/2186 2183/2179
f 2191/2187 2185/2181 2192/2188
f 2185/2181 2191/2187 2182/2178
f 2192/2188 2184/2180 2193/2189
f 2184/2180 2192/2188 2185/2181
f 2193/2189 2187/2183 2194/2190
f 2187/2183 2193/2189 2184/2180
f 2194/2190 2186/2182 2195/2191
f 2186/2182 2194/2190 2187/2183
f 2195/2191 2188/2184 2196/2192
f 2188/2184 2195/2191 2186/2182
f 2196/2192 2181/2177 2189/2185
f 2181/2177 2196/2192 2188/2184
f 2189/2185 2183/2179 2190/2186
f 2183/2179 2189/2185 2181/2177
f 2197/2193 2198/2194 2199/2195
f 2199/2195 2200/2196 2201/2197
f 2202/2198 2203/2199 2204/2200
f 2204/2200 2197/2193 2199/2195
f 2199/2195 2201/2197 2202/2198
f 2202/2198 2204/2200 2199/2195
f 2205/2201 2206/2202 2207/2203
f 2206/2202 2208/2204 2209/2205
f 2210/2206 2211/2207 2212/2208
f 2211/2207 2206/2202 2205/2201
f 2206/2202 2210/2206 2208/2204
f 2210/2206 2206/2202 2211/2207
f 2207/2203 2206/2202 2199/2195
f 2199/2195 2198/2194 2207/2203
f 2206/2202 2209/2205 2200/2196
f 2200/2196 2199/2195 2206/2202
f 2209/2205 2208/2204 2201/2197
f 2201/2197 2200/2196 2209/2205
f 2208/2204 2210/2206 2202/2198
f 2202/2198 2201/2197 2208/2204
f 2210/2206 2212/2208 2203/2199
f 2203/2199 2202/2198 2210/2206
f 2212/2208 2211/2207 2204/2200
f 2204/2200 2203/2199 2212/2208
f 2211/2207 2205/2201 2197/2193
f 2197/2193 2204/2200 2211/2207
f 2205/2201 2207/2203 2198/2194
f 2198/2194 2197/2193 2205/2201
f 2213/2209 2214/2210 2215/2211
f 2216/2212 2217/2213 2218/2214
f 2219/2215 2220/2216 2221/2217
f 2222/2218 2214/2210 2213/2209
f 2216/2212 2219/2215 2217/2213
f 2219/2215 2222/2218 2220/2216
f 2222/2218 2216/2212 2214/2210
f 2216/2212 2222/2218 2219/2215
f 2223/2219 2224/2220 2225/2221
f 2226/2222 2227/2223 2228/2224
f 2229/2225 2230/2226 2231/2227
f 2232/2228 2223/2219 2225/2221
f 2226/2222 2228/2224 2229/2225
f 2229/2225 2231/2227 2232/2228
f 2232/2228 2225/2221 2226/2222
f 2226/2222 2229/2225 2232/2228
f 2224/2220 2214/2210 2225/2221
f 2214/2210 2224/2220 2215/2211
f 2225/2221 2216/2212 2226/2222
f 2216/2212 2225/2221 2214/2210
f 2226/2222 2218/2214 2227/2223
f 2218/2214 2226/2222 2216/2212
f 2227/2223 2217/2213 2228/2224
f 2217/2213 2227/2223 2218/2214
f 2228/2224 2219/2215 2229/2225
f 2219/2215 2228/2224 2217/2213
f 2229/2225 2221/2217 2230/2226
f 2221/2217 2229/2225 2219/2215
f 2230/2226 2220/2216 2231/2227
f 2220/2216 2230/2226 2221/2217
f 2231/2227 2222/2218 2232/2228
f 2222/2218 2231/2227 2220/2216
f 2232/2228 2213/2209 2223/2219
f 2213/2209 2232/2228 2222/2218
f 2223/2219 2215/2211 2224/2220
f 2215/2211 2223/2219 2213/2209
f 2233/2229 2234/2230 2235/2231
f 2235/2231 2236/2232 2233/2229
f 2237/2233 2238/2234 2239/2235
f 2238/2234 2237/2233 2240/2236
f 2239/2235 2238/2234 2235/2231
f 2235/2231 2234/2230 2239/2235
f 2238/2234 2240/2236 2236/2232
f 2236/2232 2235/2231 2238/2234
f 2240/2236 2237/2233 2233/2229
f 2233/2229 2236/2232 2240/2236
f 2237/2233 2239/2235 2234/2230
f 2234/2230 2233/2229 2237/2233
f 2241/2237 2242/2238 2243/2239
f 2244/2240 2245/2241 2246/2242
f 2246/2242 2247/2243 2248/2244
f 2248/2244 2241/2237 2243/2239
f 2244/2240 2246/2242 2248/2244
f 2248/2244 2243/2239 2244/2240
f 2249/2245 2250/2246 2251/2247
f 2252/2248 2253/2249 2254/2250
f 2253/2249 2255/2251 2256/2252
f 2255/2251 2250/2246 2249/2245
f 2252/2248 2255/2251 2253/2249
f 2255/2251 2252/2248 2250/2246
f 2251/2247 2250/2246 2243/2239
f 2243/2239 2242/2238 2251/2247
f 2250/2246 2252/2248 2244/2240
f 2244/2240 2243/2239 2250/2246
f 2252/2248 2254/2250 2245/2241
f 2245/2241 2244/2240 2252/2248
f 2254/2250 2253/2249 2246/2242
f 2246/2242 2245/2241 2254/2250
f 2253/2249 2256/2252 2247/2243
f 2247/2243 2246/2242 2253/2249
f 2256/2252 2255/2251 2248/2244
f 2248/2244 2247/2243 2256/2252
f 2255/2251 2249/2245 2241/2237
f 2241/2237 2248/2244 2255/2251
f 2249/2245 2251/2247 2242/2238
f 2242/2238 2241/2237 2249/2245
f 2257/2253 2258/2254 2259/2255
f 2258/2254 2260/2256 2261/2257
f 2260/2256 2262/2258 2263/2259
f 2264/2260 2258/2254 2257/2253
f 2258/2254 2262/2258 2260/2256
f 2262/2258 2258/2254 2264/2260
f 2265/2261 2266/2262 2267/2263
f 2267/2263 2268/2264 2269/2265
f 2269/2265 2270/2266 2271/2267
f 2272/2268 2265/2261 2267/2263
f 2267/2263 2269/2265 2271/2267
f 2271/2267 2272/2268 2267/2263
f 2266/2262 2258/2254 2267/2263
f 2258/2254 2266/2262 2259/2255
f 2267/2263 2261/2257 2268/2264
f 2261/2257 2267/2263 2258/2254
f 2268/2264 2260/2256 2269/2265
f 2260/2256 2268/2264 2261/2257
f 2269/2265 2263/2259 2270/2266
f 2263/2259 2269/2265 2260/2256
f 2270/2266 2262/2258 2271/2267
f 2262/2258 2270/2266 2263/2259
f 2271/2267 2264/2260 2272/2268
f 2264/2260 2271/2267 2262/2258
f 2272/2268 2257/2253 2265/2261
f 2257/2253 2272/2268 2264/2260
f 2265/2261 2259/2255 2266/2262
f 2259/2255 2265/2261 2257/2253
f 2273/2269 2274/2270 2275/2271
f 2275/2271 2276/2272 2273/2269
f 2277/2273 2278/2274 2279/2275
f 2278/2274 2277/2273 2280/2276
f 2279/2275 2278/2274 2275/2271
f 2275/2271 2274/2270 2279/2275
f 2278/2274 2280/2276 2276/2272
f 2276/2272 2275/2271 2278/2274
f 2280/2276 2277/2273 2273/2269
f 2273/2269 2276/2272 2280/2276
f 2277/2273 2279/2275 2274/2270
f 2274/2270 2273/2269 2277/2273
f 2281/2277 2282/2278 2283/2279
f 2284/2280 2285/2281 2286/2282
f 2286/2282 2287/2283 2288/2284
f 2288/2284 2289/2285 2290/2286
f 2290/2286 2281/2277 2283/2279
f 2284/2280 2286/2282 2288/2284
f 2288/2284 2290/2286 2283/2279
f 2283/2279 2284/2280 2288/2284
f 2291/2287 2292/2288 2293/2289
f 2294/2290 2295/2291 2296/2292
f 2295/2291 2297/2293 2298/2294
f 2297/2293 2299/2295 2300/2296
f 2299/2295 2292/2288 2291/2287
f 2294/2290 2297/2293 2295/2291
f 2297/2293 2292/2288 2299/2295
f 2292/2288 2297/2293 2294/2290
f 2293/2289 2292/2288 2283/2279
f 2283/2279 2282/2278 2293/2289
f 2292/2288 2294/2290 2284/2280
f 2284/2280 2283/2279 2292/2288
f 2294/2290 2296/2292 2285/2281
f 2285/2281 2284/2280 2294/2290
f 2296/2292 2295/2291 2286/2282
f 2286/2282 2285/2281 2296/2292
f 2295/2291 2298/2294 2287/2283
f 2287/2283 2286/2282 2295/2291
f 2298/2294 2297/2293 2288/2284
f 2288/2284 2287/2283 2298/2294
f 2297/2293 2300/2296 2289/2285
f 2289/2285 2288/2284 2297/2293
f 2300/2296 2299/2295 2290/2286
f 2290/2286 2289/2285 2300/2296
f 2299/2295 2291/2287 2281/2277
f 2281/2277 2290/2286 2299/2295
f 2291/2287 2293/2289 2282/2278
f 2282/2278 2281/2277 2291/2287
f 2301/2297 2302/2298 2303/2299
f 2304/2300 2305/2301 2306/2302
f 2307/2303 2308/2304 2309/2305
f 2309/2305 2310/2306 2301/2297
f 2301/2297 2303/2299 2304/2300
f 2304/2300 2306/2302 2307/2303
f 2307/2303 2309/2305 2301/2297
f 2301/2297 2304/2300 2307/2303
f 2311/2307 2312/2308 2313/2309
f 2314/2310 2315/2311 2316/2312
f 2317/2313 2318/2314 2319/2315
f 2318/2314 2311/2307 2320/2316
f 2311/2307 2314/2310 2312/2308
f 2314/2310 2317/2313 2315/2311
f 2317/2313 2311/2307 2318/2314
f 2311/2307 2317/2313 2314/2310
f 2313/2309 2312/2308 2303/2299
f 2303/2299 2302/2298 2313/2309
f 2312/2308 2314/2310 2304/2300
f 2304/2300 2303/2299 2312/2308
f 2314/2310 2316/2312 2305/2301
f 2305/2301 2304/2300 2314/2310
f 2316/2312 2315/2311 2306/2302
f 2306/2302 2305/2301 2316/2312
f 2315/2311 2317/2313 2307/2303
f 2307/2303 2306/2302 2315/2311
f 2317/2313 2319/2315 2308/2304
f 2308/2304 2307/2303 2317/2313
f 2319/2315 2318/2314 2309/2305
f 2309/2305 2308/2304 2319/2315
f 2318/2314 2320/2316 2310/2306
f 2310/2306 2309/2305 2318/2314
f 2320/2316 2311/2307 2301/2297
f 2301/2297 2310/2306 2320/2316
f 2311/2307 2313/2309 2302/2298
f 2302/2298 2301/2297 2311/2307
f 2321/2317 2322/2318 2323/2319
f 2323/2319 2324/2320 2325/2321
f 2325/2321 2326/2322 2327/2323
f 2327/2323 2328/2324 2329/2325
f 2330/2326 2321/2317 2323/2319
f 2325/2321 2327/2323 2329/2325
f 2330/2326 2323/2319 2325/2321
f 2325/2321 2329/2325 2330/2326
f 2331/2327 2332/2328 2333/2329
f 2332/2328 2334/2330 2335/2331
f 2334/2330 2336/2332 2337/2333
f 2336/2332 2338/2334 2339/2335
f 2340/2336 2332/2328 2331/2327
f 2334/2330 2338/2334 2336/2332
f 2340/2336 2334/2330 2332/2328
f 2334/2330 2340/2336 2338/2334
f 2333/2329 2332/2328 2323/2319
f 2323/2319 2322/2318 2333/2329
f 2332/2328 2335/2331 2324/2320
f 2324/2320 2323/2319 2332/2328
f 2335/2331 2334/2330 2325/2321
f 2325/2321 2324/2320 2335/2331
f 2334/2330 2337/2333 2326/2322
f 2326/2322 2325/2321 2334/2330
f 2337/2333 2336/2332 2327/2323
f 2327/2323 2326/2322 2337/2333
f 2336/2332 2339/2335 2328/2324
f 2328/2324 2327/2323 2336/2332
f 2339/2335 2338/2334 2329/2325
f 2329/2325 2328/2324 2339/2335
f 2338/2334 2340/2336 2330/2326
f 2330/2326 2329/2325 2338/2334
f 2340/2336 2331/2327 2321/2317
f 2321/2317 2330/2326 2340/2336
f 2331/2327 2333/2329 2322/2318
f 2322/2318 2321/2317 2331/2327
f 2341/2337 2342/2338 2343/2339
f 2344/2340 2345/2341 2346/2342
f 2347/2343 2348/2344 2349/2345
f 2348/2344 2341/2337 2350/2346
f 2341/2337 2344/2340 2342/2338
f 2344/2340 2347/2343 2345/2341
f 2347/2343 2341/2337 2348/2344
f 2341/2337 2347/2343 2344/2340
f 2351/2347 2352/2348 2353/2349
f 2354/2350 2355/2351 2356/2352
f 2357/2353 2358/2354 2359/2355
f 2359/2355 2360/2356 2351/2347
f 2351/2347 2353/2349 2354/2350
f 2354/2350 2356/2352 2357/2353
f 2357/2353 2359/2355 2351/2347
f 2351/2347 2354/2350 2357/2353
f 2352/2348 2342/2338 2353/2349
f 2342/2338 2352/2348 2343/2339
f 2353/2349 2344/2340 2354/2350
f 2344/2340 2353/2349 2342/2338
f 2354/2350 2346/2342 2355/2351
f 2346/2342 2354/2350 2344/2340
f 2355/2351 2345/2341 2356/2352
f 2345/2341 2355/2351 2346/2342
f 2356/2352 2347/2343 2357/2353
f 2347/2343 2356/2352 2345/2341
f 2357/2353 2349/2345 2358/2354
f 2349/2345 2357/2353 2347/2343
f 2358/2354 2348/2344 2359/2355
f 2348/2344 2358/2354 2349/2345
f 2359/2355 2350/2346 2360/2356
f 2350/2346 2359/2355 2348/2344
f 2360/2356 2341/2337 2351/2347
f 2341/2337 2360/2356 2350/2346
f 2351/2347 2343/2339 2352/2348
f 2343/2339 2351/2347 2341/2337
f 2361/2357 2362/2358 2363/2359
f 2364/2360 2365/2361 2366/2362
f 2365/2361 2367/2363 2368/2364
f 2367/2363 2362/2358 2361/2357
f 2364/2360 2367/2363 2365/2361
f 2367/2363 2364/2360 2362/2358
f 2369/2365 2370/2366 2371/2367
f 2372/2368 2373/2369 2374/2370
f 2374/2370 2375/2371 2376/2372
f 2376/2372 2369/2365 2371/2367
f 2372/2368 2374/2370 2376/2372
f 2376/2372 2371/2367 2372/2368
f 2370/2366 2362/2358 2371/2367
f 2362/2358 2370/2366 2363/2359
f 2371/2367 2364/2360 2372/2368
f 2364/2360 2371/2367 2362/2358
f 2372/2368 2366/2362 2373/2369
f 2366/2362 2372/2368 2364/2360
f 2373/2369 2365/2361 2374/2370
f 2365/2361 2373/2369 2366/2362
f 2374/2370 2368/2364 2375/2371
f 2368/2364 2374/2370 2365/2361
f 2375/2371 2367/2363 2376/2372
f 2367/2363 2375/2371 2368/2364
f 2376/2372 2361/2357 2369/2365
f 2361/2357 2376/2372 2367/2363
f 2369/2365 2363/2359 2370/2366
f 2363/2359 2369/2365 2361/2357
f 2377/2373 2378/2374 2379/2375
f 2378/2374 2380/2376 2381/2377
f 2382/2378 2383/2379 2384/2380
f 2385/2381 2377/2373 2386/2382
f 2377/2373 2380/2376 2378/2374
f 2382/2378 2387/2383 2383/2379
f 2385/2381 2380/2376 2377/2373
f 2380/2376 2387/2383 2382/2378
f 2388/2384 2380/2376 2385/2381
f 2380/2376 2388/2384 2387/2383
f 2389/2385 2390/2386 2391/2387
f 2391/2387 2392/2388 2393/2389
f 2394/2390 2395/2391 2396/2392
f 2397/2393 2398/2394 2389/2385
f 2389/2385 2391/2387 2393/2389
f 2394/2390 2396/2392 2399/2395
f 2397/2393 2389/2385 2393/2389
f 2393/2389 2394/2390 2399/2395
f 2400/2396 2397/2393 2393/2389
f 2393/2389 2399/2395 2400/2396
f 2390/2386 2378/2374 2391/2387
f 2378/2374 2390/2386 2379/2375
f 2391/2387 2381/2377 2392/2388
f 2381/2377 2391/2387 2378/2374
f 2392/2388 2380/2376 2393/2389
f 2380/2376 2392/2388 2381/2377
f 2393/2389 2382/2378 2394/2390
f 2382/2378 2393/2389 2380/2376
f 2394/2390 2384/2380 2395/2391
f 2384/2380 2394/2390 2382/2378
f 2395/2391 2383/2379 2396/2392
f 2383/2379 2395/2391 2384/2380
f 2396/2392 2387/2383 2399/2395
f 2387/2383 2396/2392 2383/2379
f 2399/2395 2388/2384 2400/2396
f 2388/2384 2399/2395 2387/2383
f 2400/2396 2385/2381 2397/2393
f 2385/2381 2400/2396 2388/2384
f 2397/2393 2386/2382 2398/2394
f 2386/2382 2397/2393 2385/2381
f 2398/2394 2377/2373 2389/2385
f 2377/2373 2398/2394 2386/2382
f 2389/2385 2379/2375 2390/2386
f 2379/2375 2389/2385 2377/2373
f 2401/2397 2402/2398 2403/2399
f 2402/2398 2404/2400 2405/2401
f 2406/2402 2407/2403 2408/2404
f 2407/2403 2409/2405 2410/2406
f 2409/2405 2411/2407 2412/2408
f 2401/2397 2404/2400 2402/2398
f 2406/2402 2409/2405 2407/2403
f 2409/2405 2401/2397 2411/2407
f 2401/2397 2406/2402 2404/2400
f 2406/2402 2401/2397 2409/2405
f 2413/2409 2414/2410 2415/2411
f 2415/2411 2416/2412 2417/2413
f 2418/2414 2419/2415 2420/2416
f 2420/2416 2421/2417 2422/2418
f 2422/2418 2423/2419 2424/2420
f 2413/2409 2415/2411 2417/2413
f 2418/2414 2420/2416 2422/2418
f 2422/2418 2424/2420 2413/2409
f 2413/2409 2417/2413 2418/2414
f 2418/2414 2422/2418 2413/2409
f 2414/2410 2402/2398 2415/2411
f 2402/2398 2414/2410 2403/2399
f 2415/2411 2405/2401 2416/2412
f 2405/2401 2415/2411 2402/2398
f 2416/2412 2404/2400 2417/2413
f 2404/2400 2416/2412 2405/2401
f 2417/2413 2406/2402 2418/2414
f 2406/2402 2417/2413 2404/2400
f 2418/2414 2408/2404 2419/2415
f 2408/2404 2418/2414 2406/2402
f 2419/2415 2407/2403 2420/2416
f 2407/2403 2419/2415 2408/2404
f 2420/2416 2410/2406 2421/2417
f 2410/2406 2420/2416 2407/2403
f 2421/2417 2409/2405 2422/2418
f 2409/2405 2421/2417 2410/2406
f 2422/2418 2412/2408 2423/2419
f 2412/2408 2422/2418 2409/2405
f 2423/2419 2411/2407 2424/2420
f 2411/2407 2423/2419 2412/2408
f 2424/2420 2401/2397 2413/2409
f 2401/2397 2424/2420 2411/2407
f 2413/2409 2403/2399 2414/2410
f 2403/2399 2413/2409 2401/2397
f 2425/2421 2426/2422 2427/2423
f 2428/2424 2429/2425 2430/2426
f 2431/2427 2425/2421 2432/2428
f 2425/2421 2428/2424 2426/2422
f 2428/2424 2431/2427 2429/2425
f 2431/2427 2428/2424 2425/2421
f 2433/2429 2434/2430 2435/2431
f 2436/2432 2437/2433 2438/2434
f 2439/2435 2440/2436 2433/2429
f 2433/2429 2435/2431 2436/2432
f 2436/2432 2438/2434 2439/2435
f 2439/2435 2433/2429 2436/2432
f 2434/2430 2426/2422 2435/2431
f 2426/2422 2434/2430 2427/2423
f 2435/2431 2428/2424 2436/2432
f 2428/2424 2435/2431 2426/2422
f 2436/2432 2430/2426 2437/2433
f 2430/2426 2436/2432 2428/2424
f 2437/2433 2429/2425 2438/2434
f 2429/2425 2437/2433 2430/2426
f 2438/2434 2431/2427 2439/2435
f 2431/2427 2438/2434 2429/2425
f 2439/2435 2432/2428 2440/2436
f 2432/2428 2439/2435 2431/2427
f 2440/2436 2425/2421 2433/2429
f 2425/2421 2440/2436 2432/2428
f 2433/2429 2427/2423 2434/2430
f 2427/2423 2433/2429 2425/2421
f 2441/2437 2442/2438 2443/2439
f 2443/2439 2444/2440 2445/2441
f 2445/2441 2446/2442 2447/2443
f 2448/2444 2441/2437 2443/2439
f 2443/2439 2445/2441 2447/2443
f 2447/2443 2448/2444 2443/2439
f 2449/2445 2450/2446 2451/2447
f 2450/2446 2452/2448 2453/2449
f 2452/2448 2454/2450 2455/2451
f 2456/2452 2450/2446 2449/2445
f 2450/2446 2454/2450 2452/2448
f 2454/2450 2450/2446 2456/2452
f 2451/2447 2450/2446 2443/2439
f 2443/2439 2442/2438 2451/2447
f 2450/2446 2453/2449 2444/2440
f 2444/2440 2443/2439 2450/2446
f 2453/2449 2452/2448 2445/2441
f 2445/2441 2444/2440 2453/2449
f 2452/2448 2455/2451 2446/2442
f 2446/2442 2445/2441 2452/2448
f 2455/2451 2454/2450 2447/2443
f 2447/2443 2446/2442 2455/2451
f 2454/2450 2456/2452 2448/2444
f 2448/2444 2447/2443 2454/2450
f 2456/2452 2449/2445 2441/2437
f 2441/2437 2448/2444 2456/2452
f 2449/2445 2451/2447 2442/2438
f 2442/2438 2441/2437 2449/2445
f 2457/2453 2458/2454 2459/2455
f 2460/2456 2461/2457 2462/2458
f 2463/2459 2464/2460 2465/2461
f 2464/2460 2466/2462 2467/2463
f 2466/2462 2458/2454 2457/2453
f 2460/2456 2463/2459 2461/2457
f 2463/2459 2466/2462 2464/2460
f 2466/2462 2468/2464 2458/2454
f 2468/2464 2463/2459 2460/2456
f 2463/2459 2468/2464 2466/2462
f 2469/2465 2470/2466 2471/2467
f 2472/2468 2473/2469 2474/2470
f 2475/2471 2476/2472 2477/2473
f 2477/2473 2478/2474 2479/2475
f 2479/2475 2469/2465 2471/2467
f 2472/2468 2474/2470 2475/2471
f 2475/2471 2477/2473 2479/2475
f 2479/2475 2471/2467 2480/2476
f 2480/2476 2472/2468 2475/2471
f 2475/2471 2479/2475 2480/2476
f 2470/2466 2458/2454 2471/2467
f 2458/2454 2470/2466 2459/2455
f 2471/2467 2468/2464 2480/2476
f 2468/2464 2471/2467 2458/2454
f 2480/2476 2460/2456 2472/2468
f 2460/2456 2480/2476 2468/2464
f 2472/2468 2462/2458 2473/2469
f 2462/2458 2472/2468 2460/2456
f 2473/2469 2461/2457 2474/2470
f 2461/2457 2473/2469 2462/2458
f 2474/2470 2463/2459 2475/2471
f 2463/2459 2474/2470 2461/2457
f 2475/2471 2465/2461 2476/2472
f 2465/2461 2475/2471 2463/2459
f 2476/2472 2464/2460 2477/2473
f 2464/2460 2476/2472 2465/2461
f 2477/2473 2467/2463 2478/2474
f 2467/2463 2477/2473 2464/2460
f 2478/2474 2466/2462 2479/2475
f 2466/2462 2478/2474 2467/2463
f 2479/2475 2457/2453 2469/2465
f 2457/2453 2479/2475 2466/2462
f 2469/2465 2459/2455 2470/2466
f 2459/2455 2469/2465 2457/2453
f 2481/2477 2482/2478 2483/2479
f 2482/2478 2484/2480 2485/2481
f 2484/2480 2486/2482 2487/2483
f 2488/2484 2482/2478 2481/2477
f 2482/2478 2486/2482 2484/2480
f 2486/2482 2482/2478 2488/2484
f 2489/2485 2490/2486 2491/2487
f 2491/2487 2492/2488 2493/2489
f 2493/2489 2494/2490 2495/2491
f 2496/2492 2489/2485 2491/2487
f 2491/2487 2493/2489 2495/2491
f 2495/2491 2496/2492 2491/2487
f 2490/2486 2482/2478 2491/2487
f 2482/2478 2490/2486 2483/2479
f 2491/2487 2485/2481 2492/2488
f 2485/2481 2491/2487 2482/2478
f 2492/2488 2484/2480 2493/2489
f 2484/2480 2492/2488 2485/2481
f 2493/2489 2487/2483 2494/2490
f 2487/2483 2493/2489 2484/2480
f 2494/2490 2486/2482 2495/2491
f 2486/2482 2494/2490 2487/2483
f 2495/2491 2488/2484 2496/2492
f 2488/2484 2495/2491 2486/2482
f 2496/2492 2481/2477 2489/2485
f 2481/2477 2496/2492 2488/2484
f 2489/2485 2483/2479 2490/2486
f 2483/2479 2489/2485 2481/2477
f 2497/2493 2498/2494 2499/2495
f 2500/2496 2501/2497 2502/2498
f 2502/2498 2503/2499 2504/2500
f 2505/2501 2506/2502 2507/2503
f 2507/2503 2508/2504 2509/2505
f 2509/2505 2510/2506 2511/2507
f 2512/2508 2497/2493 2499/2495
f 2500/2496 2502/2498 2504/2500
f 2507/2503 2509/2505 2511/2507
f 2511/2507 2512/2508 2499/2495
f 2500/2496 2504/2500 2505/2501
f 2505/2501 2507/2503 2511/2507
f 2511/2507 2499/2495 2500/2496
f 2500/2496 2505/2501 2511/2507
f 2513/2509 2514/2510 2515/2511
f 2516/2512 2517/2513 2518/2514
f 2517/2513 2519/2515 2520/2516
f 2521/2517 2522/2518 2523/2519
f 2522/2518 2524/2520 2525/2521
f 2524/2520 2526/2522 2527/2523
f 2528/2524 2514/2510 2513/2509
f 2516/2512 2519/2515 2517/2513
f 2522/2518 2526/2522 2524/2520
f 2526/2522 2514/2510 2528/2524
f 2516/2512 2521/2517 2519/2515
f 2521/2517 2526/2522 2522/2518
f 2526/2522 2516/2512 2514/2510
f 2516/2512 2526/2522 2521/2517
f 2515/2511 2514/2510 2499/2495
f 2499/2495 2498/2494 2515/2511
f 2514/2510 2516/2512 2500/2496
f 2500/2496 2499/2495 2514/2510
f 2516/2512 2518/2514 2501/2497
f 2501/2497 2500/2496 2516/2512
f 2518/2514 2517/2513 2502/2498
f 2502/2498 2501/2497 2518/2514
f 2517/2513 2520/2516 2503/2499
f 2503/2499 2502/2498 2517/2513
f 2520/2516 2519/2515 2504/2500
f 2504/2500 2503/2499 2520/2516
f 2519/2515 2521/2517 2505/2501
f 2505/2501 2504/2500 2519/2515
f 2521/2517 2523/2519 2506/2502
f 2506/2502 2505/2501 2521/2517
f 2523/2519 2522/2518 2507/2503
f 2507/2503 2506/2502 2523/2519
f 2522/2518 2525/2521 2508/2504
f 2508/2504 2507/2503 2522/2518
f 2525/2521 2524/2520 2509/2505
f 2509/2505 2508/2504 2525/2521
f 2524/2520 2527/2523 2510/2506
f 2510/2506 2509/2505 2524/2520
f 2527/2523 2526/2522 2511/2507
f 2511/2507 2510/2506 2527/2523
f 2526/2522 2528/2524 2512/2508
f 2512/2508 2511/2507 2526/2522
f 2528/2524 2513/2509 2497/2493
f 2497/2493 2512/2508 2528/2524
f 2513/2509 2515/2511 2498/2494
f 2498/2494 2497/2493 2513/2509
f 2529/2525 2530/2526 2531/2527
f 2532/2528 2533/2529 2534/2530
f 2535/2531 2536/2532 2537/2533
f 2538/2534 2529/2525 2531/2527
f 2532/2528 2534/2530 2535/2531
f 2535/2531 2537/2533 2538/2534
f 2538/2534 2531/2527 2532/2528
f 2532/2528 2535/2531 2538/2534
f 2539/2535 2540/2536 2541/2537
f 2542/2538 2543/2539 2544/2540
f 2545/2541 2546/2542 2547/2543
f 2548/2544 2540/2536 2539/2535
f 2542/2538 2545/2541 2543/2539
f 2545/2541 2548/2544 2546/2542
f 2548/2544 2542/2538 2540/2536
f 2542/2538 2548/2544 2545/2541
f 2541/2537 2540/2536 2531/2527
f 2531/2527 2530/2526 2541/2537
f 2540/2536 2542/2538 2532/2528
f 2532/2528 2531/2527 2540/2536
f 2542/2538 2544/2540 2533/2529
f 2533/2529 2532/2528 2542/2538
f 2544/2540 2543/2539 2534/2530
f 2534/2530 2533/2529 2544/2540
f 2543/2539 2545/2541 2535/2531
f 2535/2531 2534/2530 2543/2539
f 2545/2541 2547/2543 2536/2532
f 2536/2532 2535/2531 2545/2541
f 2547/2543 2546/2542 2537/2533
f 2537/2533 2536/2532 2547/2543
f 2546/2542 2548/2544 2538/2534
f 2538/2534 2537/2533 2546/2542
f 2548/2544 2539/2535 2529/2525
f 2529/2525 2538/2534 2548/2544
f 2539/2535 2541/2537 2530/2526
f 2530/2526 2529/2525 2539/2535
f 2549/2545 2550/2546 2551/2547
f 2550/2546 2552/2548 2553/2549
f 2552/2548 2554/2550 2555/2551
f 2556/2552 2550/2546 2549/2545
f 2550/2546 2554/2550 2552/2548
f 2554/2550 2550/2546 2556/2552
f 2557/2553 2558/2554 2559/2555
f 2559/2555 2560/2556 2561/2557
f 2561/2557 2562/2558 2563/2559
f 2564/2560 2557/2553 2559/2555
f 2559/2555 2561/2557 2563/2559
f 2563/2559 2564/2560 2559/2555
f 2558/2554 2550/2546 2559/2555
f 2550/2546 2558/2554 2551/2547
f 2559/2555 2553/2549 2560/2556
f 2553/2549 2559/2555 2550/2546
f 2560/2556 2552/2548 2561/2557
f 2552/2548 2560/2556 2553/2549
f 2561/2557 2555/2551 2562/2558
f 2555/2551 2561/2557 2552/2548
f 2562/2558 2554/2550 2563/2559
f 2554/2550 2562/2558 2555/2551
f 2563/2559 2556/2552 2564/2560
f 2556/2552 2563/2559 2554/2550
f 2564/2560 2549/2545 2557/2553
f 2549/2545 2564/2560 2556/2552
f 2557/2553 2551/2547 2558/2554
f 2551/2547 2557/2553 2549/2545
f 2565/2561 2566/2562 2567/2563
f 2567/2563 2568/2564 2569/2565
f 2569/2565 2570/2566 2571/2567
f 2572/2568 2565/2561 2567/2563
f 2567/2563 2569/2565 2571/2567
f 2571/2567 2572/2568 2567/2563
f 2573/2569 2574/2570 2575/2571
f 2574/2570 2576/2572 2577/2573
f 2576/2572 2578/2574 2579/2575
f 2580/2576 2574/2570 2573/2569
f 2574/2570 2578/2574 2576/2572
f 2578/2574 2574/2570 2580/2576
f 2575/2571 2574/2570 2567/2563
f 2567/2563 2566/2562 2575/2571
f 2574/2570 2577/2573 2568/2564
f 2568/2564 2567/2563 2574/2570
f 2577/2573 2576/2572 2569/2565
f 2569/2565 2568/2564 2577/2573
f 2576/2572 2579/2575 2570/2566
f 2570/2566 2569/2565 2576/2572
f 2579/2575 2578/2574 2571/2567
f 2571/2567 2570/2566 2579/2575
f 2578/2574 2580/2576 2572/2568
f 2572/2568 2571/2567 2578/2574
f 2580/2576 2573/2569 2565/2561
f 2565/2561 2572/2568 2580/2576
f 2573/2569 2575/2571 2566/2562
f 2566/2562 2565/2561 2573/2569
f 2581/2577 2582/2578 2583/2579
f 2584/2580 2585/2581 2586/2582
f 2586/2582 2587/2583 2588/2584
f 2589/2585 2590/2586 2591/2587
f 2592/2588 2593/2589 2594/2590
f 2595/2591 2596/2592 2597/2593
f 2597/2593 2581/2577 2583/2579
f 2584/2580 2586/2582 2588/2584
f 2589/2585 2591/2587 2598/2594
f 2598/2594 2592/2588 2594/2590
f 2595/2591 2597/2593 2583/2579
f 2583/2579 2584/2580 2588/2584
f 2589/2585 2598/2594 2594/2590
f 2594/2590 2595/2591 2583/2579
f 2583/2579 2588/2584 2589/2585
f 2589/2585 2594/2590 2583/2579
f 2599/2595 2600/2596 2601/2597
f 2602/2598 2603/2599 2604/2600
f 2603/2599 2605/2601 2606/2602
f 2607/2603 2608/2604 2609/2605
f 2610/2606 2611/2607 2612/2608
f 2613/2609 2614/2610 2615/2611
f 2614/2610 2600/2596 2599/2595
f 2602/2598 2605/2601 2603/2599
f 2607/2603 2616/2612 2608/2604
f 2616/2612 2611/2607 2610/2606
f 2613/2609 2600/2596 2614/2610
f 2600/2596 2605/2601 2602/2598
f 2607/2603 2611/2607 2616/2612
f 2611/2607 2600/2596 2613/2609
f 2600/2596 2607/2603 2605/2601
f 2607/2603 2600/2596 2611/2607
f 2601/2597 2600/2596 2583/2579
f 2583/2579 2582/2578 2601/2597
f 2600/2596 2602/2598 2584/2580
f 2584/2580 2583/2579 2600/2596
f 2602/2598 2604/2600 2585/2581
f 2585/2581 2584/2580 2602/2598
f 2604/2600 2603/2599 2586/2582
f 2586/2582 2585/2581 2604/2600
f 2603/2599 2606/2602 2587/2583
f 2587/2583 2586/2582 2603/2599
f 2606/2602 2605/2601 2588/2584
f 2588/2584 2587/2583 2606/2602
f 2605/2601 2607/2603 2589/2585
f 2589/2585 2588/2584 2605/2601
f 2607/2603 2609/2605 2590/2586
f 2590/2586 2589/2585 2607/2603
f 2609/2605 2608/2604 2591/2587
f 2591/2587 2590/2586 2609/2605
f 2608/2604 2616/2612 2598/2594
f 2598/2594 2591/2587 2608/2604
f 2616/2612 2610/2606 2592/2588
f 2592/2588 2598/2594 2616/2612
f 2610/2606 2612/2608 2593/2589
f 2593/2589 2592/2588 2610/2606
f 2612/2608 2611/2607 2594/2590
f 2594/2590 2593/2589 2612/2608
f 2611/2607 2613/2609 2595/2591
f 2595/2591 2594/2590 2611/2607
f 2613/2609 2615/2611 2596/2592
f 2596/2592 2595/2591 2613/2609
f 2615/2611 2614/2610 2597/2593
f 2597/2593 2596/2592 2615/2611
f 2614/2610 2599/2595 2581/2577
f 2581/2577 2597/2593 2614/2610
f 2599/2595 2601/2597 2582/2578
f 2582/2578 2581/2577 2599/2595
f 2617/2613 2618/2614 2619/2615
f 2620/2616 2621/2617 2622/2618
f 2621/2617 2623/2619 2624/2620
f 2623/2619 2625/2621 2626/2622
f 2627/2623 2628/2624 2629/2625
f 2630/2626 2618/2614 2617/2613
f 2620/2616 2623/2619 2621/2617
f 2627/2623 2630/2626 2628/2624
f 2630/2626 2620/2616 2618/2614
f 2620/2616 2625/2621 2623/2619
f 2625/2621 2630/2626 2627/2623
f 2630/2626 2625/2621 2620/2616
f 2631/2627 2632/2628 2633/2629
f 2634/2630 2635/2631 2636/2632
f 2636/2632 2637/2633 2638/2634
f 2638/2634 2639/2635 2640/2636
f 2641/2637 2642/2638 2643/2639
f 2644/2640 2631/2627 2633/2629
f 2634/2630 2636/2632 2638/2634
f 2641/2637 2643/2639 2644/2640
f 2644/2640 2633/2629 2634/2630
f 2634/2630 2638/2634 2640/2636
f 2640/2636 2641/2637 2644/2640
f 2644/2640 2634/2630 2640/2636
f 2632/2628 2618/2614 2633/2629
f 2618/2614 2632/2628 2619/2615
f 2633/2629 2620/2616 2634/2630
f 2620/2616 2633/2629 2618/2614
f 2634/2630 2622/2618 2635/2631
f 2622/2618 2634/2630 2620/2616
f 2635/2631 2621/2617 2636/2632
f 2621/2617 2635/2631 2622/2618
f 2636/2632 2624/2620 2637/2633
f 2624/2620 2636/2632 2621/2617
f 2637/2633 2623/2619 2638/2634
f 2623/2619 2637/2633 2624/2620
f 2638/2634 2626/2622 2639/2635
f 2626/2622 2638/2634 2623/2619
f 2639/2635 2625/2621 2640/2636
f 2625/2621 2639/2635 2626/2622
f 2640/2636 2627/2623 2641/2637
f 2627/2623 2640/2636 2625/2621
f 2641/2637 2629/2625 2642/2638
f 2629/2625 2641/2637 2627/2623
f 2642/2638 2628/2624 2643/2639
f 2628/2624 2642/2638 2629/2625
f 2643/2639 2630/2626 2644/2640
f 2630/2626 2643/2639 2628/2624
f 2644/2640 2617/2613 2631/2627
f 2617/2613 2644/2640 2630/2626
f 2631/2627 2619/2615 2632/2628
f 2619/2615 2631/2627 2617/2613
f 2645/2641 2646/2642 2647/2643
f 2646/2642 2648/2644 2649/2645
f 2650/2646 2651/2647 2652/2648
f 2651/2647 2653/2649 2654/2650
f 2653/2649 2655/2651 2656/2652
f 2655/2651 2646/2642 2645/2641
f 2646/2642 2650/2646 2648/2644
f 2650/2646 2653/2649 2651/2647
f 2653/2649 2646/2642 2655/2651
f 2646/2642 2653/2649 2650/2646
f 2657/2653 2658/2654 2659/2655
f 2659/2655 2660/2656 2661/2657
f 2662/2658 2663/2659 2664/2660
f 2664/2660 2665/2661 2666/2662
f 2666/2662 2667/2663 2668/2664
f 2668/2664 2657/2653 2659/2655
f 2659/2655 2661/2657 2662/2658
f 2662/2658 2664/2660 2666/2662
f 2666/2662 2668/2664 2659/2655
f 2659/2655 2662/2658 2666/2662
f 2658/2654 2646/2642 2659/2655
f 2646/2642 2658/2654 2647/2643
f 2659/2655 2649/2645 2660/2656
f 2649/2645 2659/2655 2646/2642
f 2660/2656 2648/2644 2661/2657
f 2648/2644 2660/2656 2649/2645
f 2661/2657 2650/2646 2662/2658
f 2650/2646 2661/2657 2648/2644
f 2662/2658 2652/2648 2663/2659
f 2652/2648 2662/2658 2650/2646
f 2663/2659 2651/2647 2664/2660
f 2651/2647 2663/2659 2652/2648
f 2664/2660 2654/2650 2665/2661
f 2654/2650 2664/2660 2651/2647
f 2665/2661 2653/2649 2666/2662
f 2653/2649 2665/2661 2654/2650
f 2666/2662 2656/2652 2667/2663
f 2656/2652 2666/2662 2653/2649
f 2667/2663 2655/2651 2668/2664
f 2655/2651 2667/2663 2656/2652
f 2668/2664 2645/2641 2657/2653
f 2645/2641 2668/2664 2655/2651
f 2657/2653 2647/2643 2658/2654
f 2647/2643 2657/2653 2645/2641
f 2669/2665 2670/2666 2671/2667
f 2670/2666 2672/2668 2673/2669
f 2672/2668 2674/2670 2675/2671
f 2674/2670 2676/2672 2677/2673
f 2678/2674 2679/2675 2680/2676
f 2669/2665 2672/2668 2670/2666
f 2672/2668 2676/2672 2674/2670
f 2678/2674 2669/2665 2679/2675
f 2669/2665 2676/2672 2672/2668
f 2676/2672 2669/2665 2678/2674
f 2681/2677 2682/2678 2683/2679
f 2683/2679 2684/2680 2685/2681
f 2685/2681 2686/2682 2687/2683
f 2687/2683 2688/2684 2689/2685
f 2690/2686 2691/2687 2692/2688
f 2681/2677 2683/2679 2685/2681
f 2685/2681 2687/2683 2689/2685
f 2690/2686 2692/2688 2681/2677
f 2681/2677 2685/2681 2689/2685
f 2689/2685 2690/2686 2681/2677
f 2682/2678 2670/2666 2683/2679
f 2670/2666 2682/2678 2671/2667
f 2683/2679 2673/2669 2684/2680
f 2673/2669 2683/2679 2670/2666
f 2684/2680 2672/2668 2685/2681
f 2672/2668 2684/2680 2673/2669
f 2685/2681 2675/2671 2686/2682
f 2675/2671 2685/2681 2672/2668
f 2686/2682 2674/2670 2687/2683
f 2674/2670 2686/2682 2675/2671
f 2687/2683 2677/2673 2688/2684
f 2677/2673 2687/2683 2674/2670
f 2688/2684 2676/2672 2689/2685
f 2676/2672 2688/2684 2677/2673
f 2689/2685 2678/2674 2690/2686
f 2678/2674 2689/2685 2676/2672
f 2690/2686 2680/2676 2691/2687
f 2680/2676 2690/2686 2678/2674
f 2691/2687 2679/2675 2692/2688
f 2679/2675 2691/2687 2680/2676
f 2692/2688 2669/2665 2681/2677
f 2669/2665 2692/2688 2679/2675
f 2681/2677 2671/2667 2682/2678
f 2671/2667 2681/2677 2669/2665
f 2693/2689 2694/2690 2695/2691
f 2696/2692 2697/2693 2698/2694
f 2698/2694 2699/2695 2700/2696
f 2701/2697 2702/2698 2693/2689
f 2693/2689 2695/2691 2696/2692
f 2696/2692 2698/2694 2700/2696
f 2701/2697 2693/2689 2696/2692
f 2696/2692 2700/2696 2703/2699
f 2703/2699 2701/2697 2696/2692
f 2704/2700 2705/2701 2706/2702
f 2707/2703 2708/2704 2709/2705
f 2708/2704 2710/2706 2711/2707
f 2712/2708 2704/2700 2713/2709
f 2704/2700 2707/2703 2705/2701
f 2707/2703 2710/2706 2708/2704
f 2712/2708 2707/2703 2704/2700
f 2707/2703 2714/2710 2710/2706
f 2714/2710 2707/2703 2712/2708
f 2706/2702 2705/2701 2695/2691
f 2695/2691 2694/2690 2706/2702
f 2705/2701 2707/2703 2696/2692
f 2696/2692 2695/2691 2705/2701
f 2707/2703 2709/2705 2697/2693
f 2697/2693 2696/2692 2707/2703
f 2709/2705 2708/2704 2698/2694
f 2698/2694 2697/2693 2709/2705
f 2708/2704 2711/2707 2699/2695
f 2699/2695 2698/2694 2708/2704
f 2711/2707 2710/2706 2700/2696
f 2700/2696 2699/2695 2711/2707
f 2710/2706 2714/2710 2703/2699
f 2703/2699 2700/2696 2710/2706
f 2714/2710 2712/2708 2701/2697
f 2701/2697 2703/2699 2714/2710
f 2712/2708 2713/2709 2702/2698
f 2702/2698 2701/2697 2712/2708
f 2713/2709 2704/2700 2693/2689
f 2693/2689 2702/2698 2713/2709
f 2704/2700 2706/2702 2694/2690
f 2694/2690 2693/2689 2704/2700
f 2715/2711 2716/2712 2717/2713
f 2717/2713 2718/2714 2719/2715
f 2720/2716 2721/2717 2722/2718
f 2715/2711 2717/2713 2719/2715
f 2720/2716 2722/2718 2715/2711
f 2715/2711 2719/2715 2720/2716
f 2723/2719 2724/2720 2725/2721
f 2724/2720 2726/2722 2727/2723
f 2728/2724 2729/2725 2730/2726
f 2723/2719 2726/2722 2724/2720
f 2728/2724 2723/2719 2729/2725
f 2723/2719 2728/2724 2726/2722
f 2725/2721 2724/2720 2717/2713
f 2717/2713 2716/2712 2725/2721
f 2724/2720 2727/2723 2718/2714
f 2718/2714 2717/2713 2724/2720
f 2727/2723 2726/2722 2719/2715
f 2719/2715 2718/2714 2727/2723
f 2726/2722 2728/2724 2720/2716
f 2720/2716 2719/2715 2726/2722
f 2728/2724 2730/2726 2721/2717
f 2721/2717 2720/2716 2728/2724
f 2730/2726 2729/2725 2722/2718
f 2722/2718 2721/2717 2730/2726
f 2729/2725 2723/2719 2715/2711
f 2715/2711 2722/2718 2729/2725
f 2723/2719 2725/2721 2716/2712
f 2716/2712 2715/2711 2723/2719
f 2731/2727 2732/2728 2733/2729
f 2732/2728 2734/2730 2735/2731
f 2736/2732 2737/2733 2738/2734
f 2739/2735 2740/2736 2741/2737
f 2742/2738 2743/2739 2744/2740
f 2745/2741 2746/2742 2747/2743
f 2748/2744 2749/2745 2750/2746
f 2749/2745 2751/2747 2752/2748
f 2751/2747 2753/2749 2754/2750
f 2755/2751 2756/2752 2757/2753
f 2758/2754 2732/2728 2731/2727
f 2736/2732 2759/2755 2737/2733
f 2739/2735 2742/2738 2740/2736
f 2742/2738 2745/2741 2743/2739
f 2745/2741 2760/2756 2746/2742
f 2748/2744 2751/2747 2749/2745
f 2755/2751 2758/2754 2756/2752
f 2758/2754 2734/2730 2732/2728
f 2734/2730 2759/2755 2736/2732
f 2759/2755 2742/2738 2739/2735
f 2742/2738 2760/2756 2745/2741
f 2748/2744 2753/2749 2751/2747
f 2761/2757 2758/2754 2755/2751
f 2734/2730 2742/2738 2759/2755
f 2742/2738 2748/2744 2760/2756
f 2748/2744 2761/2757 2753/2749
f 2761/2757 2734/2730 2758/2754
f 2734/2730 2748/2744 2742/2738
f 2748/2744 2734/2730 2761/2757
f 2762/2758 2763/2759 2764/2760
f 2764/2760 2765/2761 2766/2762
f 2767/2763 2768/2764 2769/2765
f 2770/2766 2771/2767 2772/2768
f 2773/2769 2774/2770 2775/2771
f 2776/2772 2777/2773 2778/2774
f 2779/2775 2780/2776 2781/2777
f 2781/2777 2782/2778 2783/2779
f 2783/2779 2784/2780 2785/2781
f 2786/2782 2787/2783 2788/2784
f 2789/2785 2762/2758 2764/2760
f 2767/2763 2769/2765 2790/2786
f 2770/2766 2772/2768 2773/2769
f 2773/2769 2775/2771 2776/2772
f 2776/2772 2778/2774 2791/2787
f 2779/2775 2781/2777 2783/2779
f 2786/2782 2788/2784 2789/2785
f 2789/2785 2764/2760 2766/2762
f 2766/2762 2767/2763 2790/2786
f 2790/2786 2770/2766 2773/2769
f 2773/2769 2776/2772 2791/2787
f 2779/2775 2783/2779 2785/2781
f 2792/2788 2786/2782 2789/2785
f 2766/2762 2790/2786 2773/2769
f 2773/2769 2791/2787 2779/2775
f 2779/2775 2785/2781 2792/2788
f 2792/2788 2789/2785 2766/2762
f 2766/2762 2773/2769 2779/2775
f 2779/2775 2792/2788 2766/2762
f 2763/2759 2732/2728 2764/2760
f 2732/2728 2763/2759 2733/2729
f 2764/2760 2735/2731 2765/2761
f 2735/2731 2764/2760 2732/2728
f 2765/2761 2734/2730 2766/2762
f 2734/2730 2765/2761 2735/2731
f 2766/2762 2736/2732 2767/2763
f 2736/2732 2766/2762 2734/2730
f 2767/2763 2738/2734 2768/2764
f 2738/2734 2767/2763 2736/2732
f 2768/2764 2737/2733 2769/2765
f 2737/2733 2768/2764 2738/2734
f 2769/2765 2759/2755 2790/2786
f 2759/2755 2769/2765 2737/2733
f 2790/2786 2739/2735 2770/2766
f 2739/2735 2790/2786 2759/2755
f 2770/2766 2741/2737 2771/2767
f 2741/2737 2770/2766 2739/2735
f 2771/2767 2740/2736 2772/2768
f 2740/2736 2771/2767 2741/2737
f 2772/2768 2742/2738 2773/2769
f 2742/2738 2772/2768 2740/2736
f 2773/2769 2744/2740 2774/2770
f 2744/2740 2773/2769 2742/2738
f 2774/2770 2743/2739 2775/2771
f 2743/2739 2774/2770 2744/2740
f 2775/2771 2745/2741 2776/2772
f 2745/2741 2775/2771 2743/2739
f 2776/2772 2747/2743 2777/2773
f 2747/2743 2776/2772 2745/2741
f 2777/2773 2746/2742 2778/2774
f 2746/2742 2777/2773 2747/2743
f 2778/2774 2760/2756 2791/2787
f 2760/2756 2778/2774 2746/2742
f 2791/2787 2748/2744 2779/2775
f 2748/2744 2791/2787 2760/2756
f 2779/2775 2750/2746 2780/2776
f 2750/2746 2779/2775 2748/2744
f 2780/2776 2749/2745 2781/2777
f 2749/2745 2780/2776 2750/2746
f 2781/2777 2752/2748 2782/2778
f 2752/2748 2781/2777 2749/2745
f 2782/2778 2751/2747 2783/2779
f 2751/2747 2782/2778 2752/2748
f 2783/2779 2754/2750 2784/2780
f 2754/2750 2783/2779 2751/2747
f 2784/2780 2753/2749 2785/2781
f 2753/2749 2784/2780 2754/2750
f 2785/2781 2761/2757 2792/2788
f 2761/2757 2785/2781 2753/2749
f 2792/2788 2755/2751 2786/2782
f 2755/2751 2792/2788 2761/2757
f 2786/2782 2757/2753 2787/2783
f 2757/2753 2786/2782 2755/2751
f 2787/2783 2756/2752 2788/2784
f 2756/2752 2787/2783 2757/2753
f 2788/2784 2758/2754 2789/2785
f 2758/2754 2788/2784 2756/2752
f 2789/2785 2731/2727 2762/2758
f 2731/2727 2789/2785 2758/2754
f 2762/2758 2733/2729 2763/2759
f 2733/2729 2762/2758 2731/2727
f 2793/2789 2794/2790 2795/2791
f 2794/2790 2793/2789 2796/2792
f 2797/2793 2798/2794 2799/2795
f 2799/2795 2800/2796 2797/2793
f 2798/2794 2794/2790 2799/2795
f 2794/2790 2798/2794 2795/2791
f 2799/2795 2796/2792 2800/2796
f 2796/2792 2799/2795 2794/2790
f 2800/2796 2793/2789 2797/2793
f 2793/2789 2800/2796 2796/2792
f 2797/2793 2795/2791 2798/2794
f 2795/2791 2797/2793 2793/2789
f 2801/2797 2802/2798 2803/2799
f 2802/2798 2801/2797 2804/2800
f 2805/2801 2806/2802 2807/2803
f 2807/2803 2808/2804 2805/2801
f 2806/2802 2802/2798 2807/2803
f 2802/2798 2806/2802 2803/2799
f 2807/2803 2804/2800 2808/2804
f 2804/2800 2807/2803 2802/2798
f 2808/2804 2801/2797 2805/2801
f 2801/2797 2808/2804 2804/2800
f 2805/2801 2803/2799 2806/2802
f 2803/2799 2805/2801 2801/2797
f 2809/2805 2810/2806 2811/2807
f 2810/2806 2809/2805 2812/2808
f 2813/2809 2814/2810 2815/2811
f 2815/2811 2816/2812 2813/2809
f 2814/2810 2810/2806 2815/2811
f 2810/2806 2814/2810 2811/2807
f 2815/2811 2812/2808 2816/2812
f 2812/2808 2815/2811 2810/2806
f 2816/2812 2809/2805 2813/2809
f 2809/2805 2816/2812 2812/2808
f 2813/2809 2811/2807 2814/2810
f 2811/2807 2813/2809 2809/2805
f 2817/2813 2818/2814 2819/2815
f 2820/2816 2821/2817 2822/2818
f 2823/2819 2824/2820 2825/2821
f 2824/2820 2826/2822 2827/2823
f 2826/2822 2818/2814 2817/2813
f 2820/2816 2823/2819 2821/2817
f 2823/2819 2826/2822 2824/2820
f 2826/2822 2828/2824 2818/2814
f 2828/2824 2823/2819 2820/2816
f 2823/2819 2828/2824 2826/2822
f 2829/2825 2830/2826 2831/2827
f 2832/2828 2833/2829 2834/2830
f 2835/2831 2836/2832 2837/2833
f 2837/2833 2838/2834 2839/2835
f 2839/2835 2829/2825 2831/2827
f 2832/2828 2834/2830 2835/2831
f 2835/2831 2837/2833 2839/2835
f 2839/2835 2831/2827 2840/2836
f 2840/2836 2832/2828 2835/2831
f 2835/2831 2839/2835 2840/2836
f 2830/2826 2818/2814 2831/2827
f 2818/2814 2830/2826 2819/2815
f 2831/2827 2828/2824 2840/2836
f 2828/2824 2831/2827 2818/2814
f 2840/2836 2820/2816 2832/2828
f 2820/2816 2840/2836 2828/2824
f 2832/2828 2822/2818 2833/2829
f 2822/2818 2832/2828 2820/2816
f 2833/2829 2821/2817 2834/2830
f 2821/2817 2833/2829 2822/2818
f 2834/2830 2823/2819 2835/2831
f 2823/2819 2834/2830 2821/2817
f 2835/2831 2825/2821 2836/2832
f 2825/2821 2835/2831 2823/2819
f 2836/2832 2824/2820 2837/2833
f 2824/2820 2836/2832 2825/2821
f 2837/2833 2827/2823 2838/2834
f 2827/2823 2837/2833 2824/2820
f 2838/2834 2826/2822 2839/2835
f 2826/2822 2838/2834 2827/2823
f 2839/2835 2817/2813 2829/2825
f 2817/2813 2839/2835 2826/2822
f 2829/2825 2819/2815 2830/2826
f 2819/2815 2829/2825 2817/2813
f 2841/2837 2842/2838 2843/2839
f 2842/2838 2841/2837 2844/2840
f 2845/2841 2846/2842 2847/2843
f 2847/2843 2848/2844 2845/2841
f 2846/2842 2842/2838 2847/2843
f 2842/2838 2846/2842 2843/2839
f 2847/2843 2844/2840 2848/2844
f 2844/2840 2847/2843 2842/2838
f 2848/2844 2841/2837 2845/2841
f 2841/2837 2848/2844 2844/2840
f 2845/2841 2843/2839 2846/2842
f 2843/2839 2845/2841 2841/2837
f 2849/2845 2850/2846 2851/2847
f 2851/2847 2852/2848 2849/2845
f 2853/2849 2854/2850 2855/2851
f 2854/2850 2853/2849 2856/2852
f 2855/2851 2854/2850 2851/2847
f 2851/2847 2850/2846 2855/2851
f 2854/2850 2856/2852 2852/2848
f 2852/2848 2851/2847 2854/2850
f 2856/2852 2853/2849 2849/2845
f 2849/2845 2852/2848 2856/2852
f 2853/2849 2855/2851 2850/2846
f 2850/2846 2849/2845 2853/2849
f 2857/2853 2858/2854 2859/2855
f 2858/2854 2857/2853 2860/2856
f 2861/2857 2862/2858 2863/2859
f 2863/2859 2864/2860 2861/2857
f 2862/2858 2858/2854 2863/2859
f 2858/2854 2862/2858 2859/2855
f 2863/2859 2860/2856 2864/2860
f 2860/2856 2863/2859 2858/2854
f 2864/2860 2857/2853 2861/2857
f 2857/2853 2864/2860 2860/2856
f 2861/2857 2859/2855 2862/2858
f 2859/2855 2861/2857 2857/2853
f 2865/2861 2866/2862 2867/2863
f 2866/2862 2865/2861 2868/2864
f 2869/2865 2870/2866 2871/2867
f 2871/2867 2872/2868 2869/2865
f 2870/2866 2866/2862 2871/2867
f 2866/2862 2870/2866 2867/2863
f 2871/2867 2868/2864 2872/2868
f 2868/2864 2871/2867 2866/2862
f 2872/2868 2865/2861 2869/2865
f 2865/2861 2872/2868 2868/2864
f 2869/2865 2867/2863 2870/2866
f 2867/2863 2869/2865 2865/2861
f 2873/2869 2874/2870 2875/2871
f 2874/2870 2876/2872 2877/2873
f 2878/2874 2879/2875 2880/2876
f 2879/2875 2881/2877 2882/2878
f 2881/2877 2874/2870 2873/2869
f 2874/2870 2878/2874 2876/2872
f 2878/2874 2881/2877 2879/2875
f 2881/2877 2878/2874 2874/2870
f 2883/2879 2884/2880 2885/2881
f 2885/2881 2886/2882 2887/2883
f 2888/2884 2889/2885 2890/2886
f 2890/2886 2891/2887 2892/2888
f 2892/2888 2883/2879 2885/2881
f 2885/2881 2887/2883 2888/2884
f 2888/2884 2890/2886 2892/2888
f 2892/2888 2885/2881 2888/2884
f 2884/2880 2874/2870 2885/2881
f 2874/2870 2884/2880 2875/2871
f 2885/2881 2877/2873 2886/2882
f 2877/2873 2885/2881 2874/2870
f 2886/2882 2876/2872 2887/2883
f 2876/2872 2886/2882 2877/2873
f 2887/2883 2878/2874 2888/2884
f 2878/2874 2887/2883 2876/2872
f 2888/2884 2880/2876 2889/2885
f 2880/2876 2888/2884 2878/2874
f 2889/2885 2879/2875 2890/2886
f 2879/2875 2889/2885 2880/2876
f 2890/2886 2882/2878 2891/2887
f 2882/2878 2890/2886 2879/2875
f 2891/2887 2881/2877 2892/2888
f 2881/2877 2891/2887 2882/2878
f 2892/2888 2873/2869 2883/2879
f 2873/2869 2892/2888 2881/2877
f 2883/2879 2875/2871 2884/2880
f 2875/2871 2883/2879 2873/2869
f 2893/2889 2894/2890 2895/2891
f 2894/2890 2893/2889 2896/2892
f 2897/2893 2898/2894 2899/2895
f 2899/2895 2900/2896 2897/2893
f 2898/2894 2894/2890 2899/2895
f 2894/2890 2898/2894 2895/2891
f 2899/2895 2896/2892 2900/2896
f 2896/2892 2899/2895 2894/2890
f 2900/2896 2893/2889 2897/2893
f 2893/2889 2900/2896 2896/2892
f 2897/2893 2895/2891 2898/2894
f 2895/2891 2897/2893 2893/2889
f 2901/2897 2902/2898 2903/2899
f 2903/2899 2904/2900 2901/2897
f 2905/2901 2906/2902 2907/2903
f 2906/2902 2905/2901 2908/2904
f 2907/2903 2906/2902 2903/2899
f 2903/2899 2902/2898 2907/2903
f 2906/2902 2908/2904 2904/2900
f 2904/2900 2903/2899 2906/2902
f 2908/2904 2905/2901 2901/2897
f 2901/2897 2904/2900 2908/2904
f 2905/2901 2907/2903 2902/2898
f 2902/2898 2901/2897 2905/2901
f 2909/2905 2910/2906 2911/2907
f 2912/2908 2913/2909 2914/2910
f 2915/2911 2916/2912 2917/2913
f 2918/2914 2919/2915 2920/2916
f 2919/2915 2921/2917 2922/2918
f 2921/2917 2923/2919 2924/2920
f 2923/2919 2910/2906 2909/2905
f 2912/2908 2915/2911 2913/2909
f 2915/2911 2918/2914 2916/2912
f 2919/2915 2923/2919 2921/2917
f 2923/2919 2912/2908 2910/2906
f 2912/2908 2918/2914 2915/2911
f 2919/2915 2912/2908 2923/2919
f 2912/2908 2919/2915 2918/2914
f 2925/2921 2926/2922 2927/2923
f 2928/2924 2929/2925 2930/2926
f 2931/2927 2932/2928 2933/2929
f 2934/2930 2935/2931 2936/2932
f 2936/2932 2937/2933 2938/2934
f 2938/2934 2939/2935 2940/2936
f 2940/2936 2925/2921 2927/2923
f 2928/2924 2930/2926 2931/2927
f 2931/2927 2933/2929 2934/2930
f 2936/2932 2938/2934 2940/2936
f 2940/2936 2927/2923 2928/2924
f 2928/2924 2931/2927 2934/2930
f 2936/2932 2940/2936 2928/2924
f 2928/2924 2934/2930 2936/2932
f 2926/2922 2910/2906 2927/2923
f 2910/2906 2926/2922 2911/2907
f 2927/2923 2912/2908 2928/2924
f 2912/2908 2927/2923 2910/2906
f 2928/2924 2914/2910 2929/2925
f 2914/2910 2928/2924 2912/2908
f 2929/2925 2913/2909 2930/2926
f 2913/2909 2929/2925 2914/2910
f 2930/2926 2915/2911 2931/2927
f 2915/2911 2930/2926 2913/2909
f 2931/2927 2917/2913 2932/2928
f 2917/2913 2931/2927 2915/2911
f 2932/2928 2916/2912 2933/2929
f 2916/2912 2932/2928 2917/2913
f 2933/2929 2918/2914 2934/2930
f 2918/2914 2933/2929 2916/2912
f 2934/2930 2920/2916 2935/2931
f 2920/2916 2934/2930 2918/2914
f 2935/2931 2919/2915 2936/2932
f 2919/2915 2935/2931 2920/2916
f 2936/2932 2922/2918 2937/2933
f 2922/2918 2936/2932 2919/2915
f 2937/2933 2921/2917 2938/2934
f 2921/2917 2937/2933 2922/2918
f 2938/2934 2924/2920 2939/2935
f 2924/2920 2938/2934 2921/2917
f 2939/2935 2923/2919 2940/2936
f 2923/2919 2939/2935 2924/2920
f 2940/2936 2909/2905 2925/2921
f 2909/2905 2940/2936 2923/2919
f 2925/2921 2911/2907 2926/2922
f 2911/2907 2925/2921 2909/2905
f 2941/2937 2942/2938 2943/2939
f 2943/2939 2944/2940 2945/2941
f 2945/2941 2946/2942 2947/2943
f 2948/2944 2949/2945 2950/2946
f 2951/2947 2952/2948 2953/2949
f 2954/2950 2955/2951 2941/2937
f 2943/2939 2945/2941 2947/2943
f 2948/2944 2950/2946 2951/2947
f 2951/2947 2953/2949 2956/2952
f 2954/2950 2941/2937 2943/2939
f 2943/2939 2947/2943 2948/2944
f 2948/2944 2951/2947 2956/2952
f 2956/2952 2954/2950 2943/2939
f 2943/2939 2948/2944 2956/2952
f 2957/2953 2958/2954 2959/2955
f 2958/2954 2960/2956 2961/2957
f 2960/2956 2962/2958 2963/2959
f 2964/2960 2965/2961 2966/2962
f 2967/2963 2968/2964 2969/2965
f 2970/2966 2957/2953 2971/2967
f 2958/2954 2962/2958 2960/2956
f 2964/2960 2967/2963 2965/2961
f 2967/2963 2972/2968 2968/2964
f 2970/2966 2958/2954 2957/2953
f 2958/2954 2964/2960 2962/2958
f 2964/2960 2972/2968 2967/2963
f 2972/2968 2958/2954 2970/2966
f 2958/2954 2972/2968 2964/2960
f 2959/2955 2958/2954 2943/2939
f 2943/2939 2942/2938 2959/2955
f 2958/2954 2961/2957 2944/2940
f 2944/2940 2943/2939 2958/2954
f 2961/2957 2960/2956 2945/2941
f 2945/2941 2944/2940 2961/2957
f 2960/2956 2963/2959 2946/2942
f 2946/2942 2945/2941 2960/2956
f 2963/2959 2962/2958 2947/2943
f 2947/2943 2946/2942 2963/2959
f 2962/2958 2964/2960 2948/2944
f 2948/2944 2947/2943 2962/2958
f 2964/2960 2966/2962 2949/2945
f 2949/2945 2948/2944 2964/2960
f 2966/2962 2965/2961 2950/2946
f 2950/2946 2949/2945 2966/2962
f 2965/2961 2967/2963 2951/2947
f 2951/2947 2950/2946 2965/2961
f 2967/2963 2969/2965 2952/2948
f 2952/2948 2951/2947 2967/2963
f 2969/2965 2968/2964 2953/2949
f 2953/2949 2952/2948 2969/2965
f 2968/2964 2972/2968 2956/2952
f 2956/2952 2953/2949 2968/2964
f 2972/2968 2970/2966 2954/2950
f 2954/2950 2956/2952 2972/2968
f 2970/2966 2971/2967 2955/2951
f 2955/2951 2954/2950 2970/2966
f 2971/2967 2957/2953 2941/2937
f 2941/2937 2955/2951 2971/2967
f 2957/2953 2959/2955 2942/2938
f 2942/2938 2941/2937 2957/2953
f 2973/2969 2974/2970 2975/2971
f 2974/2970 2976/2972 2977/2973
f 2978/2974 2979/2975 2980/2976
f 2979/2975 2981/2977 2982/2978
f 2981/2977 2983/2979 2984/2980
f 2983/2979 2974/2970 2973/2969
f 2974/2970 2978/2974 2976/2972
f 2978/2974 2981/2977 2979/2975
f 2981/2977 2974/2970 2983/2979
f 2974/2970 2981/2977 2978/2974
f 2985/2981 2986/2982 2987/2983
f 2987/2983 2988/2984 2989/2985
f 2990/2986 2991/2987 2992/2988
f 2992/2988 2993/2989 2994/2990
f 2994/2990 2995/2991 2996/2992
f 2996/2992 2985/2981 2987/2983
f 2987/2983 2989/2985 2990/2986
f 2990/2986 2992/2988 2994/2990
f 2994/2990 2996/2992 2987/2983
f 2987/2983 2990/2986 2994/2990
f 2986/2982 2974/2970 2987/2983
f 2974/2970 2986/2982 2975/2971
f 2987/2983 2977/2973 2988/2984
f 2977/2973 2987/2983 2974/2970
f 2988/2984 2976/2972 2989/2985
f 2976/2972 2988/2984 2977/2973
f 2989/2985 2978/2974 2990/2986
f 2978/2974 2989/2985 2976/2972
f 2990/2986 2980/2976 2991/2987
f 2980/2976 2990/2986 2978/2974
f 2991/2987 2979/2975 2992/2988
f 2979/2975 2991/2987 2980/2976
f 2992/2988 2982/2978 2993/2989
f 2982/2978 2992/2988 2979/2975
f 2993/2989 2981/2977 2994/2990
f 2981/2977 2993/2989 2982/2978
f 2994/2990 2984/2980 2995/2991
f 2984/2980 2994/2990 2981/2977
f 2995/2991 2983/2979 2996/2992
f 2983/2979 2995/2991 2984/2980
f 2996/2992 2973/2969 2985/2981
f 2973/2969 2996/2992 2983/2979
f 2985/2981 2975/2971 2986/2982
f 2975/2971 2985/2981 2973/2969
f 2997/2993 2998/2994 2999/2995
f 2999/2995 3000/2996 3001/2997
f 3002/2998 3003/2999 3004/3000
f 3004/3000 3005/3001 3006/3002
f 3007/3003 3008/3004 3009/3005
f 3009/3005 3010/3006 3011/3007
f 2999/2995 3001/2997 3012/3008
f 3002/2998 3004/3000 3006/3002
f 3007/3003 3009/3005 3011/3007
f 2997/2993 2999/2995 3012/3008
f 3002/2998 3006/3002 3007/3003
f 3007/3003 3011/3007 2997/2993
f 2997/2993 3012/3008 3002/2998
f 3002/2998 3007/3003 2997/2993
f 3013/3009 3014/3010 3015/3011
f 3014/3010 3016/3012 3017/3013
f 3018/3014 3019/3015 3020/3016
f 3019/3015 3021/3017 3022/3018
f 3023/3019 3024/3020 3025/3021
f 3024/3020 3026/3022 3027/3023
f 3014/3010 3028/3024 3016/3012
f 3018/3014 3021/3017 3019/3015
f 3023/3019 3026/3022 3024/3020
f 3013/3009 3028/3024 3014/3010
f 3018/3014 3023/3019 3021/3017
f 3023/3019 3013/3009 3026/3022
f 3013/3009 3018/3014 3028/3024
f 3018/3014 3013/3009 3023/3019
f 3015/3011 3014/3010 2999/2995
f 2999/2995 2998/2994 3015/3011
f 3014/3010 3017/3013 3000/2996
f 3000/2996 2999/2995 3014/3010
f 3017/3013 3016/3012 3001/2997
f 3001/2997 3000/2996 3017/3013
f 3016/3012 3028/3024 3012/3008
f 3012/3008 3001/2997 3016/3012
f 3028/3024 3018/3014 3002/2998
f 3002/2998 3012/3008 3028/3024
f 3018/3014 3020/3016 3003/2999
f 3003/2999 3002/2998 3018/3014
f 3020/3016 3019/3015 3004/3000
f 3004/3000 3003/2999 3020/3016
f 3019/3015 3022/3018 3005/3001
f 3005/3001 3004/3000 3019/3015
f 3022/3018 3021/3017 3006/3002
f 3006/3002 3005/3001 3022/3018
f 3021/3017 3023/3019 3007/3003
f 3007/3003 3006/3002 3021/3017
f 3023/3019 3025/3021 3008/3004
f 3008/3004 3007/3003 3023/3019
f 3025/3021 3024/3020 3009/3005
f 3009/3005 3008/3004 3025/3021
f 3024/3020 3027/3023 3010/3006
f 3010/3006 3009/3005 3024/3020
f 3027/3023 3026/3022 3011/3007
f 3011/3007 3010/3006 3027/3023
f 3026/3022 3013/3009 2997/2993
f 2997/2993 3011/3007 3026/3022
f 3013/3009 3015/3011 2998/2994
f 2998/2994 2997/2993 3013/3009
f 3029/3025 3030/3026 3031/3027
f 3031/3027 3032/3028 3033/3029
f 3034/3030 3029/3025 3031/3027
f 3031/3027 3033/3029 3034/3030
f 3035/3031 3036/3032 3037/3033
f 3036/3032 3038/3034 3039/3035
f 3040/3036 3036/3032 3035/3031
f 3036/3032 3040/3036 3038/3034
f 3037/3033 3036/3032 3031/3027
f 3031/3027 3030/3026 3037/3033
f 3036/3032 3039/3035 3032/3028
f 3032/3028 3031/3027 3036/3032
f 3039/3035 3038/3034 3033/3029
f 3033/3029 3032/3028 3039/3035
f 3038/3034 3040/3036 3034/3030
f 3034/3030 3033/3029 3038/3034
f 3040/3036 3035/3031 3029/3025
f 3029/3025 3034/3030 3040/3036
f 3035/3031 3037/3033 3030/3026
f 3030/3026 3029/3025 3035/3031
f 3041/3037 3042/3038 3043/3039
f 3044/3040 3045/3041 3046/3042
f 3045/3041 3047/3043 3048/3044
f 3047/3043 3049/3045 3050/3046
f 3049/3045 3042/3038 3041/3037
f 3044/3040 3047/3043 3045/3041
f 3049/3045 3051/3047 3042/3038
f 3051/3047 3047/3043 3044/3040
f 3047/3043 3051/3047 3049/3045
f 3052/3048 3053/3049 3054/3050
f 3055/3051 3056/3052 3057/3053
f 3057/3053 3058/3054 3059/3055
f 3059/3055 3060/3056 3061/3057
f 3061/3057 3052/3048 3054/3050
f 3055/3051 3057/3053 3059/3055
f 3061/3057 3054/3050 3062/3058
f 3062/3058 3055/3051 3059/3055
f 3059/3055 3061/3057 3062/3058
f 3053/3049 3042/3038 3054/3050
f 3042/3038 3053/3049 3043/3039
f 3054/3050 3051/3047 3062/3058
f 3051/3047 3054/3050 3042/3038
f 3062/3058 3044/3040 3055/3051
f 3044/3040 3062/3058 3051/3047
f 3055/3051 3046/3042 3056/3052
f 3046/3042 3055/3051 3044/3040
f 3056/3052 3045/3041 3057/3053
f 3045/3041 3056/3052 3046/3042
f 3057/3053 3048/3044 3058/3054
f 3048/3044 3057/3053 3045/3041
f 3058/3054 3047/3043 3059/3055
f 3047/3043 3058/3054 3048/3044
f 3059/3055 3050/3046 3060/3056
f 3050/3046 3059/3055 3047/3043
f 3060/3056 3049/3045 3061/3057
f 3049/3045 3060/3056 3050/3046
f 3061/3057 3041/3037 3052/3048
f 3041/3037 3061/3057 3049/3045
f 3052/3048 3043/3039 3053/3049
f 3043/3039 3052/3048 3041/3037
f 3063/3059 3064/3060 3065/3061
f 3065/3061 3066/3062 3067/3063
f 3067/3063 3068/3064 3069/3065
f 3069/3065 3070/3066 3071/3067
f 3072/3068 3073/3069 3074/3070
f 3074/3070 3063/3059 3065/3061
f 3065/3061 3067/3063 3069/3065
f 3069/3065 3071/3067 3072/3068
f 3072/3068 3074/3070 3065/3061
f 3065/3061 3069/3065 3072/3068
f 3075/3071 3076/3072 3077/3073
f 3076/3072 3078/3074 3079/3075
f 3078/3074 3080/3076 3081/3077
f 3080/3076 3082/3078 3083/3079
f 3084/3080 3085/3081 3086/3082
f 3085/3081 3076/3072 3075/3071
f 3076/3072 3080/3076 3078/3074
f 3080/3076 3084/3080 3082/3078
f 3084/3080 3076/3072 3085/3081
f 3076/3072 3084/3080 3080/3076
f 3077/3073 3076/3072 3065/3061
f 3065/3061 3064/3060 3077/3073
f 3076/3072 3079/3075 3066/3062
f 3066/3062 3065/3061 3076/3072
f 3079/3075 3078/3074 3067/3063
f 3067/3063 3066/3062 3079/3075
f 3078/3074 3081/3077 3068/3064
f 3068/3064 3067/3063 3078/3074
f 3081/3077 3080/3076 3069/3065
f 3069/3065 3068/3064 3081/3077
f 3080/3076 3083/3079 3070/3066
f 3070/3066 3069/3065 3080/3076
f 3083/3079 3082/3078 3071/3067
f 3071/3067 3070/3066 3083/3079
f 3082/3078 3084/3080 3072/3068
f 3072/3068 3071/3067 3082/3078
f 3084/3080 3086/3082 3073/3069
f 3073/3069 3072/3068 3084/3080
f 3086/3082 3085/3081 3074/3070
f 3074/3070 3073/3069 3086/3082
f 3085/3081 3075/3071 3063/3059
f 3063/3059 3074/3070 3085/3081
f 3075/3071 3077/3073 3064/3060
f 3064/3060 3063/3059 3075/3071
f 3087/3083 3088/3084 3089/3085
f 3089/3085 3090/3086 3091/3087
f 3092/3088 3093/3089 3094/3090
f 3095/3091 3096/3092 3097/3093
f 3097/3093 3098/3094 3099/3095
f 3099/3095 3100/3096 3101/3097
f 3101/3097 3102/3098 3103/3099
f 3087/3083 3089/3085 3091/3087
f 3092/3088 3094/3090 3104/3100
f 3095/3091 3097/3093 3099/3095
f 3099/3095 3101/3097 3103/3099
f 3087/3083 3091/3087 3092/3088
f 3092/3088 3104/3100 3095/3091
f 3095/3091 3099/3095 3103/3099
f 3103/3099 3087/3083 3092/3088
f 3092/3088 3095/3091 3103/3099
f 3105/3101 3106/3102 3107/3103
f 3106/3102 3108/3104 3109/3105
f 3110/3106 3111/3107 3112/3108
f 3113/3109 3114/3110 3115/3111
f 3114/3110 3116/3112 3117/3113
f 3116/3112 3118/3114 3119/3115
f 3118/3114 3120/3116 3121/3117
f 3105/3101 3108/3104 3106/3102
f 3110/3106 3122/3118 3111/3107
f 3113/3109 3116/3112 3114/3110
f 3116/3112 3120/3116 3118/3114
f 3105/3101 3110/3106 3108/3104
f 3110/3106 3113/3109 3122/3118
f 3113/3109 3120/3116 3116/3112
f 3120/3116 3110/3106 3105/3101
f 3110/3106 3120/3116 3113/3109
f 3107/3103 3106/3102 3089/3085
f 3089/3085 3088/3084 3107/3103
f 3106/3102 3109/3105 3090/3086
f 3090/3086 3089/3085 3106/3102
f 3109/3105 3108/3104 3091/3087
f 3091/3087 3090/3086 3109/3105
f 3108/3104 3110/3106 3092/3088
f 3092/3088 3091/3087 3108/3104
f 3110/3106 3112/3108 3093/3089
f 3093/3089 3092/3088 3110/3106
f 3112/3108 3111/3107 3094/3090
f 3094/3090 3093/3089 3112/3108
f 3111/3107 3122/3118 3104/3100
f 3104/3100 3094/3090 3111/3107
f 3122/3118 3113/3109 3095/3091
f 3095/3091 3104/3100 3122/3118
f 3113/3109 3115/3111 3096/3092
f 3096/3092 3095/3091 3113/3109
f 3115/3111 3114/3110 3097/3093
f 3097/3093 3096/3092 3115/3111
f 3114/3110 3117/3113 3098/3094
f 3098/3094 3097/3093 3114/3110
f 3117/3113 3116/3112 3099/3095
f 3099/3095 3098/3094 3117/3113
f 3116/3112 3119/3115 3100/3096
f 3100/3096 3099/3095 3116/3112
f 3119/3115 3118/3114 3101/3097
f 3101/3097 3100/3096 3119/3115
f 3118/3114 3121/3117 3102/3098
f 3102/3098 3101/3097 3118/3114
f 3121/3117 3120/3116 3103/3099
f 3103/3099 3102/3098 3121/3117
f 3120/3116 3105/3101 3087/3083
f 3087/3083 3103/3099 3120/3116
f 3105/3101 3107/3103 3088/3084
f 3088/3084 3087/3083 3105/3101
f 3123/3119 3124/3120 3125/3121
f 3126/3122 3127/3123 3128/3124
f 3129/3125 3130/3126 3131/3127
f 3130/3126 3132/3128 3133/3129
f 3134/3130 3123/3119 3135/3131
f 3123/3119 3126/3122 3124/3120
f 3126/3122 3129/3125 3127/3123
f 3129/3125 3132/3128 3130/3126
f 3134/3130 3126/3122 3123/3119
f 3126/3122 3132/3128 3129/3125
f 3132/3128 3126/3122 3134/3130
f 3136/3132 3137/3133 3138/3134
f 3139/3135 3140/3136 3141/3137
f 3142/3138 3143/3139 3144/3140
f 3144/3140 3145/3141 3146/3142
f 3147/3143 3148/3144 3136/3132
f 3136/3132 3138/3134 3139/3135
f 3139/3135 3141/3137 3142/3138
f 3142/3138 3144/3140 3146/3142
f 3147/3143 3136/3132 3139/3135
f 3139/3135 3142/3138 3146/3142
f 3146/3142 3147/3143 3139/3135
f 3137/3133 3124/3120 3138/3134
f 3124/3120 3137/3133 3125/3121
f 3138/3134 3126/3122 3139/3135
f 3126/3122 3138/3134 3124/3120
f 3139/3135 3128/3124 3140/3136
f 3128/3124 3139/3135 3126/3122
f 3140/3136 3127/3123 3141/3137
f 3127/3123 3140/3136 3128/3124
f 3141/3137 3129/3125 3142/3138
f 3129/3125 3141/3137 3127/3123
f 3142/3138 3131/3127 3143/3139
f 3131/3127 3142/3138 3129/3125
f 3143/3139 3130/3126 3144/3140
f 3130/3126 3143/3139 3131/3127
f 3144/3140 3133/3129 3145/3141
f 3133/3129 3144/3140 3130/3126
f 3145/3141 3132/3128 3146/3142
f 3132/3128 3145/3141 3133/3129
f 3146/3142 3134/3130 3147/3143
f 3134/3130 3146/3142 3132/3128
f 3147/3143 3135/3131 3148/3144
f 3135/3131 3147/3143 3134/3130
f 3148/3144 3123/3119 3136/3132
f 3123/3119 3148/3144 3135/3131
f 3136/3132 3125/3121 3137/3133
f 3125/3121 3136/3132 3123/3119
f 3149/3145 3150/3146 3151/3147
f 3152/3148 3153/3149 3154/3150
f 3153/3149 3155/3151 3156/3152
f 3157/3153 3158/3154 3159/3155
f 3158/3154 3160/3156 3161/3157
f 3162/3158 3163/3159 3164/3160
f 3163/3159 3150/3146 3149/3145
f 3152/3148 3155/3151 3153/3149
f 3155/3151 3158/3154 3157/3153
f 3158/3154 3162/3158 3160/3156
f 3163/3159 3152/3148 3150/3146
f 3152/3148 3158/3154 3155/3151
f 3158/3154 3163/3159 3162/3158
f 3163/3159 3158/3154 3152/3148
f 3165/3161 3166/3162 3167/3163
f 3168/3164 3169/3165 3170/3166
f 3170/3166 3171/3167 3172/3168
f 3173/3169 3174/3170 3175/3171
f 3175/3171 3176/3172 3177/3173
f 3178/3174 3179/3175 3180/3176
f 3180/3176 3165/3161 3167/3163
f 3168/3164 3170/3166 3172/3168
f 3172/3168 3173/3169 3175/3171
f 3175/3171 3177/3173 3178/3174
f 3180/3176 3167/3163 3168/3164
f 3168/3164 3172/3168 3175/3171
f 3175/3171 3178/3174 3180/3176
f 3180/3176 3168/3164 3175/3171
f 3166/3162 3150/3146 3167/3163
f 3150/3146 3166/3162 3151/3147
f 3167/3163 3152/3148 3168/3164
f 3152/3148 3167/3163 3150/3146
f 3168/3164 3154/3150 3169/3165
f 3154/3150 3168/3164 3152/3148
f 3169/3165 3153/3149 3170/3166
f 3153/3149 3169/3165 3154/3150
f 3170/3166 3156/3152 3171/3167
f 3156/3152 3170/3166 3153/3149
f 3171/3167 3155/3151 3172/3168
f 3155/3151 3171/3167 3156/3152
f 3172/3168 3157/3153 3173/3169
f 3157/3153 3172/3168 3155/3151
f 3173/3169 3159/3155 3174/3170
f 3159/3155 3173/3169 3157/3153
f 3174/3170 3158/3154 3175/3171
f 3158/3154 3174/3170 3159/3155
f 3175/3171 3161/3157 3176/3172
f 3161/3157 3175/3171 3158/3154
f 3176/3172 3160/3156 3177/3173
f 3160/3156 3176/3172 3161/3157
f 3177/3173 3162/3158 3178/3174
f 3162/3158 3177/3173 3160/3156
f 3178/3174 3164/3160 3179/3175
f 3164/3160 3178/3174 3162/3158
f 3179/3175 3163/3159 3180/3176
f 3163/3159 3179/3175 3164/3160
f 3180/3176 3149/3145 3165/3161
f 3149/3145 3180/3176 3163/3159
f 3165/3161 3151/3147 3166/3162
f 3151/3147 3165/3161 3149/3145
f 3181/3177 3182/3178 3183/3179
f 3184/3180 3185/3181 3186/3182
f 3186/3182 3187/3183 3188/3184
f 3188/3184 3189/3185 3181/3177
f 3181/3177 3183/3179 3184/3180
f 3184/3180 3186/3182 3188/3184
f 3188/3184 3181/3177 3184/3180
f 3190/3186 3191/3187 3192/3188
f 3193/3189 3194/3190 3195/3191
f 3194/3190 3196/3192 3197/3193
f 3196/3192 3190/3186 3198/3194
f 3190/3186 3193/3189 3191/3187
f 3193/3189 3196/3192 3194/3190
f 3196/3192 3193/3189 3190/3186
f 3192/3188 3191/3187 3183/3179
f 3183/3179 3182/3178 3192/3188
f 3191/3187 3193/3189 3184/3180
f 3184/3180 3183/3179 3191/3187
f 3193/3189 3195/3191 3185/3181
f 3185/3181 3184/3180 3193/3189
f 3195/3191 3194/3190 3186/3182
f 3186/3182 3185/3181 3195/3191
f 3194/3190 3197/3193 3187/3183
f 3187/3183 3186/3182 3194/3190
f 3197/3193 3196/3192 3188/3184
f 3188/3184 3187/3183 3197/3193
f 3196/3192 3198/3194 3189/3185
f 3189/3185 3188/3184 3196/3192
f 3198/3194 3190/3186 3181/3177
f 3181/3177 3189/3185 3198/3194
f 3190/3186 3192/3188 3182/3178
f 3182/3178 3181/3177 3190/3186
f 3199/3195 3200/3196 3201/3197
f 3201/3197 3202/3198 3203/3199
f 3204/3200 3205/3201 3206/3202
f 3207/3203 3199/3195 3201/3197
f 3201/3197 3203/3199 3208/3204
f 3204/3200 3206/3202 3207/3203
f 3207/3203 3201/3197 3208/3204
f 3208/3204 3204/3200 3207/3203
f 3209/3205 3210/3206 3211/3207
f 3210/3206 3212/3208 3213/3209
f 3214/3210 3215/3211 3216/3212
f 3217/3213 3210/3206 3209/3205
f 3210/3206 3218/3214 3212/3208
f 3214/3210 3217/3213 3215/3211
f 3217/3213 3218/3214 3210/3206
f 3218/3214 3217/3213 3214/3210
f 3211/3207 3210/3206 3201/3197
f 3201/3197 3200/3196 3211/3207
f 3210/3206 3213/3209 3202/3198
f 3202/3198 3201/3197 3210/3206
f 3213/3209 3212/3208 3203/3199
f 3203/3199 3202/3198 3213/3209
f 3212/3208 3218/3214 3208/3204
f 3208/3204 3203/3199 3212/3208
f 3218/3214 3214/3210 3204/3200
f 3204/3200 3208/3204 3218/3214
f 3214/3210 3216/3212 3205/3201
f 3205/3201 3204/3200 3214/3210
f 3216/3212 3215/3211 3206/3202
f 3206/3202 3205/3201 3216/3212
f 3215/3211 3217/3213 3207/3203
f 3207/3203 3206/3202 3215/3211
f 3217/3213 3209/3205 3199/3195
f 3199/3195 3207/3203 3217/3213
f 3209/3205 3211/3207 3200/3196
f 3200/3196 3199/3195 3209/3205
f 3219/3215 3220/3216 3221/3217
f 3222/3218 3223/3219 3224/3220
f 3225/3221 3226/3222 3227/3223
f 3227/3223 3228/3224 3229/3225
f 3229/3225 3230/3226 3219/3215
f 3219/3215 3221/3217 3222/3218
f 3222/3218 3224/3220 3225/3221
f 3225/3221 3227/3223 3229/3225
f 3229/3225 3219/3215 3222/3218
f 3222/3218 3225/3221 3229/3225
f 3231/3227 3232/3228 3233/3229
f 3234/3230 3235/3231 3236/3232
f 3237/3233 3238/3234 3239/3235
f 3238/3234 3240/3236 3241/3237
f 3240/3236 3231/3227 3242/3238
f 3231/3227 3234/3230 3232/3228
f 3234/3230 3237/3233 3235/3231
f 3237/3233 3240/3236 3238/3234
f 3240/3236 3234/3230 3231/3227
f 3234/3230 3240/3236 3237/3233
f 3233/3229 3232/3228 3221/3217
f 3221/3217 3220/3216 3233/3229
f 3232/3228 3234/3230 3222/3218
f 3222/3218 3221/3217 3232/3228
f 3234/3230 3236/3232 3223/3219
f 3223/3219 3222/3218 3234/3230
f 3236/3232 3235/3231 3224/3220
f 3224/3220 3223/3219 3236/3232
f 3235/3231 3237/3233 3225/3221
f 3225/3221 3224/3220 3235/3231
f 3237/3233 3239/3235 3226/3222
f 3226/3222 3225/3221 3237/3233
f 3239/3235 3238/3234 3227/3223
f 3227/3223 3226/3222 3239/3235
f 3238/3234 3241/3237 3228/3224
f 3228/3224 3227/3223 3238/3234
f 3241/3237 3240/3236 3229/3225
f 3229/3225 3228/3224 3241/3237
f 3240/3236 3242/3238 3230/3226
f 3230/3226 3229/3225 3240/3236
f 3242/3238 3231/3227 3219/3215
f 3219/3215 3230/3226 3242/3238
f 3231/3227 3233/3229 3220/3216
f 3220/3216 3219/3215 3231/3227
f 3243/3239 3244/3240 3245/3241
f 3244/3240 3246/3242 3247/3243
f 3248/3244 3249/3245 3250/3246
f 3249/3245 3251/3247 3252/3248
f 3253/3249 3254/3250 3255/3251
f 3256/3252 3244/3240 3243/3239
f 3244/3240 3248/3244 3246/3242
f 3248/3244 3251/3247 3249/3245
f 3253/3249 3256/3252 3254/3250
f 3256/3252 3248/3244 3244/3240
f 3248/3244 3253/3249 3251/3247
f 3253/3249 3248/3244 3256/3252
f 3257/3253 3258/3254 3259/3255
f 3259/3255 3260/3256 3261/3257
f 3262/3258 3263/3259 3264/3260
f 3264/3260 3265/3261 3266/3262
f 3267/3263 3268/3264 3269/3265
f 3270/3266 3257/3253 3259/3255
f 3259/3255 3261/3257 3262/3258
f 3262/3258 3264/3260 3266/3262
f 3267/3263 3269/3265 3270/3266
f 3270/3266 3259/3255 3262/3258
f 3262/3258 3266/3262 3267/3263
f 3267/3263 3270/3266 3262/3258
f 3258/3254 3244/3240 3259/3255
f 3244/3240 3258/3254 3245/3241
f 3259/3255 3247/3243 3260/3256
f 3247/3243 3259/3255 3244/3240
f 3260/3256 3246/3242 3261/3257
f 3246/3242 3260/3256 3247/3243
f 3261/3257 3248/3244 3262/3258
f 3248/3244 3261/3257 3246/3242
f 3262/3258 3250/3246 3263/3259
f 3250/3246 3262/3258 3248/3244
f 3263/3259 3249/3245 3264/3260
f 3249/3245 3263/3259 3250/3246
f 3264/3260 3252/3248 3265/3261
f 3252/3248 3264/3260 3249/3245
f 3265/3261 3251/3247 3266/3262
f 3251/3247 3265/3261 3252/3248
f 3266/3262 3253/3249 3267/3263
f 3253/3249 3266/3262 3251/3247
f 3267/3263 3255/3251 3268/3264
f 3255/3251 3267/3263 3253/3249
f 3268/3264 3254/3250 3269/3265
f 3254/3250 3268/3264 3255/3251
f 3269/3265 3256/3252 3270/3266
f 3256/3252 3269/3265 3254/3250
f 3270/3266 3243/3239 3257/3253
f 3243/3239 3270/3266 3256/3252
f 3257/3253 3245/3241 3258/3254
f 3245/3241 3257/3253 3243/3239
f 3271/3267 3272/3268 3273/3269
f 3272/3268 3274/3270 3275/3271
f 3276/3272 3277/3273 3278/3274
f 3277/3273 3272/3268 3271/3267
f 3272/3268 3276/3272 3274/3270
f 3276/3272 3272/3268 3277/3273
f 3279/3275 3280/3276 3281/3277
f 3281/3277 3282/3278 3283/3279
f 3284/3280 3285/3281 3286/3282
f 3286/3282 3279/3275 3281/3277
f 3281/3277 3283/3279 3284/3280
f 3284/3280 3286/3282 3281/3277
f 3280/3276 3272/3268 3281/3277
f 3272/3268 3280/3276 3273/3269
f 3281/3277 3275/3271 3282/3278
f 3275/3271 3281/3277 3272/3268
f 3282/3278 3274/3270 3283/3279
f 3274/3270 3282/3278 3275/3271
f 3283/3279 3276/3272 3284/3280
f 3276/3272 3283/3279 3274/3270
f 3284/3280 3278/3274 3285/3281
f 3278/3274 3284/3280 3276/3272
f 3285/3281 3277/3273 3286/3282
f 3277/3273 3285/3281 3278/3274
f 3286/3282 3271/3267 3279/3275
f 3271/3267 3286/3282 3277/3273
f 3279/3275 3273/3269 3280/3276
f 3273/3269 3279/3275 3271/3267
f 3287/3283 3288/3284 3289/3285
f 3289/3285 3290/3286 3291/3287
f 3291/3287 3292/3288 3293/3289
f 3293/3289 3294/3290 3295/3291
f 3295/3291 3296/3292 3297/3293
f 3298/3294 3299/3295 3300/3296
f 3301/3297 3287/3283 3289/3285
f 3289/3285 3291/3287 3293/3289
f 3295/3291 3297/3293 3298/3294
f 3298/3294 3300/3296 3301/3297
f 3301/3297 3289/3285 3293/3289
f 3293/3289 3295/3291 3298/3294
f 3298/3294 3301/3297 3293/3289
f 3302/3298 3303/3299 3304/3300
f 3303/3299 3305/3301 3306/3302
f 3305/3301 3307/3303 3308/3304
f 3307/3303 3309/3305 3310/3306
f 3309/3305 3311/3307 3312/3308
f 3313/3309 3314/3310 3315/3311
f 3316/3312 3303/3299 3302/3298
f 3303/3299 3307/3303 3305/3301
f 3309/3305 3313/3309 3311/3307
f 3313/3309 3316/3312 3314/3310
f 3316/3312 3307/3303 3303/3299
f 3307/3303 3313/3309 3309/3305
f 3313/3309 3307/3303 3316/3312
f 3304/3300 3303/3299 3289/3285
f 3289/3285 3288/3284 3304/3300
f 3303/3299 3306/3302 3290/3286
f 3290/3286 3289/3285 3303/3299
f 3306/3302 3305/3301 3291/3287
f 3291/3287 3290/3286 3306/3302
f 3305/3301 3308/3304 3292/3288
f 3292/3288 3291/3287 3305/3301
f 3308/3304 3307/3303 3293/3289
f 3293/3289 3292/3288 3308/3304
f 3307/3303 3310/3306 3294/3290
f 3294/3290 3293/3289 3307/3303
f 3310/3306 3309/3305 3295/3291
f 3295/3291 3294/3290 3310/3306
f 3309/3305 3312/3308 3296/3292
f 3296/3292 3295/3291 3309/3305
f 3312/3308 3311/3307 3297/3293
f 3297/3293 3296/3292 3312/3308
f 3311/3307 3313/3309 3298/3294
f 3298/3294 3297/3293 3311/3307
f 3313/3309 3315/3311 3299/3295
f 3299/3295 3298/3294 3313/3309
f 3315/3311 3314/3310 3300/3296
f 3300/3296 3299/3295 3315/3311
f 3314/3310 3316/3312 3301/3297
f 3301/3297 3300/3296 3314/3310
f 3316/3312 3302/3298 3287/3283
f 3287/3283 3301/3297 3316/3312
f 3302/3298 3304/3300 3288/3284
f 3288/3284 3287/3283 3302/3298
f 3317/3313 3318/3314 3319/3315
f 3319/3315 3320/3316 3321/3317
f 3322/3318 3323/3319 3324/3320
f 3324/3320 3325/3321 3326/3322
f 3327/3323 3328/3324 3317/3313
f 3317/3313 3319/3315 3321/3317
f 3322/3318 3324/3320 3326/3322
f 3327/3323 3317/3313 3321/3317
f 3321/3317 3322/3318 3326/3322
f 3329/3325 3327/3323 3321/3317
f 3321/3317 3326/3322 3329/3325
f 3330/3326 3331/3327 3332/3328
f 3331/3327 3333/3329 3334/3330
f 3335/3331 3336/3332 3337/3333
f 3336/3332 3338/3334 3339/3335
f 3340/3336 3330/3326 3341/3337
f 3330/3326 3333/3329 3331/3327
f 3335/3331 3338/3334 3336/3332
f 3340/3336 3333/3329 3330/3326
f 3333/3329 3338/3334 3335/3331
f 3342/3338 3333/3329 3340/3336
f 3333/3329 3342/3338 3338/3334
f 3332/3328 3331/3327 3319/3315
f 3319/3315 3318/3314 3332/3328
f 3331/3327 3334/3330 3320/3316
f 3320/3316 3319/3315 3331/3327
f 3334/3330 3333/3329 3321/3317
f 3321/3317 3320/3316 3334/3330
f 3333/3329 3335/3331 3322/3318
f 3322/3318 3321/3317 3333/3329
f 3335/3331 3337/3333 3323/3319
f 3323/3319 3322/3318 3335/3331
f 3337/3333 3336/3332 3324/3320
f 3324/3320 3323/3319 3337/3333
f 3336/3332 3339/3335 3325/3321
f 3325/3321 3324/3320 3336/3332
f 3339/3335 3338/3334 3326/3322
f 3326/3322 3325/3321 3339/3335
f 3338/3334 3342/3338 3329/3325
f 3329/3325 3326/3322 3338/3334
f 3342/3338 3340/3336 3327/3323
f 3327/3323 3329/3325 3342/3338
f 3340/3336 3341/3337 3328/3324
f 3328/3324 3327/3323 3340/3336
f 3341/3337 3330/3326 3317/3313
f 3317/3313 3328/3324 3341/3337
f 3330/3326 3332/3328 3318/3314
f 3318/3314 3317/3313 3330/3326
f 3343/3339 3344/3340 3345/3341
f 3344/3340 3346/3342 3347/3343
f 3346/3342 3348/3344 3349/3345
f 3350/3346 3344/3340 3343/3339
f 3344/3340 3348/3344 3346/3342
f 3348/3344 3344/3340 3350/3346
f 3351/3347 3352/3348 3353/3349
f 3353/3349 3354/3350 3355/3351
f 3355/3351 3356/3352 3357/3353
f 3358/3354 3351/3347 3353/3349
f 3353/3349 3355/3351 3357/3353
f 3357/3353 3358/3354 3353/3349
f 3352/3348 3344/3340 3353/3349
f 3344/3340 3352/3348 3345/3341
f 3353/3349 3347/3343 3354/3350
f 3347/3343 3353/3349 3344/3340
f 3354/3350 3346/3342 3355/3351
f 3346/3342 3354/3350 3347/3343
f 3355/3351 3349/3345 3356/3352
f 3349/3345 3355/3351 3346/3342
f 3356/3352 3348/3344 3357/3353
f 3348/3344 3356/3352 3349/3345
f 3357/3353 3350/3346 3358/3354
f 3350/3346 3357/3353 3348/3344
f 3358/3354 3343/3339 3351/3347
f 3343/3339 3358/3354 3350/3346
f 3351/3347 3345/3341 3352/3348
f 3345/3341 3351/3347 3343/3339
f 3359/3355 3360/3356 3361/3357
f 3361/3357 3362/3358 3363/3359
f 3363/3359 3364/3360 3365/3361
f 3365/3361 3366/3362 3367/3363
f 3368/3364 3369/3365 3370/3366
f 3359/3355 3361/3357 3363/3359
f 3363/3359 3365/3361 3367/3363
f 3368/3364 3370/3366 3359/3355
f 3363/3359 3367/3363 3368/3364
f 3368/3364 3359/3355 3363/3359
f 3371/3367 3372/3368 3373/3369
f 3372/3368 3374/3370 3375/3371
f 3374/3370 3376/3372 3377/3373
f 3376/3372 3378/3374 3379/3375
f 3380/3376 3381/3377 3382/3378
f 3371/3367 3374/3370 3372/3368
f 3374/3370 3378/3374 3376/3372
f 3380/3376 3371/3367 3381/3377
f 3374/3370 3380/3376 3378/3374
f 3380/3376 3374/3370 3371/3367
f 3373/3369 3372/3368 3361/3357
f 3361/3357 3360/3356 3373/3369
f 3372/3368 3375/3371 3362/3358
f 3362/3358 3361/3357 3372/3368
f 3375/3371 3374/3370 3363/3359
f 3363/3359 3362/3358 3375/3371
f 3374/3370 3377/3373 3364/3360
f 3364/3360 3363/3359 3374/3370
f 3377/3373 3376/3372 3365/3361
f 3365/3361 3364/3360 3377/3373
f 3376/3372 3379/3375 3366/3362
f 3366/3362 3365/3361 3376/3372
f 3379/3375 3378/3374 3367/3363
f 3367/3363 3366/3362 3379/3375
f 3378/3374 3380/3376 3368/3364
f 3368/3364 3367/3363 3378/3374
f 3380/3376 3382/3378 3369/3365
f 3369/3365 3368/3364 3380/3376
f 3382/3378 3381/3377 3370/3366
f 3370/3366 3369/3365 3382/3378
f 3381/3377 3371/3367 3359/3355
f 3359/3355 3370/3366 3381/3377
f 3371/3367 3373/3369 3360/3356
f 3360/3356 3359/3355 3371/3367
f 3383/3379 3384/3380 3385/3381
f 3385/3381 3386/3382 3387/3383
f 3387/3383 3388/3384 3389/3385
f 3389/3385 3390/3386 3391/3387
f 3391/3387 3383/3379 3385/3381
f 3385/3381 3387/3383 3389/3385
f 3389/3385 3391/3387 3385/3381
f 3392/3388 3393/3389 3394/3390
f 3393/3389 3395/3391 3396/3392
f 3395/3391 3397/3393 3398/3394
f 3397/3393 3399/3395 3400/3396
f 3399/3395 3393/3389 3392/3388
f 3393/3389 3397/3393 3395/3391
f 3397/3393 3393/3389 3399/3395
f 3394/3390 3393/3389 3385/3381
f 3385/3381 3384/3380 3394/3390
f 3393/3389 3396/3392 3386/3382
f 3386/3382 3385/3381 3393/3389
f 3396/3392 3395/3391 3387/3383
f 3387/3383 3386/3382 3396/3392
f 3395/3391 3398/3394 3388/3384
f 3388/3384 3387/3383 3395/3391
f 3398/3394 3397/3393 3389/3385
f 3389/3385 3388/3384 3398/3394
f 3397/3393 3400/3396 3390/3386
f 3390/3386 3389/3385 3397/3393
f 3400/3396 3399/3395 3391/3387
f 3391/3387 3390/3386 3400/3396
f 3399/3395 3392/3388 3383/3379
f 3383/3379 3391/3387 3399/3395
f 3392/3388 3394/3390 3384/3380
f 3384/3380 3383/3379 3392/3388
f 3401/3397 3402/3398 3403/3399
f 3402/3398 3404/3400 3405/3401
f 3406/3402 3407/3403 3408/3404
f 3407/3403 3409/3405 3410/3406
f 3409/3405 3401/3397 3411/3407
f 3401/3397 3404/3400 3402/3398
f 3406/3402 3409/3405 3407/3403
f 3409/3405 3404/3400 3401/3397
f 3404/3400 3409/3405 3406/3402
f 3412/3408 3413/3409 3414/3410
f 3414/3410 3415/3411 3416/3412
f 3417/3413 3418/3414 3419/3415
f 3419/3415 3420/3416 3421/3417
f 3421/3417 3422/3418 3412/3408
f 3412/3408 3414/3410 3416/3412
f 3417/3413 3419/3415 3421/3417
f 3421/3417 3412/3408 3416/3412
f 3416/3412 3417/3413 3421/3417
f 3413/3409 3402/3398 3414/3410
f 3402/3398 3413/3409 3403/3399
f 3414/3410 3405/3401 3415/3411
f 3405/3401 3414/3410 3402/3398
f 3415/3411 3404/3400 3416/3412
f 3404/3400 3415/3411 3405/3401
f 3416/3412 3406/3402 3417/3413
f 3406/3402 3416/3412 3404/3400
f 3417/3413 3408/3404 3418/3414
f 3408/3404 3417/3413 3406/3402
f 3418/3414 3407/3403 3419/3415
f 3407/3403 3418/3414 3408/3404
f 3419/3415 3410/3406 3420/3416
f 3410/3406 3419/3415 3407/3403
f 3420/3416 3409/3405 3421/3417
f 3409/3405 3420/3416 3410/3406
f 3421/3417 3411/3407 3422/3418
f 3411/3407 3421/3417 3409/3405
f 3422/3418 3401/3397 3412/3408
f 3401/3397 3422/3418 3411/3407
f 3412/3408 3403/3399 3413/3409
f 3403/3399 3412/3408 3401/3397
f 3423/3419 3424/3420 3425/3421
f 3424/3420 3426/3422 3427/3423
f 3426/3422 3428/3424 3429/3425
f 3428/3424 3430/3426 3431/3427
f 3432/3428 3423/3419 3433/3429
f 3426/3422 3430/3426 3428/3424
f 3432/3428 3424/3420 3423/3419
f 3424/3420 3430/3426 3426/3422
f 3430/3426 3424/3420 3432/3428
f 3434/3430 3435/3431 3436/3432
f 3436/3432 3437/3433 3438/3434
f 3438/3434 3439/3435 3440/3436
f 3440/3436 3441/3437 3442/3438
f 3443/3439 3444/3440 3434/3430
f 3438/3434 3440/3436 3442/3438
f 3443/3439 3434/3430 3436/3432
f 3436/3432 3438/3434 3442/3438
f 3442/3438 3443/3439 3436/3432
f 3435/3431 3424/3420 3436/3432
f 3424/3420 3435/3431 3425/3421
f 3436/3432 3427/3423 3437/3433
f 3427/3423 3436/3432 3424/3420
f 3437/3433 3426/3422 3438/3434
f 3426/3422 3437/3433 3427/3423
f 3438/3434 3429/3425 3439/3435
f 3429/3425 3438/3434 3426/3422
f 3439/3435 3428/3424 3440/3436
f 3428/3424 3439/3435 3429/3425
f 3440/3436 3431/3427 3441/3437
f 3431/3427 3440/3436 3428/3424
f 3441/3437 3430/3426 3442/3438
f 3430/3426 3441/3437 3431/3427
f 3442/3438 3432/3428 3443/3439
f 3432/3428 3442/3438 3430/3426
f 3443/3439 3433/3429 3444/3440
f 3433/3429 3443/3439 3432/3428
f 3444/3440 3423/3419 3434/3430
f 3423/3419 3444/3440 3433/3429
f 3434/3430 3425/3421 3435/3431
f 3425/3421 3434/3430 3423/3419
f 3445/3441 3446/3442 3447/3443
f 3446/3442 3448/3444 3449/3445
f 3448/3444 3450/3446 3451/3447
f 3452/3448 3453/3449 3454/3450
f 3453/3449 3455/3451 3456/3452
f 3445/3441 3448/3444 3446/3442
f 3448/3444 3457/3453 3450/3446
f 3452/3448 3455/3451 3453/3449
f 3455/3451 3448/3444 3445/3441
f 3448/3444 3452/3448 3457/3453
f 3452/3448 3448/3444 3455/3451
f 3458/3454 3459/3455 3460/3456
f 3460/3456 3461/3457 3462/3458
f 3462/3458 3463/3459 3464/3460
f 3465/3461 3466/3462 3467/3463
f 3467/3463 3468/3464 3469/3465
f 3458/3454 3460/3456 3462/3458
f 3462/3458 3464/3460 3470/3466
f 3465/3461 3467/3463 3469/3465
f 3469/3465 3458/3454 3462/3458
f 3462/3458 3470/3466 3465/3461
f 3465/3461 3469/3465 3462/3458
f 3459/3455 3446/3442 3460/3456
f 3446/3442 3459/3455 3447/3443
f 3460/3456 3449/3445 3461/3457
f 3449/3445 3460/3456 3446/3442
f 3461/3457 3448/3444 3462/3458
f 3448/3444 3461/3457 3449/3445
f 3462/3458 3451/3447 3463/3459
f 3451/3447 3462/3458 3448/3444
f 3463/3459 3450/3446 3464/3460
f 3450/3446 3463/3459 3451/3447
f 3464/3460 3457/3453 3470/3466
f 3457/3453 3464/3460 3450/3446
f 3470/3466 3452/3448 3465/3461
f 3452/3448 3470/3466 3457/3453
f 3465/3461 3454/3450 3466/3462
f 3454/3450 3465/3461 3452/3448
f 3466/3462 3453/3449 3467/3463
f 3453/3449 3466/3462 3454/3450
f 3467/3463 3456/3452 3468/3464
f 3456/3452 3467/3463 3453/3449
f 3468/3464 3455/3451 3469/3465
f 3455/3451 3468/3464 3456/3452
f 3469/3465 3445/3441 3458/3454
f 3445/3441 3469/3465 3455/3451
f 3458/3454 3447/3443 3459/3455
f 3447/3443 3458/3454 3445/3441
f 3471/3467 3472/3468 3473/3469
f 3474/3470 3475/3471 3476/3472
f 3476/3472 3477/3473 3478/3474
f 3479/3475 3480/3476 3481/3477
f 3481/3477 3482/3478 3483/3479
f 3484/3480 3485/3481 3486/3482
f 3487/3483 3488/3484 3471/3467
f 3471/3467 3473/3469 3474/3470
f 3474/3470 3476/3472 3478/3474
f 3479/3475 3481/3477 3483/3479
f 3484/3480 3486/3482 3487/3483
f 3487/3483 3471/3467 3474/3470
f 3474/3470 3478/3474 3489/3485
f 3479/3475 3483/3479 3484/3480
f 3484/3480 3487/3483 3474/3470
f 3474/3470 3489/3485 3479/3475
f 3479/3475 3484/3480 3474/3470
f 3490/3486 3491/3487 3492/3488
f 3493/3489 3494/3490 3495/3491
f 3494/3490 3496/3492 3497/3493
f 3498/3494 3499/3495 3500/3496
f 3499/3495 3501/3497 3502/3498
f 3503/3499 3504/3500 3505/3501
f 3506/3502 3490/3486 3507/3503
f 3490/3486 3493/3489 3491/3487
f 3493/3489 3496/3492 3494/3490
f 3498/3494 3501/3497 3499/3495
f 3503/3499 3506/3502 3504/3500
f 3506/3502 3493/3489 3490/3486
f 3493/3489 3508/3504 3496/3492
f 3498/3494 3503/3499 3501/3497
f 3503/3499 3493/3489 3506/3502
f 3493/3489 3498/3494 3508/3504
f 3498/3494 3493/3489 3503/3499
f 3490/3486 3492/3488 3472/3468
f 3472/3468 3471/3467 3490/3486
f 3492/3488 3491/3487 3473/3469
f 3473/3469 3472/3468 3492/3488
f 3491/3487 3493/3489 3474/3470
f 3474/3470 3473/3469 3491/3487
f 3493/3489 3495/3491 3475/3471
f 3475/3471 3474/3470 3493/3489
f 3495/3491 3494/3490 3476/3472
f 3476/3472 3475/3471 3495/3491
f 3494/3490 3497/3493 3477/3473
f 3477/3473 3476/3472 3494/3490
f 3497/3493 3496/3492 3478/3474
f 3478/3474 3477/3473 3497/3493
f 3496/3492 3508/3504 3489/3485
f 3489/3485 3478/3474 3496/3492
f 3508/3504 3498/3494 3479/3475
f 3479/3475 3489/3485 3508/3504
f 3498/3494 3500/3496 3480/3476
f 3480/3476 3479/3475 3498/3494
f 3500/3496 3499/3495 3481/3477
f 3481/3477 3480/3476 3500/3496
f 3499/3495 3502/3498 3482/3478
f 3482/3478 3481/3477 3499/3495
f 3502/3498 3501/3497 3483/3479
f 3483/3479 3482/3478 3502/3498
f 3501/3497 3503/3499 3484/3480
f 3484/3480 3483/3479 3501/3497
f 3503/3499 3505/3501 3485/3481
f 3485/3481 3484/3480 3503/3499
f 3505/3501 3504/3500 3486/3482
f 3486/3482 3485/3481 3505/3501
f 3504/3500 3506/3502 3487/3483
f 3487/3483 3486/3482 3504/3500
f 3506/3502 3507/3503 3488/3484
f 3488/3484 3487/3483 3506/3502
f 3507/3503 3490/3486 3471/3467
f 3471/3467 3488/3484 3507/3503
f 3509/3505 3510/3506 3511/3507
f 3510/3506 3512/3508 3513/3509
f 3512/3508 3514/3510 3515/3511
f 3516/3512 3517/3513 3518/3514
f 3517/3513 3510/3506 3509/3505
f 3512/3508 3516/3512 3514/3510
f 3516/3512 3510/3506 3517/3513
f 3510/3506 3516/3512 3512/3508
f 3519/3515 3520/3516 3521/3517
f 3521/3517 3522/3518 3523/3519
f 3523/3519 3524/3520 3525/3521
f 3526/3522 3527/3523 3528/3524
f 3528/3524 3519/3515 3521/3517
f 3523/3519 3525/3521 3526/3522
f 3526/3522 3528/3524 3521/3517
f 3521/3517 3523/3519 3526/3522
f 3520/3516 3510/3506 3521/3517
f 3510/3506 3520/3516 3511/3507
f 3521/3517 3513/3509 3522/3518
f 3513/3509 3521/3517 3510/3506
f 3522/3518 3512/3508 3523/3519
f 3512/3508 3522/3518 3513/3509
f 3523/3519 3515/3511 3524/3520
f 3515/3511 3523/3519 3512/3508
f 3524/3520 3514/3510 3525/3521
f 3514/3510 3524/3520 3515/3511
f 3525/3521 3516/3512 3526/3522
f 3516/3512 3525/3521 3514/3510
f 3526/3522 3518/3514 3527/3523
f 3518/3514 3526/3522 3516/3512
f 3527/3523 3517/3513 3528/3524
f 3517/3513 3527/3523 3518/3514
f 3528/3524 3509/3505 3519/3515
f 3509/3505 3528/3524 3517/3513
f 3519/3515 3511/3507 3520/3516
f 3511/3507 3519/3515 3509/3505
f 3529/3525 3530/3526 3531/3527
f 3530/3526 3532/3528 3533/3529
f 3532/3528 3534/3530 3535/3531
f 3534/3530 3536/3532 3537/3533
f 3536/3532 3538/3534 3539/3535
f 3538/3534 3529/3525 3540/3536
f 3529/3525 3532/3528 3530/3526
f 3532/3528 3536/3532 3534/3530
f 3536/3532 3529/3525 3538/3534
f 3529/3525 3536/3532 3532/3528
f 3541/3537 3542/3538 3543/3539
f 3543/3539 3544/3540 3545/3541
f 3545/3541 3546/3542 3547/3543
f 3547/3543 3548/3544 3549/3545
f 3549/3545 3550/3546 3551/3547
f 3551/3547 3552/3548 3541/3537
f 3541/3537 3543/3539 3545/3541
f 3545/3541 3547/3543 3549/3545
f 3549/3545 3551/3547 3541/3537
f 3541/3537 3545/3541 3549/3545
f 3542/3538 3530/3526 3543/3539
f 3530/3526 3542/3538 3531/3527
f 3543/3539 3533/3529 3544/3540
f 3533/3529 3543/3539 3530/3526
f 3544/3540 3532/3528 3545/3541
f 3532/3528 3544/3540 3533/3529
f 3545/3541 3535/3531 3546/3542
f 3535/3531 3545/3541 3532/3528
f 3546/3542 3534/3530 3547/3543
f 3534/3530 3546/3542 3535/3531
f 3547/3543 3537/3533 3548/3544
f 3537/3533 3547/3543 3534/3530
f 3548/3544 3536/3532 3549/3545
f 3536/3532 3548/3544 3537/3533
f 3549/3545 3539/3535 3550/3546
f 3539/3535 3549/3545 3536/3532
f 3550/3546 3538/3534 3551/3547
f 3538/3534 3550/3546 3539/3535
f 3551/3547 3540/3536 3552/3548
f 3540/3536 3551/3547 3538/3534
f 3552/3548 3529/3525 3541/3537
f 3529/3525 3552/3548 3540/3536
f 3541/3537 3531/3527 3542/3538
f 3531/3527 3541/3537 3529/3525
f 3553/3549 3554/3550 3555/3551
f 3555/3551 3556/3552 3557/3553
f 3557/3553 3558/3554 3559/3555
f 3559/3555 3560/3556 3561/3557
f 3561/3557 3562/3558 3563/3559
f 3563/3559 3564/3560 3565/3561
f 3565/3561 3566/3562 3567/3563
f 3567/3563 3568/3564 3569/3565
f 3570/3566 3553/3549 3555/3551
f 3557/3553 3559/3555 3561/3557
f 3561/3557 3563/3559 3565/3561
f 3567/3563 3569/3565 3571/3567
f 3571/3567 3570/3566 3555/3551
f 3557/3553 3561/3557 3565/3561
f 3565/3561 3567/3563 3571/3567
f 3571/3567 3555/3551 3557/3553
f 3557/3553 3565/3561 3571/3567
f 3572/3568 3573/3569 3574/3570
f 3573/3569 3575/3571 3576/3572
f 3575/3571 3577/3573 3578/3574
f 3577/3573 3579/3575 3580/3576
f 3579/3575 3581/3577 3582/3578
f 3581/3577 3583/3579 3584/3580
f 3583/3579 3585/3581 3586/3582
f 3585/3581 3587/3583 3588/3584
f 3589/3585 3573/3569 3572/3568
f 3575/3571 3579/3575 3577/3573
f 3579/3575 3583/3579 3581/3577
f 3585/3581 3590/3586 3587/3583
f 3590/3586 3573/3569 3589/3585
f 3575/3571 3583/3579 3579/3575
f 3583/3579 3590/3586 3585/3581
f 3590/3586 3575/3571 3573/3569
f 3575/3571 3590/3586 3583/3579
f 3574/3570 3573/3569 3555/3551
f 3555/3551 3554/3550 3574/3570
f 3573/3569 3576/3572 3556/3552
f 3556/3552 3555/3551 3573/3569
f 3576/3572 3575/3571 3557/3553
f 3557/3553 3556/3552 3576/3572
f 3575/3571 3578/3574 3558/3554
f 3558/3554 3557/3553 3575/3571
f 3578/3574 3577/3573 3559/3555
f 3559/3555 3558/3554 3578/3574
f 3577/3573 3580/3576 3560/3556
f 3560/3556 3559/3555 3577/3573
f 3580/3576 3579/3575 3561/3557
f 3561/3557 3560/3556 3580/3576
f 3579/3575 3582/3578 3562/3558
f 3562/3558 3561/3557 3579/3575
f 3582/3578 3581/3577 3563/3559
f 3563/3559 3562/3558 3582/3578
f 3581/3577 3584/3580 3564/3560
f 3564/3560 3563/3559 3581/3577
f 3584/3580 3583/3579 3565/3561
f 3565/3561 3564/3560 3584/3580
f 3583/3579 3586/3582 3566/3562
f 3566/3562 3565/3561 3583/3579
f 3586/3582 3585/3581 3567/3563
f 3567/3563 3566/3562 3586/3582
f 3585/3581 3588/3584 3568/3564
f 3568/3564 3567/3563 3585/3581
f 3588/3584 3587/3583 3569/3565
f 3569/3565 3568/3564 3588/3584
f 3587/3583 3590/3586 3571/3567
f 3571/3567 3569/3565 3587/3583
f 3590/3586 3589/3585 3570/3566
f 3570/3566 3571/3567 3590/3586
f 3589/3585 3572/3568 3553/3549
f 3553/3549 3570/3566 3589/3585
f 3572/3568 3574/3570 3554/3550
f 3554/3550 3553/3549 3572/3568
f 3591/3587 3592/3588 3593/3589
f 3593/3589 3594/3590 3595/3591
f 3595/3591 3596/3592 3597/3593
f 3597/3593 3598/3594 3599/3595
f 3600/3596 3591/3587 3593/3589
f 3593/3589 3595/3591 3597/3593
f 3597/3593 3599/3595 3600/3596
f 3600/3596 3593/3589 3597/3593
f 3573/3569 3601/3597 3574/3570
f 3601/3597 3602/3598 3603/3599
f 3602/3598 3604/3600 3605/3601
f 3604/3600 3606/3602 3607/3603
f 3608/3604 3601/3597 3573/3569
f 3601/3597 3604/3600 3602/3598
f 3604/3600 3608/3604 3606/3602
f 3608/3604 3604/3600 3601/3597
f 3574/3570 3601/3597 3593/3589
f 3593/3589 3592/3588 3574/3570
f 3601/3597 3603/3599 3594/3590
f 3594/3590 3593/3589 3601/3597
f 3603/3599 3602/3598 3595/3591
f 3595/3591 3594/3590 3603/3599
f 3602/3598 3605/3601 3596/3592
f 3596/3592 3595/3591 3602/3598
f 3605/3601 3604/3600 3597/3593
f 3597/3593 3596/3592 3605/3601
f 3604/3600 3607/3603 3598/3594
f 3598/3594 3597/3593 3604/3600
f 3607/3603 3606/3602 3599/3595
f 3599/3595 3598/3594 3607/3603
f 3606/3602 3608/3604 3600/3596
f 3600/3596 3599/3595 3606/3602
f 3608/3604 3573/3569 3591/3587
f 3591/3587 3600/3596 3608/3604
f 3573/3569 3574/3570 3592/3588
f 3592/3588 3591/3587 3573/3569
f 3609/3605 3610/3606 3611/3607
f 3612/3608 3613/3609 3614/3610
f 3615/3611 3616/3612 3617/3613
f 3616/3612 3618/3614 3619/3615
f 3618/3614 3620/3616 3621/3617
f 3622/3618 3623/3619 3624/3620
f 3609/3605 3612/3608 3610/3606
f 3612/3608 3615/3611 3613/3609
f 3616/3612 3620/3616 3618/3614
f 3622/3618 3609/3605 3623/3619
f 3609/3605 3615/3611 3612/3608
f 3615/3611 3620/3616 3616/3612
f 3622/3618 3615/3611 3609/3605
f 3615/3611 3622/3618 3620/3616
f 3625/3621 3626/3622 3627/3623
f 3628/3624 3629/3625 3630/3626
f 3631/3627 3632/3628 3633/3629
f 3633/3629 3634/3630 3635/3631
f 3635/3631 3636/3632 3637/3633
f 3638/3634 3639/3635 3640/3636
f 3625/3621 3627/3623 3628/3624
f 3628/3624 3630/3626 3631/3627
f 3633/3629 3635/3631 3637/3633
f 3638/3634 3640/3636 3625/3621
f 3625/3621 3628/3624 3631/3627
f 3631/3627 3633/3629 3637/3633
f 3638/3634 3625/3621 3631/3627
f 3631/3627 3637/3633 3638/3634
f 3626/3622 3610/3606 3627/3623
f 3610/3606 3626/3622 3611/3607
f 3627/3623 3612/3608 3628/3624
f 3612/3608 3627/3623 3610/3606
f 3628/3624 3614/3610 3629/3625
f 3614/3610 3628/3624 3612/3608
f 3629/3625 3613/3609 3630/3626
f 3613/3609 3629/3625 3614/3610
f 3630/3626 3615/3611 3631/3627
f 3615/3611 3630/3626 3613/3609
f 3631/3627 3617/3613 3632/3628
f 3617/3613 3631/3627 3615/3611
f 3632/3628 3616/3612 3633/3629
f 3616/3612 3632/3628 3617/3613
f 3633/3629 3619/3615 3634/3630
f 3619/3615 3633/3629 3616/3612
f 3634/3630 3618/3614 3635/3631
f 3618/3614 3634/3630 3619/3615
f 3635/3631 3621/3617 3636/3632
f 3621/3617 3635/3631 3618/3614
f 3636/3632 3620/3616 3637/3633
f 3620/3616 3636/3632 3621/3617
f 3637/3633 3622/3618 3638/3634
f 3622/3618 3637/3633 3620/3616
f 3638/3634 3624/3620 3639/3635
f 3624/3620 3638/3634 3622/3618
f 3639/3635 3623/3619 3640/3636
f 3623/3619 3639/3635 3624/3620
f 3640/3636 3609/3605 3625/3621
f 3609/3605 3640/3636 3623/3619
f 3625/3621 3611/3607 3626/3622
f 3611/3607 3625/3621 3609/3605
f 3641/3637 3642/3638 3643/3639
f 3644/3640 3645/3641 3646/3642
f 3645/3641 3647/3643 3648/3644
f 3647/3643 3642/3638 3641/3637
f 3644/3640 3647/3643 3645/3641
f 3647/3643 3644/3640 3642/3638
f 3649/3645 3650/3646 3651/3647
f 3652/3648 3653/3649 3654/3650
f 3654/3650 3655/3651 3656/3652
f 3656/3652 3649/3645 3651/3647
f 3652/3648 3654/3650 3656/3652
f 3656/3652 3651/3647 3652/3648
f 3650/3646 3642/3638 3651/3647
f 3642/3638 3650/3646 3643/3639
f 3651/3647 3644/3640 3652/3648
f 3644/3640 3651/3647 3642/3638
f 3652/3648 3646/3642 3653/3649
f 3646/3642 3652/3648 3644/3640
f 3653/3649 3645/3641 3654/3650
f 3645/3641 3653/3649 3646/3642
f 3654/3650 3648/3644 3655/3651
f 3648/3644 3654/3650 3645/3641
f 3655/3651 3647/3643 3656/3652
f 3647/3643 3655/3651 3648/3644
f 3656/3652 3641/3637 3649/3645
f 3641/3637 3656/3652 3647/3643
f 3649/3645 3643/3639 3650/3646
f 3643/3639 3649/3645 3641/3637
f 3657/3653 3658/3654 3659/3655
f 3660/3656 3661/3657 3662/3658
f 3661/3657 3663/3659 3664/3660
f 3663/3659 3665/3661 3666/3662
f 3665/3661 3658/3654 3657/3653
f 3660/3656 3663/3659 3661/3657
f 3665/3661 3660/3656 3658/3654
f 3660/3656 3665/3661 3663/3659
f 3667/3663 3668/3664 3669/3665
f 3670/3666 3671/3667 3672/3668
f 3672/3668 3673/3669 3674/3670
f 3674/3670 3675/3671 3676/3672
f 3676/3672 3667/3663 3669/3665
f 3670/3666 3672/3668 3674/3670
f 3676/3672 3669/3665 3670/3666
f 3670/3666 3674/3670 3676/3672
f 3668/3664 3658/3654 3669/3665
f 3658/3654 3668/3664 3659/3655
f 3669/3665 3660/3656 3670/3666
f 3660/3656 3669/3665 3658/3654
f 3670/3666 3662/3658 3671/3667
f 3662/3658 3670/3666 3660/3656
f 3671/3667 3661/3657 3672/3668
f 3661/3657 3671/3667 3662/3658
f 3672/3668 3664/3660 3673/3669
f 3664/3660 3672/3668 3661/3657
f 3673/3669 3663/3659 3674/3670
f 3663/3659 3673/3669 3664/3660
f 3674/3670 3666/3662 3675/3671
f 3666/3662 3674/3670 3663/3659
f 3675/3671 3665/3661 3676/3672
f 3665/3661 3675/3671 3666/3662
f 3676/3672 3657/3653 3667/3663
f 3657/3653 3676/3672 3665/3661
f 3667/3663 3659/3655 3668/3664
f 3659/3655 3667/3663 3657/3653
f 3677/3673 3678/3674 3679/3675
f 3680/3676 3681/3677 3682/3678
f 3683/3679 3684/3680 3685/3681
f 3686/3682 3678/3674 3677/3673
f 3680/3676 3683/3679 3681/3677
f 3683/3679 3686/3682 3684/3680
f 3686/3682 3680/3676 3678/3674
f 3680/3676 3686/3682 3683/3679
f 3687/3683 3688/3684 3689/3685
f 3690/3686 3691/3687 3692/3688
f 3693/3689 3694/3690 3695/3691
f 3696/3692 3687/3683 3689/3685
f 3690/3686 3692/3688 3693/3689
f 3693/3689 3695/3691 3696/3692
f 3696/3692 3689/3685 3690/3686
f 3690/3686 3693/3689 3696/3692
f 3688/3684 3678/3674 3689/3685
f 3678/3674 3688/3684 3679/3675
f 3689/3685 3680/3676 3690/3686
f 3680/3676 3689/3685 3678/3674
f 3690/3686 3682/3678 3691/3687
f 3682/3678 3690/3686 3680/3676
f 3691/3687 3681/3677 3692/3688
f 3681/3677 3691/3687 3682/3678
f 3692/3688 3683/3679 3693/3689
f 3683/3679 3692/3688 3681/3677
f 3693/3689 3685/3681 3694/3690
f 3685/3681 3693/3689 3683/3679
f 3694/3690 3684/3680 3695/3691
f 3684/3680 3694/3690 3685/3681
f 3695/3691 3686/3682 3696/3692
f 3686/3682 3695/3691 3684/3680
f 3696/3692 3677/3673 3687/3683
f 3677/3673 3696/3692 3686/3682
f 3687/3683 3679/3675 3688/3684
f 3679/3675 3687/3683 3677/3673
f 3697/3693 3698/3694 3699/3695
f 3698/3694 3700/3696 3701/3697
f 3702/3698 3703/3699 3704/3700
f 3703/3699 3698/3694 3697/3693
f 3698/3694 3702/3698 3700/3696
f 3702/3698 3698/3694 3703/3699
f 3705/3701 3706/3702 3707/3703
f 3707/3703 3708/3704 3709/3705
f 3710/3706 3711/3707 3712/3708
f 3712/3708 3705/3701 3707/3703
f 3707/3703 3709/3705 3710/3706
f 3710/3706 3712/3708 3707/3703
f 3706/3702 3698/3694 3707/3703
f 3698/3694 3706/3702 3699/3695
f 3707/3703 3701/3697 3708/3704
f 3701/3697 3707/3703 3698/3694
f 3708/3704 3700/3696 3709/3705
f 3700/3696 3708/3704 3701/3697
f 3709/3705 3702/3698 3710/3706
f 3702/3698 3709/3705 3700/3696
f 3710/3706 3704/3700 3711/3707
f 3704/3700 3710/3706 3702/3698
f 3711/3707 3703/3699 3712/3708
f 3703/3699 3711/3707 3704/3700
f 3712/3708 3697/3693 3705/3701
f 3697/3693 3712/3708 3703/3699
f 3705/3701 3699/3695 3706/3702
f 3699/3695 3705/3701 3697/3693
f 3713/3709 3714/3710 3715/3711
f 3715/3711 3716/3712 3717/3713
f 3717/3713 3718/3714 3719/3715
f 3719/3715 3720/3716 3721/3717
f 3721/3717 3722/3718 3713/3709
f 3713/3709 3715/3711 3717/3713
f 3717/3713 3719/3715 3721/3717
f 3721/3717 3713/3709 3717/3713
f 3723/3719 3724/3720 3725/3721
f 3724/3720 3726/3722 3727/3723
f 3726/3722 3728/3724 3729/3725
f 3728/3724 3730/3726 3731/3727
f 3730/3726 3723/3719 3732/3728
f 3723/3719 3726/3722 3724/3720
f 3726/3722 3730/3726 3728/3724
f 3730/3726 3726/3722 3723/3719
f 3725/3721 3724/3720 3715/3711
f 3715/3711 3714/3710 3725/3721
f 3724/3720 3727/3723 3716/3712
f 3716/3712 3715/3711 3724/3720
f 3727/3723 3726/3722 3717/3713
f 3717/3713 3716/3712 3727/3723
f 3726/3722 3729/3725 3718/3714
f 3718/3714 3717/3713 3726/3722
f 3729/3725 3728/3724 3719/3715
f 3719/3715 3718/3714 3729/3725
f 3728/3724 3731/3727 3720/3716
f 3720/3716 3719/3715 3728/3724
f 3731/3727 3730/3726 3721/3717
f 3721/3717 3720/3716 3731/3727
f 3730/3726 3732/3728 3722/3718
f 3722/3718 3721/3717 3730/3726
f 3732/3728 3723/3719 3713/3709
f 3713/3709 3722/3718 3732/3728
f 3723/3719 3725/3721 3714/3710
f 3714/3710 3713/3709 3723/3719
f 3733/3729 3734/3730 3735/3731
f 3734/3730 3736/3732 3737/3733
f 3738/3734 3734/3730 3733/3729
f 3734/3730 3738/3734 3736/3732
f 3739/3735 3740/3736 3741/3737
f 3741/3737 3742/3738 3743/3739
f 3744/3740 3739/3735 3741/3737
f 3741/3737 3743/3739 3744/3740
f 3740/3736 3734/3730 3741/3737
f 3734/3730 3740/3736 3735/3731
f 3741/3737 3737/3733 3742/3738
f 3737/3733 3741/3737 3734/3730
f 3742/3738 3736/3732 3743/3739
f 3736/3732 3742/3738 3737/3733
f 3743/3739 3738/3734 3744/3740
f 3738/3734 3743/3739 3736/3732
f 3744/3740 3733/3729 3739/3735
f 3733/3729 3744/3740 3738/3734
f 3739/3735 3735/3731 3740/3736
f 3735/3731 3739/3735 3733/3729
f 3745/3741 3746/3742 3747/3743
f 3748/3744 3749/3745 3750/3746
f 3749/3745 3751/3747 3752/3748
f 3751/3747 3753/3749 3754/3750
f 3753/3749 3755/3751 3756/3752
f 3755/3751 3746/3742 3745/3741
f 3748/3744 3751/3747 3749/3745
f 3751/3747 3755/3751 3753/3749
f 3755/3751 3748/3744 3746/3742
f 3748/3744 3755/3751 3751/3747
f 3757/3753 3758/3754 3759/3755
f 3760/3756 3761/3757 3762/3758
f 3762/3758 3763/3759 3764/3760
f 3764/3760 3765/3761 3766/3762
f 3766/3762 3767/3763 3768/3764
f 3768/3764 3757/3753 3759/3755
f 3760/3756 3762/3758 3764/3760
f 3764/3760 3766/3762 3768/3764
f 3768/3764 3759/3755 3760/3756
f 3760/3756 3764/3760 3768/3764
f 3758/3754 3746/3742 3759/3755
f 3746/3742 3758/3754 3747/3743
f 3759/3755 3748/3744 3760/3756
f 3748/3744 3759/3755 3746/3742
f 3760/3756 3750/3746 3761/3757
f 3750/3746 3760/3756 3748/3744
f 3761/3757 3749/3745 3762/3758
f 3749/3745 3761/3757 3750/3746
f 3762/3758 3752/3748 3763/3759
f 3752/3748 3762/3758 3749/3745
f 3763/3759 3751/3747 3764/3760
f 3751/3747 3763/3759 3752/3748
f 3764/3760 3754/3750 3765/3761
f 3754/3750 3764/3760 3751/3747
f 3765/3761 3753/3749 3766/3762
f 3753/3749 3765/3761 3754/3750
f 3766/3762 3756/3752 3767/3763
f 3756/3752 3766/3762 3753/3749
f 3767/3763 3755/3751 3768/3764
f 3755/3751 3767/3763 3756/3752
f 3768/3764 3745/3741 3757/3753
f 3745/3741 3768/3764 3755/3751
f 3757/3753 3747/3743 3758/3754
f 3747/3743 3757/3753 3745/3741
f 3769/3765 3770/3766 3771/3767
f 3770/3766 3772/3768 3773/3769
f 3772/3768 3774/3770 3775/3771
f 3774/3770 3776/3772 3777/3773
f 3778/3774 3770/3766 3769/3765
f 3770/3766 3774/3770 3772/3768
f 3776/3772 3770/3766 3778/3774
f 3770/3766 3776/3772 3774/3770
f 3779/3775 3780/3776 3781/3777
f 3781/3777 3782/3778 3783/3779
f 3783/3779 3784/3780 3785/3781
f 3785/3781 3786/3782 3787/3783
f 3788/3784 3779/3775 3781/3777
f 3781/3777 3783/3779 3785/3781
f 3787/3783 3788/3784 3781/3777
f 3781/3777 3785/3781 3787/3783
f 3780/3776 3770/3766 3781/3777
f 3770/3766 3780/3776 3771/3767
f 3781/3777 3773/3769 3782/3778
f 3773/3769 3781/3777 3770/3766
f 3782/3778 3772/3768 3783/3779
f 3772/3768 3782/3778 3773/3769
f 3783/3779 3775/3771 3784/3780
f 3775/3771 3783/3779 3772/3768
f 3784/3780 3774/3770 3785/3781
f 3774/3770 3784/3780 3775/3771
f 3785/3781 3777/3773 3786/3782
f 3777/3773 3785/3781 3774/3770
f 3786/3782 3776/3772 3787/3783
f 3776/3772 3786/3782 3777/3773
f 3787/3783 3778/3774 3788/3784
f 3778/3774 3787/3783 3776/3772
f 3788/3784 3769/3765 3779/3775
f 3769/3765 3788/3784 3778/3774
f 3779/3775 3771/3767 3780/3776
f 3771/3767 3779/3775 3769/3765
f 3789/3785 3790/3786 3791/3787
f 3792/3788 3793/3789 3794/3790
f 3793/3789 3795/3791 3796/3792
f 3797/3793 3798/3794 3799/3795
f 3789/3785 3792/3788 3790/3786
f 3793/3789 3797/3793 3795/3791
f 3798/3794 3792/3788 3789/3785
f 3793/3789 3798/3794 3797/3793
f 3798/3794 3793/3789 3792/3788
f 3800/3796 3801/3797 3802/3798
f 3803/3799 3804/3800 3805/3801
f 3805/3801 3806/3802 3807/3803
f 3808/3804 3809/3805 3810/3806
f 3800/3796 3802/3798 3803/3799
f 3805/3801 3807/3803 3808/3804
f 3810/3806 3800/3796 3803/3799
f 3805/3801 3808/3804 3810/3806
f 3810/3806 3803/3799 3805/3801
f 3801/3797 3790/3786 3802/3798
f 3790/3786 3801/3797 3791/3787
f 3802/3798 3792/3788 3803/3799
f 3792/3788 3802/3798 3790/3786
f 3803/3799 3794/3790 3804/3800
f 3794/3790 3803/3799 3792/3788
f 3804/3800 3793/3789 3805/3801
f 3793/3789 3804/3800 3794/3790
f 3805/3801 3796/3792 3806/3802
f 3796/3792 3805/3801 3793/3789
f 3806/3802 3795/3791 3807/3803
f 3795/3791 3806/3802 3796/3792
f 3807/3803 3797/3793 3808/3804
f 3797/3793 3807/3803 3795/3791
f 3808/3804 3799/3795 3809/3805
f 3799/3795 3808/3804 3797/3793
f 3809/3805 3798/3794 3810/3806
f 3798/3794 3809/3805 3799/3795
f 3810/3806 3789/3785 3800/3796
f 3789/3785 3810/3806 3798/3794
f 3800/3796 3791/3787 3801/3797
f 3791/3787 3800/3796 3789/3785
f 3811/3807 3812/3808 3813/3809
f 3812/3808 3814/3810 3815/3811
f 3814/3810 3816/3812 3817/3813
f 3816/3812 3818/3814 3819/3815
f 3818/3814 3811/3807 3820/3816
f 3811/3807 3814/3810 3812/3808
f 3814/3810 3818/3814 3816/3812
f 3818/3814 3814/3810 3811/3807
f 3821/3817 3822/3818 3823/3819
f 3823/3819 3824/3820 3825/3821
f 3825/3821 3826/3822 3827/3823
f 3827/3823 3828/3824 3829/3825
f 3829/3825 3830/3826 3821/3817
f 3821/3817 3823/3819 3825/3821
f 3825/3821 3827/3823 3829/3825
f 3829/3825 3821/3817 3825/3821
f 3822/3818 3812/3808 3823/3819
f 3812/3808 3822/3818 3813/3809
f 3823/3819 3815/3811 3824/3820
f 3815/3811 3823/3819 3812/3808
f 3824/3820 3814/3810 3825/3821
f 3814/3810 3824/3820 3815/3811
f 3825/3821 3817/3813 3826/3822
f 3817/3813 3825/3821 3814/3810
f 3826/3822 3816/3812 3827/3823
f 3816/3812 3826/3822 3817/3813
f 3827/3823 3819/3815 3828/3824
f 3819/3815 3827/3823 3816/3812
f 3828/3824 3818/3814 3829/3825
f 3818/3814 3828/3824 3819/3815
f 3829/3825 3820/3816 3830/3826
f 3820/3816 3829/3825 3818/3814
f 3830/3826 3811/3807 3821/3817
f 3811/3807 3830/3826 3820/3816
f 3821/3817 3813/3809 3822/3818
f 3813/3809 3821/3817 3811/3807
f 3831/3827 3832/3828 3833/3829
f 3834/3830 3835/3831 3836/3832
f 3837/3833 3838/3834 3839/3835
f 3838/3834 3831/3827 3840/3836
f 3831/3827 3834/3830 3832/3828
f 3834/3830 3837/3833 3835/3831
f 3837/3833 3831/3827 3838/3834
f 3831/3827 3837/3833 3834/3830
f 3841/3837 3842/3838 3843/3839
f 3844/3840 3845/3841 3846/3842
f 3847/3843 3848/3844 3849/3845
f 3849/3845 3850/3846 3841/3837
f 3841/3837 3843/3839 3844/3840
f 3844/3840 3846/3842 3847/3843
f 3847/3843 3849/3845 3841/3837
f 3841/3837 3844/3840 3847/3843
f 3842/3838 3832/3828 3843/3839
f 3832/3828 3842/3838 3833/3829
f 3843/3839 3834/3830 3844/3840
f 3834/3830 3843/3839 3832/3828
f 3844/3840 3836/3832 3845/3841
f 3836/3832 3844/3840 3834/3830
f 3845/3841 3835/3831 3846/3842
f 3835/3831 3845/3841 3836/3832
f 3846/3842 3837/3833 3847/3843
f 3837/3833 3846/3842 3835/3831
f 3847/3843 3839/3835 3848/3844
f 3839/3835 3847/3843 3837/3833
f 3848/3844 3838/3834 3849/3845
f 3838/3834 3848/3844 3839/3835
f 3849/3845 3840/3836 3850/3846
f 3840/3836 3849/3845 3838/3834
f 3850/3846 3831/3827 3841/3837
f 3831/3827 3850/3846 3840/3836
f 3841/3837 3833/3829 3842/3838
f 3833/3829 3841/3837 3831/3827
f 3851/3847 3852/3848 3853/3849
f 3852/3848 3854/3850 3855/3851
f 3854/3850 3856/3852 3857/3853
f 3856/3852 3858/3854 3859/3855
f 3860/3856 3852/3848 3851/3847
f 3852/3848 3856/3852 3854/3850
f 3856/3852 3860/3856 3858/3854
f 3860/3856 3856/3852 3852/3848
f 3861/3857 3862/3858 3863/3859
f 3863/3859 3864/3860 3865/3861
f 3865/3861 3866/3862 3867/3863
f 3867/3863 3868/3864 3869/3865
f 3870/3866 3861/3857 3863/3859
f 3863/3859 3865/3861 3867/3863
f 3867/3863 3869/3865 3870/3866
f 3870/3866 3863/3859 3867/3863
f 3862/3858 3852/3848 3863/3859
f 3852/3848 3862/3858 3853/3849
f 3863/3859 3855/3851 3864/3860
f 3855/3851 3863/3859 3852/3848
f 3864/3860 3854/3850 3865/3861
f 3854/3850 3864/3860 3855/3851
f 3865/3861 3857/3853 3866/3862
f 3857/3853 3865/3861 3854/3850
f 3866/3862 3856/3852 3867/3863
f 3856/3852 3866/3862 3857/3853
f 3867/3863 3859/3855 3868/3864
f 3859/3855 3867/3863 3856/3852
f 3868/3864 3858/3854 3869/3865
f 3858/3854 3868/3864 3859/3855
f 3869/3865 3860/3856 3870/3866
f 3860/3856 3869/3865 3858/3854
f 3870/3866 3851/3847 3861/3857
f 3851/3847 3870/3866 3860/3856
f 3861/3857 3853/3849 3862/3858
f 3853/3849 3861/3857 3851/3847
f 3871/3867 3872/3868 3873/3869
f 3872/3868 3874/3870 3875/3871
f 3874/3870 3876/3872 3877/3873
f 3876/3872 3871/3867 3878/3874
f 3871/3867 3874/3870 3872/3868
f 3874/3870 3871/3867 3876/3872
f 3879/3875 3880/3876 3881/3877
f 3881/3877 3882/3878 3883/3879
f 3883/3879 3884/3880 3885/3881
f 3885/3881 3886/3882 3879/3875
f 3879/3875 3881/3877 3883/3879
f 3883/3879 3885/3881 3879/3875
f 3880/3876 3872/3868 3881/3877
f 3872/3868 3880/3876 3873/3869
f 3881/3877 3875/3871 3882/3878
f 3875/3871 3881/3877 3872/3868
f 3882/3878 3874/3870 3883/3879
f 3874/3870 3882/3878 3875/3871
f 3883/3879 3877/3873 3884/3880
f 3877/3873 3883/3879 3874/3870
f 3884/3880 3876/3872 3885/3881
f 3876/3872 3884/3880 3877/3873
f 3885/3881 3878/3874 3886/3882
f 3878/3874 3885/3881 3876/3872
f 3886/3882 3871/3867 3879/3875
f 3871/3867 3886/3882 3878/3874
f 3879/3875 3873/3869 3880/3876
f 3873/3869 3879/3875 3871/3867
f 3887/3883 3888/3884 3889/3885
f 3889/3885 3890/3886 3891/3887
f 3891/3887 3892/3888 3893/3889
f 3893/3889 3894/3890 3887/3883
f 3887/3883 3889/3885 3891/3887
f 3891/3887 3893/3889 3887/3883
f 3895/3891 3896/3892 3897/3893
f 3896/3892 3898/3894 3899/3895
f 3898/3894 3900/3896 3901/3897
f 3900/3896 3895/3891 3902/3898
f 3895/3891 3898/3894 3896/3892
f 3898/3894 3895/3891 3900/3896
f 3897/3893 3896/3892 3889/3885
f 3889/3885 3888/3884 3897/3893
f 3896/3892 3899/3895 3890/3886
f 3890/3886 3889/3885 3896/3892
f 3899/3895 3898/3894 3891/3887
f 3891/3887 3890/3886 3899/3895
f 3898/3894 3901/3897 3892/3888
f 3892/3888 3891/3887 3898/3894
f 3901/3897 3900/3896 3893/3889
f 3893/3889 3892/3888 3901/3897
f 3900/3896 3902/3898 3894/3890
f 3894/3890 3893/3889 3900/3896
f 3902/3898 3895/3891 3887/3883
f 3887/3883 3894/3890 3902/3898
f 3895/3891 3897/3893 3888/3884
f 3888/3884 3887/3883 3895/3891
f 3903/3899 3904/3900 3905/3901
f 3905/3901 3906/3902 3907/3903
f 3907/3903 3908/3904 3909/3905
f 3909/3905 3910/3906 3903/3899
f 3903/3899 3905/3901 3907/3903
f 3907/3903 3909/3905 3903/3899
f 3911/3907 3912/3908 3913/3909
f 3912/3908 3914/3910 3915/3911
f 3914/3910 3916/3912 3917/3913
f 3916/3912 3911/3907 3918/3914
f 3911/3907 3914/3910 3912/3908
f 3914/3910 3911/3907 3916/3912
f 3913/3909 3912/3908 3905/3901
f 3905/3901 3904/3900 3913/3909
f 3912/3908 3915/3911 3906/3902
f 3906/3902 3905/3901 3912/3908
f 3915/3911 3914/3910 3907/3903
f 3907/3903 3906/3902 3915/3911
f 3914/3910 3917/3913 3908/3904
f 3908/3904 3907/3903 3914/3910
f 3917/3913 3916/3912 3909/3905
f 3909/3905 3908/3904 3917/3913
f 3916/3912 3918/3914 3910/3906
f 3910/3906 3909/3905 3916/3912
f 3918/3914 3911/3907 3903/3899
f 3903/3899 3910/3906 3918/3914
f 3911/3907 3913/3909 3904/3900
f 3904/3900 3903/3899 3911/3907
f 3919/3915 3920/3916 3921/3917
f 3920/3916 3922/3918 3923/3919
f 3924/3920 3925/3921 3926/3922
f 3925/3921 3927/3923 3928/3924
f 3920/3916 3924/3920 3922/3918
f 3924/3920 3927/3923 3925/3921
f 3919/3915 3924/3920 3920/3916
f 3924/3920 3919/3915 3927/3923
f 3929/3925 3930/3926 3931/3927
f 3931/3927 3932/3928 3933/3929
f 3934/3930 3935/3931 3936/3932
f 3936/3932 3937/3933 3938/3934
f 3931/3927 3933/3929 3934/3930
f 3934/3930 3936/3932 3938/3934
f 3929/3925 3931/3927 3934/3930
f 3934/3930 3938/3934 3929/3925
f 3930/3926 3920/3916 3931/3927
f 3920/3916 3930/3926 3921/3917
f 3931/3927 3923/3919 3932/3928
f 3923/3919 3931/3927 3920/3916
f 3932/3928 3922/3918 3933/3929
f 3922/3918 3932/3928 3923/3919
f 3933/3929 3924/3920 3934/3930
f 3924/3920 3933/3929 3922/3918
f 3934/3930 3926/3922 3935/3931
f 3926/3922 3934/3930 3924/3920
f 3935/3931 3925/3921 3936/3932
f 3925/3921 3935/3931 3926/3922
f 3936/3932 3928/3924 3937/3933
f 3928/3924 3936/3932 3925/3921
f 3937/3933 3927/3923 3938/3934
f 3927/3923 3937/3933 3928/3924
f 3938/3934 3919/3915 3929/3925
f 3919/3915 3938/3934 3927/3923
f 3929/3925 3921/3917 3930/3926
f 3921/3917 3929/3925 3919/3915
f 3939/3935 3940/3936 3941/3937
f 3941/3937 3942/3938 3943/3939
f 3943/3939 3944/3940 3945/3941
f 3945/3941 3946/3942 3939/3935
f 3939/3935 3941/3937 3943/3939
f 3943/3939 3945/3941 3939/3935
f 3947/3943 3948/3944 3949/3945
f 3948/3944 3950/3946 3951/3947
f 3950/3946 3952/3948 3953/3949
f 3952/3948 3947/3943 3954/3950
f 3947/3943 3950/3946 3948/3944
f 3950/3946 3947/3943 3952/3948
f 3949/3945 3948/3944 3941/3937
f 3941/3937 3940/3936 3949/3945
f 3948/3944 3951/3947 3942/3938
f 3942/3938 3941/3937 3948/3944
f 3951/3947 3950/3946 3943/3939
f 3943/3939 3942/3938 3951/3947
f 3950/3946 3953/3949 3944/3940
f 3944/3940 3943/3939 3950/3946
f 3953/3949 3952/3948 3945/3941
f 3945/3941 3944/3940 3953/3949
f 3952/3948 3954/3950 3946/3942
f 3946/3942 3945/3941 3952/3948
f 3954/3950 3947/3943 3939/3935
f 3939/3935 3946/3942 3954/3950
f 3947/3943 3949/3945 3940/3936
f 3940/3936 3939/3935 3947/3943
f 3955/3951 3956/3952 3957/3953
f 3956/3952 3958/3954 3959/3955
f 3958/3954 3960/3956 3961/3957
f 3960/3956 3955/3951 3962/3958
f 3955/3951 3958/3954 3956/3952
f 3958/3954 3955/3951 3960/3956
f 3963/3959 3964/3960 3965/3961
f 3965/3961 3966/3962 3967/3963
f 3967/3963 3968/3964 3969/3965
f 3969/3965 3970/3966 3963/3959
f 3963/3959 3965/3961 3967/3963
f 3967/3963 3969/3965 3963/3959
f 3964/3960 3956/3952 3965/3961
f 3956/3952 3964/3960 3957/3953
f 3965/3961 3959/3955 3966/3962
f 3959/3955 3965/3961 3956/3952
f 3966/3962 3958/3954 3967/3963
f 3958/3954 3966/3962 3959/3955
f 3967/3963 3961/3957 3968/3964
f 3961/3957 3967/3963 3958/3954
f 3968/3964 3960/3956 3969/3965
f 3960/3956 3968/3964 3961/3957
f 3969/3965 3962/3958 3970/3966
f 3962/3958 3969/3965 3960/3956
f 3970/3966 3955/3951 3963/3959
f 3955/3951 3970/3966 3962/3958
f 3963/3959 3957/3953 3964/3960
f 3957/3953 3963/3959 3955/3951
f 3971/3967 3972/3968 3973/3969
f 3973/3969 3974/3970 3975/3971
f 3976/3972 3977/3973 3978/3974
f 3978/3974 3971/3967 3973/3969
f 3973/3969 3975/3971 3976/3972
f 3976/3972 3978/3974 3973/3969
f 3979/3975 3980/3976 3981/3977
f 3980/3976 3982/3978 3983/3979
f 3984/3980 3985/3981 3986/3982
f 3985/3981 3980/3976 3979/3975
f 3980/3976 3984/3980 3982/3978
f 3984/3980 3980/3976 3985/3981
f 3981/3977 3980/3976 3973/3969
f 3973/3969 3972/3968 3981/3977
f 3980/3976 3983/3979 3974/3970
f 3974/3970 3973/3969 3980/3976
f 3983/3979 3982/3978 3975/3971
f 3975/3971 3974/3970 3983/3979
f 3982/3978 3984/3980 3976/3972
f 3976/3972 3975/3971 3982/3978
f 3984/3980 3986/3982 3977/3973
f 3977/3973 3976/3972 3984/3980
f 3986/3982 3985/3981 3978/3974
f 3978/3974 3977/3973 3986/3982
f 3985/3981 3979/3975 3971/3967
f 3971/3967 3978/3974 3985/3981
f 3979/3975 3981/3977 3972/3968
f 3972/3968 3971/3967 3979/3975
f 3987/3983 3988/3984 3989/3985
f 3989/3985 3990/3986 3991/3987
f 3992/3988 3993/3989 3994/3990
f 3994/3990 3987/3983 3989/3985
f 3989/3985 3991/3987 3992/3988
f 3992/3988 3994/3990 3989/3985
f 3995/3991 3996/3992 3997/3993
f 3996/3992 3998/3994 3999/3995
f 4000/3996 4001/3997 4002/3998
f 4001/3997 3996/3992 3995/3991
f 3996/3992 4000/3996 3998/3994
f 4000/3996 3996/3992 4001/3997
f 3997/3993 3996/3992 3989/3985
f 3989/3985 3988/3984 3997/3993
f 3996/3992 3999/3995 3990/3986
f 3990/3986 3989/3985 3996/3992
f 3999/3995 3998/3994 3991/3987
f 3991/3987 3990/3986 3999/3995
f 3998/3994 4000/3996 3992/3988
f 3992/3988 3991/3987 3998/3994
f 4000/3996 4002/3998 3993/3989
f 3993/3989 3992/3988 4000/3996
f 4002/3998 4001/3997 3994/3990
f 3994/3990 3993/3989 4002/3998
f 4001/3997 3995/3991 3987/3983
f 3987/3983 3994/3990 4001/3997
f 3995/3991 3997/3993 3988/3984
f 3988/3984 3987/3983 3995/3991
f 4003/3999 4004/4000 4005/4001
f 4006/4002 4007/4003 4008/4004
f 4007/4003 4009/4005 4010/4006
f 4011/4007 4004/4000 4003/3999
f 4007/4003 4012/4008 4009/4005
f 4012/4008 4004/4000 4011/4007
f 4006/4002 4012/4008 4007/4003
f 4012/4008 4006/4002 4004/4000
f 4013/4009 4014/4010 4015/4011
f 4016/4012 4017/4013 4018/4014
f 4018/4014 4019/4015 4020/4016
f 4021/4017 4013/4009 4015/4011
f 4018/4014 4020/4016 4022/4018
f 4022/4018 4021/4017 4015/4011
f 4016/4012 4018/4014 4022/4018
f 4022/4018 4015/4011 4016/4012
f 4014/4010 4004/4000 4015/4011
f 4004/4000 4014/4010 4005/4001
f 4015/4011 4006/4002 4016/4012
f 4006/4002 4015/4011 4004/4000
f 4016/4012 4008/4004 4017/4013
f 4008/4004 4016/4012 4006/4002
f 4017/4013 4007/4003 4018/4014
f 4007/4003 4017/4013 4008/4004
f 4018/4014 4010/4006 4019/4015
f 4010/4006 4018/4014 4007/4003
f 4019/4015 4009/4005 4020/4016
f 4009/4005 4019/4015 4010/4006
f 4020/4016 4012/4008 4022/4018
f 4012/4008 4020/4016 4009/4005
f 4022/4018 4011/4007 4021/4017
f 4011/4007 4022/4018 4012/4008
f 4021/4017 4003/3999 4013/4009
f 4003/3999 4021/4017 4011/4007
f 4013/4009 4005/4001 4014/4010
f 4005/4001 4013/4009 4003/3999
f 4023/4019 4024/4020 4025/4021
f 4026/4022 4027/4023 4028/4024
f 4027/4023 4029/4025 4030/4026
f 4029/4025 4031/4027 4032/4028
f 4031/4027 4033/4029 4034/4030
f 4033/4029 4024/4020 4023/4019
f 4026/4022 4029/4025 4027/4023
f 4029/4025 4033/4029 4031/4027
f 4033/4029 4026/4022 4024/4020
f 4026/4022 4033/4029 4029/4025
f 4035/4031 4036/4032 4037/4033
f 4038/4034 4039/4035 4040/4036
f 4040/4036 4041/4037 4042/4038
f 4042/4038 4043/4039 4044/4040
f 4044/4040 4045/4041 4046/4042
f 4046/4042 4035/4031 4037/4033
f 4038/4034 4040/4036 4042/4038
f 4042/4038 4044/4040 4046/4042
f 4046/4042 4037/4033 4038/4034
f 4038/4034 4042/4038 4046/4042
f 4036/4032 4024/4020 4037/4033
f 4024/4020 4036/4032 4025/4021
f 4037/4033 4026/4022 4038/4034
f 4026/4022 4037/4033 4024/4020
f 4038/4034 4028/4024 4039/4035
f 4028/4024 4038/4034 4026/4022
f 4039/4035 4027/4023 4040/4036
f 4027/4023 4039/4035 4028/4024
f 4040/4036 4030/4026 4041/4037
f 4030/4026 4040/4036 4027/4023
f 4041/4037 4029/4025 4042/4038
f 4029/4025 4041/4037 4030/4026
f 4042/4038 4032/4028 4043/4039
f 4032/4028 4042/4038 4029/4025
f 4043/4039 4031/4027 4044/4040
f 4031/4027 4043/4039 4032/4028
f 4044/4040 4034/4030 4045/4041
f 4034/4030 4044/4040 4031/4027
f 4045/4041 4033/4029 4046/4042
f 4033/4029 4045/4041 4034/4030
f 4046/4042 4023/4019 4035/4031
f 4023/4019 4046/4042 4033/4029
f 4035/4031 4025/4021 4036/4032
f 4025/4021 4035/4031 4023/4019
f 4047/4043 4048/4044 4049/4045
f 4049/4045 4050/4046 4051/4047
f 4052/4048 4053/4049 4054/4050
f 4055/4051 4056/4052 4057/4053
f 4057/4053 4058/4054 4059/4055
f 4059/4055 4060/4056 4047/4043
f 4047/4043 4049/4045 4051/4047
f 4052/4048 4054/4050 4055/4051
f 4057/4053 4059/4055 4047/4043
f 4047/4043 4051/4047 4052/4048
f 4052/4048 4055/4051 4057/4053
f 4057/4053 4047/4043 4052/4048
f 4061/4057 4062/4058 4063/4059
f 4062/4058 4064/4060 4065/4061
f 4066/4062 4067/4063 4068/4064
f 4069/4065 4070/4066 4071/4067
f 4070/4066 4072/4068 4073/4069
f 4072/4068 4061/4057 4074/4070
f 4061/4057 4064/4060 4062/4058
f 4066/4062 4069/4065 4067/4063
f 4070/4066 4061/4057 4072/4068
f 4061/4057 4066/4062 4064/4060
f 4066/4062 4070/4066 4069/4065
f 4070/4066 4066/4062 4061/4057
f 4063/4059 4062/4058 4049/4045
f 4049/4045 4048/4044 4063/4059
f 4062/4058 4065/4061 4050/4046
f 4050/4046 4049/4045 4062/4058
f 4065/4061 4064/4060 4051/4047
f 4051/4047 4050/4046 4065/4061
f 4064/4060 4066/4062 4052/4048
f 4052/4048 4051/4047 4064/4060
f 4066/4062 4068/4064 4053/4049
f 4053/4049 4052/4048 4066/4062
f 4068/4064 4067/4063 4054/4050
f 4054/4050 4053/4049 4068/4064
f 4067/4063 4069/4065 4055/4051
f 4055/4051 4054/4050 4067/4063
f 4069/4065 4071/4067 4056/4052
f 4056/4052 4055/4051 4069/4065
f 4071/4067 4070/4066 4057/4053
f 4057/4053 4056/4052 4071/4067
f 4070/4066 4073/4069 4058/4054
f 4058/4054 4057/4053 4070/4066
f 4073/4069 4072/4068 4059/4055
f 4059/4055 4058/4054 4073/4069
f 4072/4068 4074/4070 4060/4056
f 4060/4056 4059/4055 4072/4068
f 4074/4070 4061/4057 4047/4043
f 4047/4043 4060/4056 4074/4070
f 4061/4057 4063/4059 4048/4044
f 4048/4044 4047/4043 4061/4057
f 4075/4071 4076/4072 4077/4073
f 4077/4073 4078/4074 4079/4075
f 4080/4076 4081/4077 4082/4078
f 4083/4079 4084/4080 4085/4081
f 4086/4082 4087/4083 4088/4084
f 4075/4071 4077/4073 4079/4075
f 4080/4076 4082/4078 4083/4079
f 4083/4079 4085/4081 4086/4082
f 4086/4082 4088/4084 4075/4071
f 4075/4071 4079/4075 4080/4076
f 4080/4076 4083/4079 4086/4082
f 4086/4082 4075/4071 4080/4076
f 4089/4085 4090/4086 4091/4087
f 4090/4086 4092/4088 4093/4089
f 4094/4090 4095/4091 4096/4092
f 4097/4093 4098/4094 4099/4095
f 4100/4096 4101/4097 4102/4098
f 4089/4085 4092/4088 4090/4086
f 4094/4090 4097/4093 4095/4091
f 4097/4093 4100/4096 4098/4094
f 4100/4096 4089/4085 4101/4097
f 4089/4085 4094/4090 4092/4088
f 4094/4090 4100/4096 4097/4093
f 4100/4096 4094/4090 4089/4085
f 4091/4087 4090/4086 4077/4073
f 4077/4073 4076/4072 4091/4087
f 4090/4086 4093/4089 4078/4074
f 4078/4074 4077/4073 4090/4086
f 4093/4089 4092/4088 4079/4075
f 4079/4075 4078/4074 4093/4089
f 4092/4088 4094/4090 4080/4076
f 4080/4076 4079/4075 4092/4088
f 4094/4090 4096/4092 4081/4077
f 4081/4077 4080/4076 4094/4090
f 4096/4092 4095/4091 4082/4078
f 4082/4078 4081/4077 4096/4092
f 4095/4091 4097/4093 4083/4079
f 4083/4079 4082/4078 4095/4091
f 4097/4093 4099/4095 4084/4080
f 4084/4080 4083/4079 4097/4093
f 4099/4095 4098/4094 4085/4081
f 4085/4081 4084/4080 4099/4095
f 4098/4094 4100/4096 4086/4082
f 4086/4082 4085/4081 4098/4094
f 4100/4096 4102/4098 4087/4083
f 4087/4083 4086/4082 4100/4096
f 4102/4098 4101/4097 4088/4084
f 4088/4084 4087/4083 4102/4098
f 4101/4097 4089/4085 4075/4071
f 4075/4071 4088/4084 4101/4097
f 4089/4085 4091/4087 4076/4072
f 4076/4072 4075/4071 4089/4085
f 4103/4099 4104/4100 4105/4101
f 4106/4102 4107/4103 4108/4104
f 4108/4104 4109/4105 4110/4106
f 4111/4107 4112/4108 4103/4099
f 4103/4099 4105/4101 4106/4102
f 4106/4102 4108/4104 4110/4106
f 4111/4107 4103/4099 4106/4102
f 4106/4102 4110/4106 4111/4107
f 4113/4109 4114/4110 4115/4111
f 4116/4112 4117/4113 4118/4114
f 4117/4113 4119/4115 4120/4116
f 4121/4117 4113/4109 4122/4118
f 4113/4109 4116/4112 4114/4110
f 4116/4112 4119/4115 4117/4113
f 4121/4117 4116/4112 4113/4109
f 4116/4112 4121/4117 4119/4115
f 4115/4111 4114/4110 4105/4101
f 4105/4101 4104/4100 4115/4111
f 4114/4110 4116/4112 4106/4102
f 4106/4102 4105/4101 4114/4110
f 4116/4112 4118/4114 4107/4103
f 4107/4103 4106/4102 4116/4112
f 4118/4114 4117/4113 4108/4104
f 4108/4104 4107/4103 4118/4114
f 4117/4113 4120/4116 4109/4105
f 4109/4105 4108/4104 4117/4113
f 4120/4116 4119/4115 4110/4106
f 4110/4106 4109/4105 4120/4116
f 4119/4115 4121/4117 4111/4107
f 4111/4107 4110/4106 4119/4115
f 4121/4117 4122/4118 4112/4108
f 4112/4108 4111/4107 4121/4117
f 4122/4118 4113/4109 4103/4099
f 4103/4099 4112/4108 4122/4118
f 4113/4109 4115/4111 4104/4100
f 4104/4100 4103/4099 4113/4109
f 4123/4119 4124/4120 4125/4121
f 4126/4122 4127/4123 4128/4124
f 4129/4125 4130/4126 4131/4127
f 4130/4126 4132/4128 4133/4129
f 4132/4128 4123/4119 4134/4130
f 4123/4119 4126/4122 4124/4120
f 4126/4122 4129/4125 4127/4123
f 4129/4125 4132/4128 4130/4126
f 4132/4128 4126/4122 4123/4119
f 4126/4122 4132/4128 4129/4125
f 4135/4131 4136/4132 4137/4133
f 4138/4134 4139/4135 4140/4136
f 4141/4137 4142/4138 4143/4139
f 4143/4139 4144/4140 4145/4141
f 4145/4141 4146/4142 4135/4131
f 4135/4131 4137/4133 4138/4134
f 4138/4134 4140/4136 4141/4137
f 4141/4137 4143/4139 4145/4141
f 4145/4141 4135/4131 4138/4134
f 4138/4134 4141/4137 4145/4141
f 4136/4132 4124/4120 4137/4133
f 4124/4120 4136/4132 4125/4121
f 4137/4133 4126/4122 4138/4134
f 4126/4122 4137/4133 4124/4120
f 4138/4134 4128/4124 4139/4135
f 4128/4124 4138/4134 4126/4122
f 4139/4135 4127/4123 4140/4136
f 4127/4123 4139/4135 4128/4124
f 4140/4136 4129/4125 4141/4137
f 4129/4125 4140/4136 4127/4123
f 4141/4137 4131/4127 4142/4138
f 4131/4127 4141/4137 4129/4125
f 4142/4138 4130/4126 4143/4139
f 4130/4126 4142/4138 4131/4127
f 4143/4139 4133/4129 4144/4140
f 4133/4129 4143/4139 4130/4126
f 4144/4140 4132/4128 4145/4141
f 4132/4128 4144/4140 4133/4129
f 4145/4141 4134/4130 4146/4142
f 4134/4130 4145/4141 4132/4128
f 4146/4142 4123/4119 4135/4131
f 4123/4119 4146/4142 4134/4130
f 4135/4131 4125/4121 4136/4132
f 4125/4121 4135/4131 4123/4119
f 4147/4143 4148/4144 4149/4145
f 4149/4145 4150/4146 4151/4147
f 4151/4147 4152/4148 4153/4149
f 4154/4150 4155/4151 4156/4152
f 4156/4152 4157/4153 4158/4154
f 4158/4154 4159/4155 4160/4156
f 4160/4156 4161/4157 4147/4143
f 4147/4143 4149/4145 4151/4147
f 4151/4147 4153/4149 4154/4150
f 4154/4150 4156/4152 4158/4154
f 4158/4154 4160/4156 4147/4143
f 4147/4143 4151/4147 4154/4150
f 4154/4150 4158/4154 4147/4143
f 4162/4158 4163/4159 4164/4160
f 4163/4159 4165/4161 4166/4162
f 4165/4161 4167/4163 4168/4164
f 4169/4165 4170/4166 4171/4167
f 4170/4166 4172/4168 4173/4169
f 4172/4168 4174/4170 4175/4171
f 4174/4170 4162/4158 4176/4172
f 4162/4158 4165/4161 4163/4159
f 4165/4161 4169/4165 4167/4163
f 4169/4165 4172/4168 4170/4166
f 4172/4168 4162/4158 4174/4170
f 4162/4158 4169/4165 4165/4161
f 4169/4165 4162/4158 4172/4168
f 4164/4160 4163/4159 4149/4145
f 4149/4145 4148/4144 4164/4160
f 4163/4159 4166/4162 4150/4146
f 4150/4146 4149/4145 4163/4159
f 4166/4162 4165/4161 4151/4147
f 4151/4147 4150/4146 4166/4162
f 4165/4161 4168/4164 4152/4148
f 4152/4148 4151/4147 4165/4161
f 4168/4164 4167/4163 4153/4149
f 4153/4149 4152/4148 4168/4164
f 4167/4163 4169/4165 4154/4150
f 4154/4150 4153/4149 4167/4163
f 4169/4165 4171/4167 4155/4151
f 4155/4151 4154/4150 4169/4165
f 4171/4167 4170/4166 4156/4152
f 4156/4152 4155/4151 4171/4167
f 4170/4166 4173/4169 4157/4153
f 4157/4153 4156/4152 4170/4166
f 4173/4169 4172/4168 4158/4154
f 4158/4154 4157/4153 4173/4169
f 4172/4168 4175/4171 4159/4155
f 4159/4155 4158/4154 4172/4168
f 4175/4171 4174/4170 4160/4156
f 4160/4156 4159/4155 4175/4171
f 4174/4170 4176/4172 4161/4157
f 4161/4157 4160/4156 4174/4170
f 4176/4172 4162/4158 4147/4143
f 4147/4143 4161/4157 4176/4172
f 4162/4158 4164/4160 4148/4144
f 4148/4144 4147/4143 4162/4158
f 4177/4173 4178/4174 4179/4175
f 4179/4175 4180/4176 4177/4173
f 4181/4177 4182/4178 4183/4179
f 4182/4178 4181/4177 4184/4180
f 4183/4179 4182/4178 4179/4175
f 4179/4175 4178/4174 4183/4179
f 4182/4178 4184/4180 4180/4176
f 4180/4176 4179/4175 4182/4178
f 4184/4180 4181/4177 4177/4173
f 4177/4173 4180/4176 4184/4180
f 4181/4177 4183/4179 4178/4174
f 4178/4174 4177/4173 4181/4177
f 4185/4181 4186/4182 4187/4183
f 4187/4183 4188/4184 4189/4185
f 4190/4186 4191/4187 4192/4188
f 4193/4189 4194/4190 4195/4191
f 4196/4192 4185/4181 4187/4183
f 4187/4183 4189/4185 4190/4186
f 4190/4186 4192/4188 4193/4189
f 4193/4189 4195/4191 4196/4192
f 4196/4192 4187/4183 4190/4186
f 4190/4186 4193/4189 4196/4192
f 4197/4193 4198/4194 4199/4195
f 4198/4194 4200/4196 4201/4197
f 4202/4198 4203/4199 4204/4200
f 4205/4201 4206/4202 4207/4203
f 4208/4204 4198/4194 4197/4193
f 4198/4194 4202/4198 4200/4196
f 4202/4198 4205/4201 4203/4199
f 4205/4201 4208/4204 4206/4202
f 4208/4204 4202/4198 4198/4194
f 4202/4198 4208/4204 4205/4201
f 4199/4195 4198/4194 4187/4183
f 4187/4183 4186/4182 4199/4195
f 4198/4194 4201/4197 4188/4184
f 4188/4184 4187/4183 4198/4194
f 4201/4197 4200/4196 4189/4185
f 4189/4185 4188/4184 4201/4197
f 4200/4196 4202/4198 4190/4186
f 4190/4186 4189/4185 4200/4196
f 4202/4198 4204/4200 4191/4187
f 4191/4187 4190/4186 4202/4198
f 4204/4200 4203/4199 4192/4188
f 4192/4188 4191/4187 4204/4200
f 4203/4199 4205/4201 4193/4189
f 4193/4189 4192/4188 4203/4199
f 4205/4201 4207/4203 4194/4190
f 4194/4190 4193/4189 4205/4201
f 4207/4203 4206/4202 4195/4191
f 4195/4191 4194/4190 4207/4203
f 4206/4202 4208/4204 4196/4192
f 4196/4192 4195/4191 4206/4202
f 4208/4204 4197/4193 4185/4181
f 4185/4181 4196/4192 4208/4204
f 4197/4193 4199/4195 4186/4182
f 4186/4182 4185/4181 4197/4193
f 4209/4205 4210/4206 4211/4207
f 4211/4207 4212/4208 4209/4205
f 4213/4209 4214/4210 4215/4211
f 4214/4210 4213/4209 4216/4212
f 4215/4211 4214/4210 4211/4207
f 4211/4207 4210/4206 4215/4211
f 4214/4210 4216/4212 4212/4208
f 4212/4208 4211/4207 4214/4210
f 4216/4212 4213/4209 4209/4205
f 4209/4205 4212/4208 4216/4212
f 4213/4209 4215/4211 4210/4206
f 4210/4206 4209/4205 4213/4209
f 4217/4213 4218/4214 4219/4215
f 4219/4215 4220/4216 4221/4217
f 4221/4217 4217/4213 4219/4215
f 4222/4218 4223/4219 4224/4220
f 4223/4219 4225/4221 4226/4222
f 4225/4221 4223/4219 4222/4218
f 4224/4220 4223/4219 4219/4215
f 4219/4215 4218/4214 4224/4220
f 4223/4219 4226/4222 4220/4216
f 4220/4216 4219/4215 4223/4219
f 4226/4222 4225/4221 4221/4217
f 4221/4217 4220/4216 4226/4222
f 4225/4221 4222/4218 4217/4213
f 4217/4213 4221/4217 4225/4221
f 4222/4218 4224/4220 4218/4214
f 4218/4214 4217/4213 4222/4218
